"City Pair wise  Passenger, Freight & Mail Traffic Statistics For March 2025 (Provisional)
( Scheduled Domestic Services )",Unnamed: 1,Unnamed: 2,Unnamed: 3,Unnamed: 4,Unnamed: 5,Unnamed: 6,Unnamed: 7,Unnamed: 8,Unnamed: 9,Unnamed: 10,Unnamed: 11
"Passengers ( In Number ), Freight ( In Tonne ), Mail ( In  Tonne )",,,,,,,,,,,
S.No.,CITY 1,CITY 2,"PASSENGERS 
TO CITY 2","PASSENGERS 
FROM CITY 2","FREIGHT 
TO CITY 2","FREIGHT 
FROM CITY 2","MAIL 
TO CITY 2","MAIL 
FROM CITY 2",,,
1,ADAMPUR,HINDON AIRPORT,1902,1839,0,0,0,0,,,
2,AGARTALA,AHMEDABAD,108,167,0.225,0.618,0,0,,,
3,AGARTALA,BENGALURU,3903,3978,0.951,7.388,0,0.112,,,
4,AGARTALA,CHENNAI,1085,523,0.001,8.631,0,0,,,
5,AGARTALA,DELHI,6175,6862,1.083,36.387,1.659,1.862,,,
6,AGARTALA,DIBRUGARH,727,450,0.081,0,0,0,,,
7,AGARTALA,GUWAHATI,13696,14154,9.671,74.39318,1.414,1.71359,,,
8,AGARTALA,HYDERABAD,2742,2959,0.112,1.514,0,0,,,
9,AGARTALA,IMPHAL,1851,1572,0.132,0.357,0,0,,,  
10,AGARTALA,KOLKATA,30230,30962,15.8765,256.93694999999997,3.486,1.15,,,
11,AGATTI ISLAND,BENGALURU,619,1092,0,0.093,0,0,,,
12,AGATTI ISLAND,Goa,1134,1045,0,0,0,0,,,
13,AGATTI ISLAND,KOCHI,3041,3889,0,0.007,0,0,,,
14,AGATTI ISLAND,KOZHIKODE,27,199,0,0.012,0,0,,,
15,AGRA,AHMEDABAD,1817,1879,0.28,0.012,0,0,,,
16,AGRA,BENGALURU,2755,2879,0.955,3.563,0,0,,,
17,AGRA,HYDERABAD,2025,2100,0.024,0.355,0,0,,,
18,AGRA,MUMBAI,2141,2190,0.045,1.239,0,0,,,
19,AHMEDABAD,Kishangarh,1427,1352,0.006,0,0,0,,,
20,AHMEDABAD,AMRITSAR,4510,4731,0.665,0.529,0.024,0,,,
21,AHMEDABAD,BAGDOGRA,3663,3236,6.384,10.235,0,0,,,
22,AHMEDABAD,BELGAUM,511,511,0,0,0,0,,,
23,AHMEDABAD,BENGALURU,43663,42078,532.6724300000001,287.13056,1.951,5.4418,,,
24,AHMEDABAD,BHOPAL,4069,3920,0.531,0,0.26,1.092,,,
25,AHMEDABAD,BHUBANESWAR,6226,6047,22.475,3.829,1.057,1.144,,,
26,AHMEDABAD,BHUJ,1336,1247,0,0,0,0,,,
27,AHMEDABAD,CHANDIGARH,11517,10949,37.858,20.665,0.859,1.029,,,
28,AHMEDABAD,CHENNAI,17867,18125,203.12666,218.46201,1.632,6.071,,,
29,AHMEDABAD,COIMBATORE,1280,1196,23.757,16.286,0,0.892,,,
30,AHMEDABAD,DABOLIM,10692,10679,44.5432,0.434,0.322,0.165,,,
31,AHMEDABAD,DehraDun,5510,5144,13.099,0.001,0.109,0.211,,,
32,AHMEDABAD,DELHI,109326,105085,1334.4473000000003,1315.2704700000002,12.533879999999998,23.455000000000002,,,
33,AHMEDABAD,DIMAPUR,132,84,0.203,2.295,0,0,,,
34,AHMEDABAD,DIU,2082,2121,0.351,0,0,0,,,
35,AHMEDABAD,DURGAPUR,206,104,0.287,4.242,0,0,,,
36,AHMEDABAD,Goa,19677,18238,49.50681,0.938,0.09,0,,,
37,AHMEDABAD,GUWAHATI,5241,4850,31.794,16.298,1.267,0.591,,,
38,AHMEDABAD,HYDERABAD,26053,24094,187.40036,93.4821,0.593,2.811,,,
39,AHMEDABAD,INDORE,5715,5873,0.464,0.103,0.192,0,,,
40,AHMEDABAD,JAIPUR,11347,10927,5.68175,6.71253,0.228,0,,,
41,AHMEDABAD,JALGAON,353,268,0,0,0,0,,,
42,AHMEDABAD,JAMMU,4524,3995,3.767,0,0.115,0,,,
43,AHMEDABAD,JODHPUR,2015,1994,0,0.001,0.011,0,,,
44,AHMEDABAD,KESHOD,378,180,0,0,0,0,,,
45,AHMEDABAD,KOCHI,6332,5991,38.54,6.233,0.802,2.011,,,
46,AHMEDABAD,KOLHAPUR,775,677,0,0,0,0,,,
47,AHMEDABAD,KOLKATA,24131,20763,229.11442,99.09700000000001,2.817,4.86214,,,
48,AHMEDABAD,LUCKNOW,9909,9515,55.253,14.014,4.035,1.168,,,
49,AHMEDABAD,MUMBAI,87364,81969,935.54657,755.9806199999999,21.482599999999994,43.90129,,,
50,AHMEDABAD,NAGPUR,4387,4306,0.858,0.185,0.126,2.979,,,
51,AHMEDABAD,NANDED,928,1112,0,0,0,0,,,
52,AHMEDABAD,NASIK,2134,2114,0,0,0,0,,,
53,AHMEDABAD,PATNA,9106,8684,49.21604,3.02474,1.985,0.584,,,
54,AHMEDABAD,PUNE,31143,31167,221.53226999999998,119.23135,3.878,1.682,,,
55,AHMEDABAD,RAIPUR,5142,4769,21.844,0,0.92,0,,,
56,AHMEDABAD,RANCHI,6155,5141,15.305,1.933,0.751,0.671,,,
57,AHMEDABAD,SRINAGAR,6481,6383,1.939,0.589,0.446,0.25,,,
58,AHMEDABAD,TRIVANDRUM,1948,2410,3.236,0.016,0.085,0,,,
59,AHMEDABAD,VARANASI,6081,6904,9.44969,4.70725,0.004,0,,,
60,AHMEDABAD,VISAKHAPATNAM,581,809,0.81,24.296,0,0,,,
61,AHMEDABAD,Ayodhya International Airport ,10373,9255,3.46706,0,0,0,,,
62,AIZAWL,BENGALURU,270,202,3.606,3.214,0,0,,,
63,AIZAWL,DELHI,6722,7115,13.898,22.604,0,2.381,,,
64,AIZAWL,GUWAHATI,6291,6328,1.377,15.892,2.66,3.252,,,
65,AIZAWL,IMPHAL,295,255,0,0,0,0,,,
66,AIZAWL,KOLKATA,6044,5597,7.122,11.767,12.797,6.705,,,
67,AIZAWL,SHILLONG,688,604,0,0,0,0,,,
68,Kishangarh,LUCKNOW,523,533,0,0,0,0,,,
69,Kishangarh,NAGPUR,887,932,0,0,0,0,,,
70,Kishangarh,PUNE,1213,1487,0,0,0,0,,,
71,Kishangarh,HINDON AIRPORT,771,734,0,0,0,0,,,
72,PRAYAGRAJ,BENGALURU,3120,3161,0.047,0.167,0.237,1.847,,,
73,PRAYAGRAJ,BHOPAL,194,170,0,0,0,0,,,
74,PRAYAGRAJ,BHUBANESWAR,983,962,0,0.008,0,0,,,
75,PRAYAGRAJ,BILASPUR,455,514,0,0,0,0,,,
76,PRAYAGRAJ,DELHI,6641,6793,0.069,2.145,0,20.191,,,
77,PRAYAGRAJ,HYDERABAD,2171,2211,0.388,0.184,0.159,0,,,
78,PRAYAGRAJ,INDORE,5,29,0,0,0,0,,,
79,PRAYAGRAJ,MUMBAI,12209,12548,0.013,2.846,0.376,2.885,,,
80,PRAYAGRAJ,RAIPUR,1888,1960,0,0,0,0,,,
81,AMRITSAR,BENGALURU,6535,5570,2.225,2.06,0.04,2.316,,,
82,AMRITSAR,DELHI,65075,64468,22.3722,33.0934,0,0,,,
83,AMRITSAR,GUWAHATI,37,110,0,0,0,0,,,
84,AMRITSAR,HYDERABAD,4879,5066,0.872,0.558,0,0.949,,,
85,AMRITSAR,JAIPUR,1459,1463,0,0.2505,0,0,,,
86,AMRITSAR,KOCHI,-,1,-,0,-,0,,,
87,AMRITSAR,KOLKATA,2554,2346,0.794,0.273,0,0,,,
88,AMRITSAR,KULLU,462,296,0,0,0,0,,,
89,AMRITSAR,MUMBAI,12496,11995,9.3275,11.423200000000001,0,2.09063,,,
90,AMRITSAR,PUNE,5355,5014,2.474,4.198,0,0.054,,,
91,AMRITSAR,SIMLA,361,260,0,0,0,0,,,
92,AMRITSAR,SRINAGAR,9574,8863,11.133,0.516,0,0.973,,,
93,AMRITSAR,VARANASI,-,46,-,0,-,0,,,
94,AURANGABAD,BENGALURU,1960,2129,0,0.54,0,0.109,,,
95,AURANGABAD,DABOLIM,562,603,0,0,0,0,,,
96,AURANGABAD,DELHI,11149,11231,0,101.7559,0,7.8500999999999985,,,
97,AURANGABAD,HYDERABAD,4367,3984,0,0.242,0,0.592,,,
98,AURANGABAD,LUCKNOW,178,123,0,0,0,0,,,
99,AURANGABAD,MUMBAI,10330,9916,0,6.145,0,19.071,,,
100,AURANGABAD,NAGPUR,247,331,0,0,0,0,,,
101,BAGDOGRA,BENGALURU,25715,23242,49.89225,80.59048,0,3.8528000000000002,,,
102,BAGDOGRA,BHUBANESWAR,689,723,0,0,0,0,,,
103,BAGDOGRA,CHENNAI,9068,9081,15.841999999999999,11.22,1.279,0.824,,,
104,BAGDOGRA,COIMBATORE,129,-,0,-,0,-,,,
105,BAGDOGRA,DELHI,42926,46793,116.14198999999999,176.79729,0.492,2.174,,,
106,BAGDOGRA,DIBRUGARH,1599,1021,0,0.128,0,0,,,
107,BAGDOGRA,DURGAPUR,622,596,0,0,0,0,,,
108,BAGDOGRA,GUWAHATI,1334,4644,1.07317,9.24144,0,0.4066,,,
109,BAGDOGRA,HYDERABAD,13184,14150,19.134,16.931,0.663,0.306,,,
110,BAGDOGRA,KOLKATA,27803,27763,33.29551,26.497259999999997,12.181,12.061,,,
111,BAGDOGRA,MUMBAI,10296,10383,39.663,67.34407999999999,1.316,4.5143,,,
112,BAGDOGRA,PATNA,21,70,0,0,0,0,,,
113,BAGDOGRA,SRINAGAR,-,2,-,0,-,0,,,
114,BAREILLY,BENGALURU,2202,2161,0,0.01,0,0,,,
115,BAREILLY,MUMBAI,2838,2973,0,0.149,0,0,,,
116,BELGAUM,BENGALURU,3996,3820,0.049,0.141,0.04,0,,,
117,BELGAUM,DELHI,4232,4544,0.137,0.978,0,0,,,
118,BELGAUM,HYDERABAD,2015,2041,0.005,0,0,0,,,
119,BELGAUM,JAIPUR,599,576,0,0,0,0,,,
120,BELGAUM,MUMBAI,1180,1252,0,0,0,0,,,
121,BELGAUM,NAGPUR,423,342,0,0,0,0,,,
122,BENGALURU,BHOPAL,9897,9811,20.68,12.783,4.612,2.074,,,
123,BENGALURU,BHUBANESWAR,34219,33575,159.766,28.202640000000002,9.298,0,,,
124,BENGALURU,CHANDIGARH,22795,21742,124.74,155.8397,9.212,1.36,,,
125,BENGALURU,CHENNAI,65189,67352,490.718,542.75826,9.03,26.11538,,,
126,BENGALURU,COIMBATORE,17441,18154,7.64,21.23,0.237,2.629,,,
127,BENGALURU,DABOLIM,52180,52985,82.9716,98.62209999999999,0.925,0.916,,,
128,BENGALURU,DARBHANGA,5014,4277,0.376,19.76456,0,0,,,
129,BENGALURU,DehraDun,8747,8022,7.575,5.82,2.487,0.801,,,
130,BENGALURU,DELHI,185461,189358,2714.13296,2904.97284,19.548,25.009000000000004,,,
131,BENGALURU,Deoghar ,5061,4851,0.016,0,0,0,,,
132,BENGALURU,DIBRUGARH,522,415,1.215,0.452,0,0,,,
133,BENGALURU,DURGAPUR,4766,4245,6.42,0.692,0,0,,,
134,BENGALURU,Goa,15938,16816,0.283,37.756,0,0.09,,,
135,BENGALURU,GORAKHPUR,10928,10651,61.04615,36.51604,1.054,2.334,,,
136,BENGALURU,GUWAHATI,39010,34327,162.55756000000002,43.56696,8.133890000000001,2.77645,,,
137,BENGALURU,GWALIOR,4196,3792,0.021,0,0,0,,,
138,BENGALURU,HUBLI,3906,3978,0.87,0.46,0.794,0.805,,,
139,BENGALURU,HYDERABAD,104936,101042,512.5673899999999,265.90639999999996,62.921,22.1373,,,
140,BENGALURU,IMPHAL,849,704,4.87,19.592,0,0,,,
141,BENGALURU,INDORE,19873,19913,117.36500000000001,46.365,3.032,1.575,,,
142,BENGALURU,JABALPUR,2916,2961,0.004,0,0,0,,,
143,BENGALURU,JAIPUR,29929,29370,145.3388,239.10699999999997,8.455,2.161,,,
144,BENGALURU,JAMMU,2196,2143,2.673,0.127,0.088,0,,,
145,BENGALURU,JHARSUGUDA,4933,4748,0.27,0,0,0,,,
146,BENGALURU,JODHPUR,5581,5264,2.306,5.241,2.856,1.431,,,
147,BENGALURU,KALABURAGI,721,721,0,0,0,0,,,
148,BENGALURU,KANNUR,3765,3462,0.44000000000000006,0.006,0.477,0,,,
149,BENGALURU,KANPUR,2452,2257,0.573,0,0,0,,,
150,BENGALURU,KOCHI,55764,58113,142.86200000000002,80.0974,10.653,10.873,,,
151,BENGALURU,KOLHAPUR,2292,1941,0.047,0.11,0,0,,,
152,BENGALURU,KOLKATA,98985,90965,609.16774,509.33455000000004,12.18798,6.61234,,,
153,BENGALURU,KOZHIKODE,10409,10423,11.105,0.185,2.209,0,,,
154,BENGALURU,KURNOOL,175,181,0.109,0,0,0,,,
155,BENGALURU,LUCKNOW,29840,29887,146.483,79.556,10.345,8.332,,,
156,BENGALURU,MADURAI,7748,7333,0.928,1.508,2.091,1.226,,,
157,BENGALURU,MANGALORE,32744,33254,10.440999999999999,11.036,0.882,120.348,,,
158,BENGALURU,MUMBAI,160854,161483,1445.9463199999998,1743.43206,10.0252,35.61209999999999,,,
159,BENGALURU,NAGPUR,17450,17317,67.461,25.385,4.435,6.059,,,
160,BENGALURU,NANDED,1732,1651,0,0,0,0,,,
161,BENGALURU,NASIK,4722,4995,0.073,0.254,0.097,0.025,,,
162,BENGALURU,PATNA,34783,32047,91.5238,18.573140000000002,11.248,1.882,,,
163,BENGALURU,PONDICHERRY,2105,2025,0.202,0,0,0,,,
164,BENGALURU,PORT BLAIR,10815,11811,24.574,11.491000000000001,2.188,0.922,,,
165,BENGALURU,PUNE,77626,74794,470.7251300000001,421.04348,13.1192,3.26447,,,
166,BENGALURU,RAIPUR,11328,11358,37.085,0,5.162,0,,,
167,BENGALURU,RAJAHMUNDRY,3689,3574,0.104,0,0,0,,,
168,BENGALURU,Rajkot International Airport,4747,4673,12.246,0,1.725,0,,,
169,BENGALURU,RANCHI,23185,20976,87.81,25.81718,5.912,1.275,,,
170,BENGALURU,SALEM,1725,2059,0.046,0,0,0,,,
171,BENGALURU,SHIRDI,7386,7057,27.20224,54.41266,0,0,,,
172,BENGALURU,Shivamogga Airport,1603,1703,0.327,0,0,0,,,
173,BENGALURU,SRINAGAR,9276,8186,8.02,5.51,1.669,1.077,,,
174,BENGALURU,SURAT,13414,12917,67.773,119.1345,1.88,0.934,,,
175,BENGALURU,TIRUCHIRAPALLY,5485,5210,0.091,0.014,1.989,0,,,
176,BENGALURU,TIRUPATI,2169,2157,0.038,0.001,1.203,0,,,
177,BENGALURU,TRIVANDRUM,25571,26193,18.509999999999998,5.2940000000000005,6.232,4.872,,,
178,BENGALURU,TUTICORIN,1929,1768,0.033,3.198,0,0,,,
179,BENGALURU,UDAIPUR,7125,6917,10.629,0.492,0,0,,,
180,BENGALURU,VADODARA,4757,4635,12.526,0,3.32,0,,,
181,BENGALURU,VARANASI,48169,48785,57.33977,120.60358999999998,3.3948,0.3456,,,
182,BENGALURU,VIDYANAGAR,564,566,0,0,0,0,,,
183,BENGALURU,VIJAYAWADA,13737,13637,7.75,0.323,3.15,0.261,,,
184,BENGALURU,VISAKHAPATNAM,20386,19948,58.417,42.015,5.979,0.744,,,
185,BENGALURU,Ayodhya International Airport ,15136,15170,0.078,0,0,0,,,
186,BENGALURU,HINDON AIRPORT,7177,7351,0,0,0,0,,,
187,BHATINDA,DELHI,1095,1099,0,0,0,0,,,
188,BHATINDA,HINDON AIRPORT,39,32,0,0,0,0,,,
189,BHAVNAGAR,MUMBAI,1702,1648,0,0,0,0,,,
190,BHAVNAGAR,PUNE,1537,1377,0,0,0,0,,,
191,BHOPAL,DABOLIM,4089,4015,0,1.803,0,1.996,,,
192,BHOPAL,DELHI,26828,27311,19.152,122.413,9.976,22.52616,,,
193,BHOPAL,HYDERABAD,4145,4387,0.004,0.146,0,1.038,,,
194,BHOPAL,JABALPUR,498,811,0,0,0,0,,,
195,BHOPAL,JAIPUR,1049,912,0,0,0,0,,,
196,BHOPAL,KANNUR,143,-,0,-,0,-,,,
197,BHOPAL,LUCKNOW,1123,1107,0,0.012,0,0.007,,,
198,BHOPAL,MUMBAI,15028,15059,19.641000000000002,39.909,5.222,26.39936,,,
199,BHOPAL,PUNE,4568,4961,0,1.977,0,0.442,,,
200,BHOPAL,RAIPUR,1893,1959,0.001,0,0.982,0,,,
201,BHOPAL,REWA,62,85,0,0,0,0,,,
202,BHUBANESWAR,CHANDIGARH,607,588,0.063,3.904,0,0,,,
203,BHUBANESWAR,CHENNAI,12015,13716,11.073,43.620000000000005,2.191,8.088,,,
204,BHUBANESWAR,DehraDun,1392,1530,0,0,0,0.083,,,
205,BHUBANESWAR,DELHI,49345,50661,54.333299999999994,358.49691999999993,9.112249999999994,10.78,,,
206,BHUBANESWAR,DURGAPUR,704,691,0,0,0,0,,,
207,BHUBANESWAR,GUWAHATI,5396,5152,4.76,1.908,0,0.507,,,
208,BHUBANESWAR,HYDERABAD,23425,25060,5.543,58.6443,0.629,10.018,,,
209,BHUBANESWAR,INDORE,2632,2687,0.022,0.973,0,0,,,
210,BHUBANESWAR,JAIPUR,2482,2539,0,1.908,0,0,,,
211,BHUBANESWAR,JAMMU,242,210,0.055,0,0,0,,,
212,BHUBANESWAR,JAMSHEDPUR,183,215,0,0,0,0,,,
213,BHUBANESWAR,JEYPORE,518,521,0,0,0,0,,,
214,BHUBANESWAR,JHARSUGUDA,566,599,0,0,0,0,,,
215,BHUBANESWAR,KOCHI,3232,2420,2.01227,0.377,0,0,,,
216,BHUBANESWAR,KOLKATA,25621,26026,90.25862000000001,53.887209999999996,0,19.022,,,
217,BHUBANESWAR,LUCKNOW,3697,3752,0.088,0.941,0,0.665,,,
218,BHUBANESWAR,MUMBAI,23913,25152,45.067,121.31481000000001,4.244,14.68912,,,
219,BHUBANESWAR,PATNA,8460,7736,0.685,0.58129,0.767,0.401,,,
220,BHUBANESWAR,PORT BLAIR,251,317,0,0,0,0,,,
221,BHUBANESWAR,PUNE,4800,3929,3.345,8.18,0,0,,,
222,BHUBANESWAR,RAIPUR,2989,3033,0.096,0.002,0,0,,,
223,BHUBANESWAR,RANCHI,1938,1794,0,0.02,0,0.521,,,
224,BHUBANESWAR,ROURKELA,883,1013,0,0,0,0,,,
225,BHUBANESWAR,SRINAGAR,630,499,0,0,0,0,,,
226,BHUBANESWAR,Utkela,118,147,0,0,0,0,,,
227,BHUBANESWAR,VARANASI,1347,1372,0.007,0,0,0,,,
228,BHUBANESWAR,HINDON AIRPORT,293,227,0,0,0,0,,,
229,BHUJ,DELHI,4522,4602,0,0.263,0,0,,,
230,BHUJ,MUMBAI,5590,5568,0,0.444,0,0,,,
231,BIKANER,DELHI,1722,1535,0,0.01,0,0,,,
232,BIKANER,JAIPUR,20,26,0,0,0,0,,,
233,BILASPUR,DELHI,833,577,0,0,0,0,,,
234,BILASPUR,HYDERABAD,18,1,0,0,0,0,,,
235,BILASPUR,JABALPUR,442,390,0,0,0,0,,,
236,BILASPUR,JAGDALPUR,182,264,0,0,0,0,,,
237,BILASPUR,KOLKATA,285,283,0,0,0,0,,,
238,BILASPUR,Ambikapur Airport,23,22,0,0,0,0,,,
239,CHANDIGARH,CHENNAI,5648,5856,70.211,60.389,0.089,2.309,,,
240,CHANDIGARH,DABOLIM,10940,11447,1.33,4.234,0,0.27,,,
241,CHANDIGARH,DELHI,47817,45381,93.1608,38.0578,10.234,21.221,,,
242,CHANDIGARH,DHARAMSALA,1497,1407,0.044,0,0,0,,,
243,CHANDIGARH,GUWAHATI,1025,921,6.581,0.715,0,0,,,
244,CHANDIGARH,HYDERABAD,10572,11955,58.912,53.85,1.007,4.027,,,
245,CHANDIGARH,INDORE,2696,2727,2.066,0.391,0.285,0,,,
246,CHANDIGARH,JAIPUR,6390,6736,0.003,0.106,0,0,,,
247,CHANDIGARH,KOCHI,316,552,3.109,1.252,0,0,,,
248,CHANDIGARH,KOLKATA,4945,4876,16.132,9.205,0,0,,,
249,CHANDIGARH,LEH,3052,2078,21.925,0.33599999999999997,5.57,0,,,
250,CHANDIGARH,LUCKNOW,4355,5712,5.612,0.169,0,4.569,,,
251,CHANDIGARH,MUMBAI,30444,30326,94.61949999999999,142.5181,3.3669999999999995,8.79834,,,
252,CHANDIGARH,PATNA,4899,4725,7.646,0.45,0,0.867,,,
253,CHANDIGARH,PUNE,6574,6152,22.825,28.944,0,0,,,
254,CHANDIGARH,SRINAGAR,10130,8737,1.708,0.521,0,1.777,,,
255,CHANDIGARH,UDAIPUR,370,383,0,0,0,0,,,
256,CHENNAI,COIMBATORE,39939,40777,20.546,33.397,4.39762,12.687,,,
257,CHENNAI,DABOLIM,12669,13330,48.035000000000004,37.9624,0.549,1.012,,,
258,CHENNAI,DehraDun,21,79,0,0.154,0,0,,,
259,CHENNAI,DELHI,101807,103629,1494.66091,1379.4411300000006,52.409639999999996,36.78432999999998,,,
260,CHENNAI,DURGAPUR,4864,3896,1.274,0.931,0,0,,,
261,CHENNAI,Goa,986,802,0.525,0,0,0,,,
262,CHENNAI,GUWAHATI,15946,15118,53.30553999999999,12.51873,6.601,2.089,,,
263,CHENNAI,HYDERABAD,67266,65060,572.441,508.046,11.553,9.75,,,
264,CHENNAI,INDORE,6514,6416,49.553,12.534,1.598,1.387,,,
265,CHENNAI,JAIPUR,13593,13796,58.108999999999995,118.33689999999999,4.36,1.268,,,
266,CHENNAI,JAMMU,175,83,0.712,0,0,0,,,
267,CHENNAI,Cuddapah,468,695,0.217,0,0,0,,,
268,CHENNAI,KANNUR,2273,1882,2.051,0.041,0.075,0,,,
269,CHENNAI,KOCHI,27977,28577,29.803,17.1244,13.651,7.72,,,
270,CHENNAI,KOLKATA,42789,40161,373.069,202.742,13.333,4.009,,,
271,CHENNAI,KOZHIKODE,3626,3144,0.223,0.007,1.886,0,,,
272,CHENNAI,KURNOOL,355,261,0.017,0,0,0,,,
273,CHENNAI,LUCKNOW,4673,4557,40.979,16.018,3.598,4.325,,,
274,CHENNAI,MADURAI,21758,20465,1.8689999999999998,8.927,15.37238,9.82832,,,
275,CHENNAI,MANGALORE,3143,3138,0.055,0.062,0,15.048,,,
276,CHENNAI,MUMBAI,81523,80009,618.378,597.0649999999999,50.80059999999999,39.46652,,,
277,CHENNAI,MYSORE,2019,1752,0.007,0,0,0,,,
278,CHENNAI,PATNA,5316,4996,23.855,8.811,7.023,1.557,,,
279,CHENNAI,PORT BLAIR,26337,26583,187.09445,105.06200000000001,24.58292,9.296,,,
280,CHENNAI,PUNE,34434,34229,369.438,253.6498,6.168,3.117,,,
281,CHENNAI,RAIPUR,4688,4125,14.183,0,1.196,0,,,
282,CHENNAI,RAJAHMUNDRY,1974,1918,0.02,0,0,0,,,
283,CHENNAI,RANCHI,5608,4670,22.373,2.191,3.225,0.648,,,
284,CHENNAI,SALEM,1682,1961,0.064,0,0,0,,,
285,CHENNAI,SHIRDI,5291,5201,2.09518,5.28132,0,0,,,
286,CHENNAI,Shivamogga Airport,658,699,7.59067,3.31834,0,0,,,
287,CHENNAI,SURAT,3754,3608,49.772,18.759,0.033,0.192,,,
288,CHENNAI,TIRUCHIRAPALLY,14413,14067,0.682,0.089,0.176,0,,,
289,CHENNAI,TRIVANDRUM,12876,14268,7.667,18.538,8.379,5.152,,,
290,CHENNAI,TUTICORIN,8628,7614,0.737,1.644,0,0,,,
291,CHENNAI,VADODARA,521,559,7.167,0,0,0,,,
292,CHENNAI,VARANASI,5534,5228,3.866,27.756,0.913,0.203,,,
293,CHENNAI,VIJAYAWADA,3933,3735,0.316,0.039,0,0,,,
294,CHENNAI,VISAKHAPATNAM,13222,12130,32.248,24.524,7.153,1.49,,,
295,CHENNAI,HINDON AIRPORT,1541,1498,0,0,0,0,,,
296,COIMBATORE,DABOLIM,2117,2215,0.311,0.02,0,0,,,
297,COIMBATORE,DELHI,17333,17070,144.17000000000002,187.3327,3.323,3.085,,,
298,COIMBATORE,DURGAPUR,-,59,-,0.001,-,0,,,
299,COIMBATORE,GUWAHATI,212,108,2.204,0.019,0.614,0,,,
300,COIMBATORE,HYDERABAD,19360,18372,66.712,27.458,7.157,6.716,,,
301,COIMBATORE,JAIPUR,97,152,0.935,0.096,0,0,,,
302,COIMBATORE,KOLKATA,-,196,-,4.355,-,0,,,
303,COIMBATORE,MUMBAI,29686,30116,131.8194,143.5727,6.489,4.9174000000000015,,,
304,COIMBATORE,NASIK,8,1,0,0,0,0,,,
305,COIMBATORE,PUNE,5057,4688,17.855,37.579,0,0.259,,,
306,COIMBATORE,SHIRDI,-,245,-,0,-,0,,,
307,COIMBATORE,VISAKHAPATNAM,7,5,0,0,0,0,,,
308,COOCH BEHAR,KOLKATA,261,267,0,0,0,0,,,
309,DABOLIM,DELHI,63052,61658,77.4666,140.3848,2.228,3.845,,,
310,DABOLIM,HYDERABAD,35651,33062,32.847699999999996,24.966,0.49,2.145,,,
311,DABOLIM,INDORE,4332,4626,0.368,0.915,0.175,0,,,
312,DABOLIM,JAIPUR,4287,3864,0.311,7.17,0.22,0.012,,,
313,DABOLIM,KOCHI,4085,3952,11.707,0.259,0.274,0,,,
314,DABOLIM,KOLKATA,5479,4609,6.245,2.949,1.119,0,,,
315,DABOLIM,LUCKNOW,4581,120,3.928,0,0.498,0,,,
316,DABOLIM,MUMBAI,66163,64000,56.1569,79.0955,7.395490000000001,16.527339999999995,,,
317,DABOLIM,NAGPUR,5372,5169,0.508,0.31,0.102,0,,,
318,DABOLIM,NASIK,913,788,0,0,0,0,,,
319,DABOLIM,PUNE,5351,5062,0.279,0.717,1.041,0,,,
320,DABOLIM,RAIPUR,6115,5424,7.915,0,0.674,0,,,
321,DABOLIM,SURAT,5517,4469,41.633,25.927,0.152,0.413,,,
322,DABOLIM,HINDON AIRPORT,3671,4118,0,0,0,0,,,
323,DARBHANGA,DELHI,13684,14713,1.919,26.595460000000003,0,0,,,
324,DARBHANGA,HYDERABAD,4726,6010,0,0.152,0,0,,,
325,DARBHANGA,KOLKATA,2007,2168,0,0.025,0,0,,,
326,DARBHANGA,MUMBAI,7858,8561,0.95754,28.254189999999998,0,0,,,
327,DARBHANGA,SRINAGAR,11,2,0,0,0,0,,,
328,DehraDun,DELHI,27814,28477,7.022,3.904,11.04,24.459,,,
329,DehraDun,GUWAHATI,195,183,0.331,0.464,0,0,,,
330,DehraDun,HYDERABAD,4885,4840,0.64,7.22,0.372,0.831,,,
331,DehraDun,INDORE,468,492,0,0,0,0,,,
332,DehraDun,JAIPUR,3635,3404,0,0.015,0.076,0,,,
333,DehraDun,KOLKATA,3329,3120,1.715,0.417,0.104,0.008,,,
334,DehraDun,KULLU,140,72,0,0,0,0,,,
335,DehraDun,LUCKNOW,3096,3916,0.022,0.138,0.223,1.383,,,
336,DehraDun,MUMBAI,12577,12097,0.912,10.207,0.993,4.662,,,
337,DehraDun,PITHORAGARH,249,246,0,0,0,0,,,
338,DehraDun,PUNE,4306,4355,0.524,0.516,0.148,0.331,,,
339,DehraDun,SRINAGAR,1575,1139,0.08,0.01,0,0,,,
340,DELHI,Deoghar ,5330,5261,0.17,0,0,0,,,
341,DELHI,DHARAMSALA,7575,6213,0.075,0,0,0,,,
342,DELHI,DIBRUGARH,10275,9500,29.351,2.755,3.529,3.119,,,
343,DELHI,DIMAPUR,5043,4784,9.919,30.658,2.774,4.814,,,
344,DELHI,DURGAPUR,5101,5109,0.688,0.591,0,0,,,
345,DELHI,GAYA,5206,5140,2.392,0,0,0,,,
346,DELHI,Goa,53722,54897,57.58180999999999,76.65404,0,0,,,
347,DELHI,GORAKHPUR,22750,21092,63.114580000000004,54.58665,8.813,0,,,
348,DELHI,GUWAHATI,68842,64457,408.8969500000001,288.06301,10.173,4.76182,,,
349,DELHI,GWALIOR,4809,4747,0.414,0,0,0,,,
350,DELHI,HUBLI,4811,4724,7.174,2.811,0.575,0.599,,,
351,DELHI,HYDERABAD,140650,139203,1605.6632399999996,1088.90621,34.96,20.21152,,,
352,DELHI,IMPHAL,10530,10109,74.387,110.256,7.809,9.599,,,
353,DELHI,INDORE,42275,42875,238.8634,88.80199999999999,24.805480000000003,7.314,,,
354,DELHI,Itanagar,3103,3056,0.047,0,0,0,,,
355,DELHI,JABALPUR,6024,5738,0.244,0,0,0,,,
356,DELHI,JAGDALPUR,382,581,0,0,0,0,,,
357,DELHI,JAIPUR,22834,23600,52.4129,27.769,49.547,8.527,,,
358,DELHI,JAISALMER,2177,2068,0,0,0,0,,,
359,DELHI,JAMMU,33345,33833,46.73908,4.987,6.882,0,,,
360,DELHI,JHARSUGUDA,5102,5324,0.233,0,0,0,,,
361,DELHI,JODHPUR,14943,15013,22.599,0.115,29.606,8.108,,,
362,DELHI,KANNUR,4710,4321,0.567,0.058,0,0,,,
363,DELHI,KANPUR,5071,5190,7.053,0,0.938,0,,,
364,DELHI,KHAJURAHO,3112,2971,0.027,0,0,0,,,
365,DELHI,KOCHI,41534,38604,400.516,166.19136999999998,14.5206,8.760039999999996,,,
366,DELHI,KOLKATA,127340,122804,1552.50677,1570.1987199999999,37.52143,30.53637000000001,,,
367,DELHI,KOZHIKODE,4767,4255,12.434,2.03,2.311,0,,,
368,DELHI,KULLU,543,260,0,0,0,0,,,
369,DELHI,LEH,31355,20062,211.97498000000002,24.64019,74.71109999999999,16.503830000000004,,,
370,DELHI,LUCKNOW,49424,48411,169.1311,85.66749999999999,67.93991999999999,25.826999999999998,,,
371,DELHI,MADURAI,6279,5893,26.939,69.938,2.288,1.549,,,
372,DELHI,MANGALORE,8973,8600,17.2077,4.338,0.001,37.599,,,
373,DELHI,MUMBAI,290413,285382,3881.3498900000004,2630.41971,38.620999999999995,114.47690999999998,,,
374,DELHI,NAGPUR,30548,29359,193.58,66.1449,17.436,12.743,,,
375,DELHI,NASIK,5300,5360,11.805,1.859,0,0.052,,,
376,DELHI,PANTNAGAR,4002,3866,0.673,0,0,0,,,
377,DELHI,PATNA,60291,55448,354.00569,57.50184,68.441,7.363349999999999,,,
378,DELHI,PITHORAGARH,302,213,0,0,0,0,,,
379,DELHI,PORT BLAIR,2033,2179,12.5029,5.293,1.4730999999999999,0.008060000000000001,,,
380,DELHI,PUNE,126739,122769,1231.41609,766.4227800000001,14.4942,2.54997,,,
381,DELHI,RAIPUR,33941,34355,210.807,2.52,28.721000000000004,0,,,
382,DELHI,RAJAHMUNDRY,3716,3603,0.713,0.359,0,0,,,
383,DELHI,Rajkot International Airport,10049,9604,17.9345,0,8.731,0,,,
384,DELHI,RANCHI,42853,41437,226.9008,42.56516,15.985,5.011,,,
385,DELHI,SHILLONG,785,555,0,0,0,0,,,
386,DELHI,SHIRDI,11257,10888,59.768480000000004,28.69542,0,0,,,
387,DELHI,SILCHAR,988,1203,7.417,0.001,0,0,,,
388,DELHI,SIMLA,921,520,0,0,0,0,,,
389,DELHI,SRINAGAR,95385,86117,501.17170999999996,169.54462999999998,13.43973,23.574,,,
390,DELHI,SURAT,27292,26471,102.1963,101.9447,7.673,7.083,,,
391,DELHI,TIRUPATI,4481,4260,2.016,10.619,0.267,0.004,,,
392,DELHI,TRIVANDRUM,19839,21369,50.779199999999996,33.751,6.6266,8.90002,,,
393,DELHI,UDAIPUR,30444,31022,14.97,0.06,0,0,,,
394,DELHI,VADODARA,23434,25169,74.0039,0.004,9.812,0,,,
395,DELHI,VARANASI,46057,47732,129.59941,45.427890000000005,22.655769999999997,2.104,,,
396,DELHI,VIJAYAWADA,11502,12234,56.6135,10.1238,6.813000000000001,0.5370999999999999,,,
397,DELHI,VISAKHAPATNAM,20424,20136,66.253,42.414,4.455,1.824,,,
398,DELHI,Ayodhya International Airport ,18320,16810,0.47,0.56259,0,0,,,
399,Deoghar ,KOLKATA,1999,2108,0,0.115,0,0,,,
400,Deoghar ,MUMBAI,2114,2198,0,0,0,0,,,
401,DHARAMSALA,JAIPUR,49,110,0,0,0,0,,,
402,DHARAMSALA,SIMLA,211,208,0,0,0,0,,,
403,DHARAMSALA,UDAIPUR,2,-,0,-,0,-,,,
404,DIBRUGARH,GUWAHATI,9511,10047,9.836,0.58828,2.726,6.719,,,
405,DIBRUGARH,HYDERABAD,185,301,0.543,0.841,0,0,,,
406,DIBRUGARH,IMPHAL,2733,2081,0.671,0,0,0,,,
407,DIBRUGARH,KOLKATA,9996,9797,16.65,27.52,1.634,4.616,,,
408,DIMAPUR,GUWAHATI,5703,6174,0.113,8.423,0,0.634,,,
409,DIMAPUR,IMPHAL,511,475,0,0,0,0,,,
410,DIMAPUR,KOLKATA,4861,4281,12.404,23.44,5.109,3.684,,,
411,DIU,KESHOD,8,15,0,0,0,0,,,
412,DIU,MUMBAI,780,680,0,0,0,0,,,
413,DIU,SURAT,1903,1487,0,0.004,0,0,,,
414,DURGAPUR,GUWAHATI,577,468,0,0,0,0,,,
415,DURGAPUR,HYDERABAD,4854,5060,0.211,0.679,0,0,,,
416,DURGAPUR,MUMBAI,2692,3142,0.673,0.189,0,0,,,
417,DURGAPUR,RAIPUR,4,-,0,-,0,-,,,
418,GAYA,KOLKATA,5035,5020,2.341,0.116,0,0,,,
419,Goa,HYDERABAD,21553,19863,0.1,6.696,0,0.04,,,
420,Goa,JAIPUR,5747,6202,0,3.526,0,0,,,
421,Goa,JALGAON,1650,1406,0,0,0,0,,,
422,Goa,KOLKATA,4756,4406,5.902,2.624,0,0,,,
423,Goa,LUCKNOW,283,3913,0.079,0.736,0,0,,,
424,Goa,MUMBAI,41243,40888,41.69489,29.74131,0,0,,,
425,Goa,NAGPUR,4669,4287,0.293,0.002,0.04,0,,,
426,Goa,PUNE,10244,10263,30.211,38.009,0,0,,,
427,Goa,Rajkot International Airport,4313,3873,0,0,0,0,,,
428,Goa,Shivamogga Airport,534,495,0,0,0,0,,,
429,Goa,VADODARA,3851,2394,0,0,0,0,,,
430,Gondia ,HYDERABAD,1415,1217,0,0.03,0,0,,,
431,GORAKHPUR,HYDERABAD,5690,6456,0,0.948,0,0.081,,,
432,GORAKHPUR,KOLKATA,2196,2162,0,0,0,0,,,
433,GORAKHPUR,MUMBAI,11731,12642,0,8.43777,0,2.31,,,
434,GORAKHPUR,VARANASI,-,225,-,0,-,0,,,
435,GUWAHATI,HYDERABAD,14280,14917,12.665000000000001,49.4431,0.91,9.646,,,
436,GUWAHATI,IMPHAL,25184,23504,88.01250000000002,36.769,2.098,3.926,,,
437,GUWAHATI,Itanagar,102,73,0,0,0,0,,,
438,GUWAHATI,JAIPUR,4755,5387,0.973,4.734,0.209,0.592,,,
439,GUWAHATI,KOLKATA,49043,51001,67.15275,500.12073,7.802,10.54,,,
440,GUWAHATI,LUCKNOW,5197,4247,1.883,2.548,1.669,1.341,,,
441,GUWAHATI,MUMBAI,16936,17047,32.709,132.04136,3.8189,17.4404,,,
442,GUWAHATI,PASIGHAT,30,39,0,0,0,0,,,
443,GUWAHATI,PATNA,1643,1700,1.08946,0.93038,0,0,,,
444,GUWAHATI,PUNE,4931,5166,2.216,15.557,0.807,0.477,,,
445,GUWAHATI,SILCHAR,4818,3638,6.038,0,7.327,0,,,
446,GUWAHATI,TEZU,36,28,0,0,0,0,,,
447,GUWAHATI,Ziro,13,19,0,0,0,0,,,
448,GWALIOR,MUMBAI,4979,5029,0,0.079,0,0,,,
449,HUBLI,HYDERABAD,2095,1881,0.342,0.103,0.976,0.035,,,
450,HUBLI,MUMBAI,3883,3946,1.142,2.282,0.765,0.009,,,
451,HUBLI,PUNE,1007,1079,0.001,0.017,0,0.309,,,
452,HYDERABAD,INDORE,18241,18578,65.683,16.285,16.507,1.699,,,
453,HYDERABAD,JABALPUR,3294,3077,0,0,0,0,,,
454,HYDERABAD,JAGDALPUR,1683,1513,0.041,0,0,0,,,
455,HYDERABAD,JAIPUR,21664,20866,55.4256,131.691,3.631,2.119,,,
456,HYDERABAD,JALGAON,570,669,0,0,0,0,,,
457,HYDERABAD,JAMMU,2341,2058,0.984,0,0.315,0,,,
458,HYDERABAD,JHARSUGUDA,2121,2121,0,0,0,0,,,
459,HYDERABAD,JODHPUR,4842,4633,0.281,0.09,0.294,0.491,,,
460,HYDERABAD,Cuddapah,1825,1903,0.149,0,0,0,,,
461,HYDERABAD,KANNUR,1594,1553,0.001,0.013,0,0,,,
462,HYDERABAD,KANPUR,3092,2981,0.089,0,0,0,,,
463,HYDERABAD,KOCHI,27044,29354,38.9,36.418,7.828,8.613,,,
464,HYDERABAD,KOLHAPUR,1771,1876,0.269,2.41,0,0,,,
465,HYDERABAD,KOLKATA,53615,45909,258.058,210.93653999999998,18.849,4.958,,,
466,HYDERABAD,KOZHIKODE,3664,3947,0.902,0.043,0,0,,,
467,HYDERABAD,LUCKNOW,26244,22823,49.26887,18.4932,6.802,1.53,,,
468,HYDERABAD,MADURAI,8408,8132,9.155,54.373,10.37,0.896,,,
469,HYDERABAD,MANGALORE,4864,5098,0.289,0.046,3.149,5.053,,,
470,HYDERABAD,MUMBAI,81610,90547,697.6076,890.8521000000001,14.152,33.983090000000004,,,
471,HYDERABAD,MYSORE,1996,1724,0.039,0,0,0,,,
472,HYDERABAD,NAGPUR,4093,4306,0.418,0.097,0.72,0,,,
473,HYDERABAD,NANDED,945,989,0,0,0,0,,,
474,HYDERABAD,NASIK,2180,2202,0.066,0,0.578,0.03,,,
475,HYDERABAD,PATNA,22171,18921,40.335,5.281,16.782,0.826,,,
476,HYDERABAD,PONDICHERRY,2078,2164,0.004,0,0,0,,,
477,HYDERABAD,PORT BLAIR,5708,6720,33.199,7.8,3.387,5.209,,,
478,HYDERABAD,PUNE,25055,25858,50.842,85.101,3.672,3.268,,,
479,HYDERABAD,RAIPUR,10210,10331,12.766,0.004,11.827,0,,,
480,HYDERABAD,RAJAHMUNDRY,11669,11210,0.583,0.333,0,0,,,
481,HYDERABAD,Rajkot International Airport,3389,4302,0.975,0,0,0,,,
482,HYDERABAD,RANCHI,13301,11900,21.709,8.518,2.83,1.148,,,
483,HYDERABAD,SALEM,793,761,0,0,0,0,,,
484,HYDERABAD,SHIRDI,6398,6661,0.251,2.728,0,0,,,
485,HYDERABAD,Shivamogga Airport,2494,2272,3.15782,7.59067,0,0,,,
486,HYDERABAD,SRINAGAR,9368,9052,1.569,2.54,0.51,1.341,,,
487,HYDERABAD,SURAT,6306,6917,15.727,47.676,1.519,0.771,,,
488,HYDERABAD,TIRUCHIRAPALLY,4705,4168,2.462,0.15,6.046,0,,,
489,HYDERABAD,TIRUPATI,37991,37228,5.664,14.673,9.359,2.527,,,
490,HYDERABAD,TRIVANDRUM,14127,14744,3.9999999999999996,13.2112,4.818,2.592,,,
491,HYDERABAD,UDAIPUR,5848,6457,1.828,0.127,0,0,,,
492,HYDERABAD,VADODARA,4894,4985,44.46,0,1.087,0,,,
493,HYDERABAD,VARANASI,29584,29027,6.402,26.072,3.138,0.301,,,
494,HYDERABAD,VIDYANAGAR,330,397,0,0,0,0,,,
495,HYDERABAD,VIJAYAWADA,16249,16446,1.361,0.595,10.161,0.238,,,
496,HYDERABAD,VISAKHAPATNAM,45010,42888,38.337,86.63,15.856,0,,,
497,HYDERABAD,Ayodhya International Airport ,2922,2917,0,0,0,0,,,
498,IMPHAL,KOLKATA,18647,18661,27.756,52.270700000000005,13.988,2.18075,,,
499,IMPHAL,MUMBAI,231,116,18.487,0.08,0,0,,,
500,IMPHAL,SHILLONG,619,483,0,0,0,0,,,
501,IMPHAL,SILCHAR,958,965,0,0,0,0,,,
502,INDORE,JABALPUR,1386,2029,0,0,0,0,,,
503,INDORE,JAIPUR,4458,4622,0.037,0.293,0.001,0,,,
504,INDORE,JAMMU,1927,1988,0.103,0,0.096,0,,,
505,INDORE,JODHPUR,1803,1778,0.002,0,0,0,,,
506,INDORE,KOLKATA,13400,13038,19.22,26.859330000000003,1.788,0.192,,,
507,INDORE,LUCKNOW,3974,3749,0.018,0.037,0,0.335,,,
508,INDORE,MUMBAI,30524,30862,105.97200000000001,101.82039999999999,8.870619999999999,16.096569999999996,,,
509,INDORE,NAGPUR,3113,2980,0.047,0.154,0,0,,,
510,INDORE,NASIK,627,624,0,0,0,0,,,
511,INDORE,PUNE,8565,7873,2.392,16.919,0.937,0.605,,,
512,INDORE,RAIPUR,4234,4339,3.173,0,0.438,0,,,
513,INDORE,SHIRDI,1510,1467,0.018,0.046,0,0,,,
514,INDORE,UDAIPUR,1281,1245,0,0,0,0,,,
515,INDORE,VIJAYAWADA,87,75,0,0,0,0,,,
516,INDORE,VISAKHAPATNAM,1,5,0,0,0,0,,,
517,Itanagar,KOLKATA,3428,3895,0,0.667,0,0,,,
518,Itanagar,TEZU,4,12,0,0,0,0,,,
519,JABALPUR,JAGDALPUR,300,178,0,0,0,0,,,
520,JABALPUR,MUMBAI,4984,5092,0,0.129,0,0,,,
521,JAIPUR,JAISALMER,774,726,0,0,0,0,,,
522,JAIPUR,JODHPUR,1783,1427,0.001,0.005,0,0,,,
523,JAIPUR,KOCHI,918,899,3.855,0.235,0,0,,,
524,JAIPUR,KOLKATA,27127,25212,182.43176000000003,67.33467999999996,2.202,1.496,,,
525,JAIPUR,KULLU,297,163,0,0,0,0,,,
526,JAIPUR,LUCKNOW,2228,2126,0.065,0.034,0,0.182,,,
527,JAIPUR,MUMBAI,47862,47785,208.84699999999998,139.5401,5.77,32.31898,,,
528,JAIPUR,NAGPUR,835,915,0,0.044,0,0,,,
529,JAIPUR,NASIK,247,250,0,0,0,0,,,
530,JAIPUR,PUNE,12375,11913,49.128150000000005,17.334729999999997,0.05,0,,,
531,JAIPUR,RAIPUR,-,67,-,0,-,0,,,
532,JAIPUR,SURAT,4577,4823,1.452,0.238,0,0.178,,,
533,JAIPUR,UDAIPUR,3981,3948,0.009,0,0,0,,,
534,JAIPUR,VADODARA,8,-,0,-,0,-,,,
535,JAIPUR,VARANASI,992,869,0,0.4626,0,0,,,
536,JAISALMER,MUMBAI,1808,1659,0,0.005,0,0,,,
537,JAISALMER,Ayodhya International Airport ,13,-,0,-,0,-,,,
538,JALGAON,MUMBAI,375,292,0,0,0,0,,,
539,JALGAON,PUNE,812,844,0,0,0,0,,,
540,JAMMU,KOLKATA,216,214,0,0,0,0,,,
541,JAMMU,LEH,4390,3858,48.47279999999999,0.115,2.5195,0,,,
542,JAMMU,MUMBAI,3480,3293,0.289,9.498,0,1.586,,,
543,JAMMU,SRINAGAR,19512,18125,4.67525,10.22438,0.052,2.832,,,
544,JAMMU,HINDON AIRPORT,550,975,0,0,0,0,,,
545,JAMNAGAR,MUMBAI,4997,5101,0.54,3.794,1.30371,0,,,
546,JAMSHEDPUR,KOLKATA,243,171,0,0,0,0,,,
547,JEYPORE,VISAKHAPATNAM,179,145,0,0,0,0,,,
548,JHARSUGUDA,KOLKATA,1928,1922,0,0.062,0,0,,,
549,JHARSUGUDA,LUCKNOW,676,594,0,0,0,0,,,
550,JHARSUGUDA,MUMBAI,3306,3422,0,0,0,0,,,
551,JHARSUGUDA,RAIPUR,391,423,0,0,0,0,,,
552,JODHPUR,MUMBAI,12555,13609,0.833,3.245,1.2116500000000003,11.491689999999998,,,
553,JODHPUR,PUNE,4021,4141,10.507,0.257,0.331,0,,,
554,JORHAT,KOLKATA,6073,6621,2.291,11.286,0,0,,,
555,Cuddapah,VIJAYAWADA,341,220,0,0,0,0,,,
556,KANDLA,MUMBAI,1783,1884,0,0,0,0,,,
557,KANNUR,KOCHI,1081,1442,0.019,0.208,0,0,,,
558,KANNUR,MANGALORE,167,-,0,-,0,-,,,
559,KANNUR,MUMBAI,2521,2570,0.009,0.769,0,0.043,,,
560,KANNUR,TRIVANDRUM,681,544,1.542,0.208,0,0,,,
561,KANPUR,MUMBAI,5364,5484,0,3.666,0,2.394,,,
562,KESHOD,MUMBAI,308,328,0,0,0,0,,,
563,KHAJURAHO,REWA,12,4,0,0,0,0,,,
564,KHAJURAHO,VARANASI,2811,1489,0,0,0,0,,,
565,KOCHI,KOLKATA,3683,3524,23.024,22.47647000000001,0,0,,,
566,KOCHI,KOZHIKODE,988,1017,0.005,0,0,0,,,
567,KOCHI,MUMBAI,42583,42176,118.6618,207.4765,23.818020000000004,18.176830000000002,,,
568,KOCHI,PATNA,261,239,2.841,0.042,0,0,,,
569,KOCHI,PUNE,8808,8963,14.638,27.4078,0,0,,,
570,KOCHI,RAIPUR,129,299,0.289,0.105,0,0,,,
571,KOCHI,SALEM,886,854,0,0,0,0,,,
572,KOCHI,TRIVANDRUM,620,844,0.552,2.58,0,0,,,
573,KOCHI,VARANASI,532,682,0.087,0.034,0,0,,,
574,KOLHAPUR,MUMBAI,1287,1295,0,0,0,0,,,
575,KOLHAPUR,TIRUPATI,634,1001,0,0,0,0,,,
576,KOLKATA,LILABARI,683,822,0,0,0,0,,,
577,KOLKATA,LUCKNOW,10701,11707,84.295,40.75,10.254,1.505,,,
578,KOLKATA,MUMBAI,92609,101280,557.9641799999999,923.4978799999999,12.133499999999998,30.101609999999994,,,
579,KOLKATA,NAGPUR,5065,5284,11.539,19.516,0.039,3.129,,,
580,KOLKATA,PATNA,17251,16619,26.951,11.444,26.385,3.713,,,
581,KOLKATA,PORT BLAIR,27934,27751,159.09973000000002,111.11387,28.115090000000002,10.035,,,
582,KOLKATA,PUNE,20141,22745,78.1757,125.37946000000001,0.724,2.6164,,,
583,KOLKATA,RAIPUR,10475,11843,23.758,0.093,3.643,0,,,
584,KOLKATA,Rajkot International Airport,113,91,0.461,0,0,0,,,
585,KOLKATA,RANCHI,8828,9099,5.282,0.186,5.128,1.309,,,
586,KOLKATA,ROURKELA,223,316,0,0,0,0,,,
587,KOLKATA,RUPSI,401,362,0,0,0,0,,,
588,KOLKATA,SHILLONG,2530,1829,0.105,0,0,0,,,
589,KOLKATA,SILCHAR,15050,14370,40.2833,0.117,4.46626,0,,,
590,KOLKATA,SRINAGAR,6342,5627,1.925,4.261,0,0.659,,,
591,KOLKATA,SURAT,5206,5607,35.391,52.312,0.02,0.04,,,
592,KOLKATA,TIRUPATI,5,8,0,0,0,0,,,
593,KOLKATA,VADODARA,174,148,0,0,0,0,,,
594,KOLKATA,VARANASI,11373,11568,3.37,27.691,1.278,0,,,
595,KOLKATA,VISAKHAPATNAM,6984,8215,1.611,70.727,0,0,,,
596,KOLKATA,HINDON AIRPORT,5010,4291,0,0,0,0,,,
597,KOZHIKODE,MUMBAI,7102,6432,0.005,6.431,0,5.972,,,
598,KURNOOL,VISAKHAPATNAM,366,315,0,0,0,0,,,
599,LEH,MUMBAI,33,167,0,0,0,0,,,
600,LEH,SRINAGAR,975,1159,0,20.8917,0,0,,,
601,LILABARI,SILCHAR,-,53,-,0,-,0,,,
602,LUCKNOW,MUMBAI,37815,39555,74.9293,174.50039999999998,7.178,23.04779,,,
603,LUCKNOW,NAGPUR,1432,1374,0.08,0.005,0.264,0,,,
604,LUCKNOW,NASIK,166,255,0,0,0,0,,,
605,LUCKNOW,PATNA,4278,3570,6.074,1.227,4.033,1.002,,,
606,LUCKNOW,PUNE,5837,10297,43.29,33.195,0.233,0.812,,,
607,LUCKNOW,RAIPUR,3258,3454,1.113,0,0.648,0,,,
608,LUCKNOW,RANCHI,1310,1614,0.764,3.086,0.725,0,,,
609,LUCKNOW,SHIRDI,264,215,0,0,0,0,,,
610,LUCKNOW,SILCHAR,3,9,0,0,0,0,,,
611,LUCKNOW,SRINAGAR,418,128,0,0,0,0,,,
612,LUCKNOW,VIJAYAWADA,-,3,-,0,-,0,,,
613,LUDHIANA,HINDON AIRPORT,42,71,0,0,0,0,,,
614,MADURAI,MUMBAI,5533,5979,26.389,9.334,0.08,4.869,,,
615,MADURAI,VIJAYAWADA,6,5,0,0,0,0,,,
616,MANGALORE,MUMBAI,24573,24384,3.951,10.946440000000003,72.899,2.93,,,
617,MANGALORE,PUNE,563,585,0,0,0,0,,,
618,MANGALORE,RAJAHMUNDRY,-,3,-,0,-,0,,,
619,MUMBAI,NAGPUR,28859,28440,126.88,121.53650000000002,50.31945000000001,12.399560000000001,,,
620,MUMBAI,PATNA,20776,18659,92.72173,24.220599999999997,21.11105,2.03003,,,
621,MUMBAI,PORBANDAR,38,17,0,0,0,0,,,
622,MUMBAI,PORT BLAIR,4782,4997,19.528,8.376,0,0,,,
623,MUMBAI,RAIPUR,14718,15130,88.045,0.139,17.173,0,,,
624,MUMBAI,RAJAHMUNDRY,3629,3486,0.752,0.16,0,0,,,
625,MUMBAI,Rajkot International Airport,22681,23250,11.566600000000001,0,14.656759999999995,0,,,
626,MUMBAI,RANCHI,9893,9050,24.507,10.912,6.06,1.044,,,
627,MUMBAI,SRINAGAR,15548,14739,91.08850000000001,34.044,2.4898,2.023,,,
628,MUMBAI,TIRUCHIRAPALLY,2968,2404,0.124,0.001,0,0,,,
629,MUMBAI,TIRUPATI,5174,4493,0.379,10.225,0,0,,,
630,MUMBAI,TRIVANDRUM,14251,14666,15.080500000000002,4.781,6.068829999999999,4.401800000000001,,,
631,MUMBAI,UDAIPUR,24529,23667,12.046,1.9,0,0,,,
632,MUMBAI,VADODARA,12225,15194,47.053,0.096,13.929400000000001,0,,,
633,MUMBAI,VARANASI,46108,44408,74.08664999999999,31.741039999999998,9.729980000000001,0.681,,,
634,MUMBAI,VIJAYAWADA,7442,7584,19.430999999999997,7.0394,2.604210000001,0.3851,,,
635,MUMBAI,VISAKHAPATNAM,9559,9393,25.916,46.077,5.230559999999999,1.373,,,
636,MUMBAI,Ayodhya International Airport ,15513,14831,0.157,0,0,0,,,
637,MUMBAI,HINDON AIRPORT,1278,1288,0,0,0,0,,,
638,NAGPUR,NASIK,541,653,0.042,0,0,0,,,
639,NAGPUR,PUNE,10686,11514,7.757,34.115,12.4,2.638,,,
640,NANDED,PUNE,1527,1483,0,0,0,0,,,
641,NANDED,HINDON AIRPORT,2179,2222,0,0,0,0,,,
642,PANTNAGAR,PITHORAGARH,93,79,0,0,0,0,,,
643,PATNA,PUNE,4813,5192,0.452,17.95,0.757,1.535,,,
644,PATNA,RANCHI,3037,2788,0.05,3.344,1.304,0,,,
645,PORT BLAIR,RANCHI,2,-,0,-,0,-,,,
646,PORT BLAIR,VISAKHAPATNAM,1355,1568,0.195,3.459,0,0,,,
647,PUNE,RAIPUR,4895,4867,1.851,6.128,0.479,0,,,
648,PUNE,Rajkot International Airport,1987,1946,0.059,0,0,0,,,
649,PUNE,RANCHI,6261,5975,15.535,7.262,0.32,0.451,,,
650,PUNE,SRINAGAR,192,2,0,0,0,0,,,
651,PUNE,SURAT,1948,1942,17.291,6.923,0.164,0.252,,,
652,PUNE,TRIVANDRUM,1916,2029,1.681,0.483,0.185,0,,,
653,PUNE,VADODARA,1753,1796,6.173,0,0.082,0,,,
654,PUNE,VARANASI,6493,6266,1.233,1.0255,0,0,,,
655,RAIPUR,Utkela,14,10,0,0,0,0,,,
656,RAIPUR,VISAKHAPATNAM,29,56,0,0,0,0,,,
657,RAIPUR,Ambikapur Airport,50,52,0,0,0,0,,,
658,RAJAHMUNDRY,TIRUCHIRAPALLY,8,1,0,0,0,0,,,
659,SHIRDI,TIRUPATI,471,323,0,0,0,0,,,
660,SHIRDI,VIJAYAWADA,1372,1487,0,0,0,0,,,
661,Shivamogga Airport,TIRUPATI,1060,878,0,0,0,0,,,
662,TIRUPATI,VIJAYAWADA,762,1290,0.032,0,3.028,0,,,
663,TIRUPATI,VISAKHAPATNAM,1891,1951,0.001,0,0,0.281,,,
664,VARANASI,VISAKHAPATNAM,33,44,0,0,0,0,,,
665,VIJAYAWADA,VISAKHAPATNAM,6011,5003,0.011,0.181,0,1.986,,,
SUB TOTAL,,,7322534,7219148,34661.50084000001,30172.22740000004,1964.3876700000005,1623.1563700000006,,,
TOTAL,,,14541682,,64833.72824000005,,3587.544040000001,,,,
