"City Pair wise  Passenger, Freight & Mail Traffic Statistics For January 2025 (Provisional)
( Scheduled Domestic Services )",Unnamed: 1,Unnamed: 2,Unnamed: 3,Unnamed: 4,Unnamed: 5,Unnamed: 6,Unnamed: 7,Unnamed: 8,Unnamed: 9,Unnamed: 10,Unnamed: 11
"Passengers ( In Number ), Freight ( In Tonne ), Mail ( In  Tonne )",,,,,,,,,,,
S.No.,CITY 1,CITY 2,"PASSENGERS 
TO CITY 2","PASSENGERS 
FROM CITY 2","FREIGHT 
TO CITY 2","FREIGHT 
FROM CITY 2","MAIL 
TO CITY 2","MAIL 
FROM CITY 2",,,
1,ADAMPUR,HINDON AIRPORT,1431,1317,0,0,0,0,,,
2,AGARTALA,BENGALURU,3847,4392,25.145,4.993,0,0.834,,,
3,AGARTALA,DELHI,4833,5203,0.43,19.964,1.703,0.266,,,
4,AGARTALA,DIBRUGARH,420,511,0.009,0,0,0,,,
5,AGARTALA,GUWAHATI,14041,15957,2.536,39.214999999999996,1.569,4.7632200000000005,,,
6,AGARTALA,HYDERABAD,2757,3103,19.238,1.186,0,0,,,
7,AGARTALA,IMPHAL,1880,2122,1.464,21.846,0,0,,,
8,AGARTALA,KOLKATA,29428,29886,12.216,210.606,3.894,2.6639999999999997,,,
9,AGATTI ISLAND,BENGALURU,724,857,0,0.136,0,0,,,  
10,AGATTI ISLAND,Goa,1381,1739,0,0,0,0,,,
11,AGATTI ISLAND,KOCHI,3124,4004,0,0.061,0,0,,,
12,AGRA,AHMEDABAD,1030,1080,0.662,0.085,0,0,,,
13,AGRA,BENGALURU,2892,2997,2.355,1.126,0,0,,,
14,AGRA,HYDERABAD,2053,1925,0.01,0.509,0,0,,,
15,AGRA,MUMBAI,2161,2194,1.718,1.238,0,0,,,
16,AHMEDABAD,PRAYAGRAJ ,5405,4918,0.267,0,0,0,,,
17,AHMEDABAD,AMRITSAR,4800,4311,1.277,0.951,0.016,0,,,
18,AHMEDABAD,BAGDOGRA,2204,2457,1.857,2.106,0,0,,,
19,AHMEDABAD,BELGAUM,551,544,0,0,0,0,,,
20,AHMEDABAD,BENGALURU,48818,46818,445.10242000000005,271.84809,2.196,8.1649,,,
21,AHMEDABAD,BHOPAL,4251,4182,0.555,0,0.401,1.363,,,
22,AHMEDABAD,BHUBANESWAR,5963,5868,21.166,3.209,1.491,1.388,,,
23,AHMEDABAD,BHUJ,1797,1709,0,0,0,0,,,
24,AHMEDABAD,CHANDIGARH,9639,9555,30.682,24.495,0.889,0,,,
25,AHMEDABAD,CHENNAI,21698,20800,146.33499999999998,132.062,1.451,8.709,,,
26,AHMEDABAD,DABOLIM,15798,15980,47.78,5.595,0.226,0.236,,,
27,AHMEDABAD,DehraDun,5362,4628,3.758,0.869,0.243,0.455,,,
28,AHMEDABAD,DELHI,114735,114058,1319.8698299999999,1226.39359,12.508509999999998,29.417,,,
29,AHMEDABAD,DIU,2087,2144,0.095,0,0,0,,,
30,AHMEDABAD,Goa,16124,16496,45.05003,1.61,0.37,0,,,
31,AHMEDABAD,GORAKHPUR,95,-,0,-,0,-,,,
32,AHMEDABAD,GUWAHATI,5178,5061,30.07,3.899,0.051,0.698,,,
33,AHMEDABAD,GWALIOR,363,325,0.007,0,0,0,,,
34,AHMEDABAD,HYDERABAD,27134,24046,172.372,100.691,0.312,17.086,,,
35,AHMEDABAD,INDORE,6755,6808,0.58,0.096,0.173,0,,,
36,AHMEDABAD,JAIPUR,13667,12850,1.8455399999999997,8.75029,0.271,0,,,
37,AHMEDABAD,JALGAON,405,434,0,0,0,0,,,
38,AHMEDABAD,JAMMU,2749,2721,2.461,0,0,0,,,
39,AHMEDABAD,JODHPUR,2143,2174,0,0.009,0.2,0,,,
40,AHMEDABAD,KESHOD,441,332,0,0,0,0,,,
41,AHMEDABAD,KOCHI,7820,7820,33.789,5.126,0.89,2.314,,,
42,AHMEDABAD,KOLHAPUR,789,696,0,0,0,0,,,
43,AHMEDABAD,KOLKATA,24629,24149,220.72677,139.28400000000002,4.091,7.02765,,,
44,AHMEDABAD,LUCKNOW,14723,14174,56.6,13.368,3.849,1.021,,,
45,AHMEDABAD,MUMBAI,93727,91979,855.9487399999999,738.94211,21.350309999999997,52.244610000000016,,,
46,AHMEDABAD,NAGPUR,4541,4424,0.891,0.091,0.167,2.903,,,
47,AHMEDABAD,NANDED,985,949,0,0,0,0,,,
48,AHMEDABAD,NASIK,2198,2066,0,0,0,0,,,
49,AHMEDABAD,PATNA,9296,9319,53.85205,5.558,1.953,2.836,,,
50,AHMEDABAD,PUNE,32670,32195,151.99133999999998,119.53389,3.8600000000000003,3.6444,,,
51,AHMEDABAD,RAIPUR,4567,5408,17.887,0,0.786,0,,,
52,AHMEDABAD,RANCHI,5825,5887,29.203,0.771,1.91,0.539,,,
53,AHMEDABAD,SRINAGAR,5710,5876,0.765,1.543,0.348,0.126,,,
54,AHMEDABAD,TRIVANDRUM,2663,3176,5.434,0.887,0.016,0,,,
55,AHMEDABAD,UDAIPUR,328,289,0,0,0,0,,,
56,AHMEDABAD,VARANASI,4281,5210,14.248,5.397,0,0,,,
57,AHMEDABAD,Ayodhya International Airport ,7614,7371,6.95745,0,0,0,,,
58,AIZAWL,DELHI,6702,4927,8.245,19.659,0,1.322,,,
59,AIZAWL,GUWAHATI,6030,5922,11.057,20.127,2.219,3.309,,,
60,AIZAWL,IMPHAL,403,461,0,0,0,0,,,
61,AIZAWL,KOLKATA,10119,7641,49.346,10.098,10.479,4.871,,,
62,AIZAWL,SHILLONG,700,471,0,0,0,0,,,
63,AMRITSAR,BENGALURU,8334,6886,6.915,4.888,0,2.3560000000000003,,,
64,AMRITSAR,DELHI,53380,56882,19.516000000000002,32.0362,0,0.018,,,
65,AMRITSAR,HYDERABAD,4258,5217,5.094,0.235,0,0.694,,,
66,AMRITSAR,KOLKATA,2291,2352,0.756,0.652,0,0,,,
67,AMRITSAR,KULLU,158,133,0,0,0,0,,,
68,AMRITSAR,LUCKNOW,3241,3354,2.768,0,0,0,,,
69,AMRITSAR,MUMBAI,14736,15318,6.907,17.5609,0,1.89189,,,
70,AMRITSAR,PUNE,3293,3327,0.941,2.112,0,0.05,,,
71,AMRITSAR,SIMLA,104,68,0,0,0,0,,,
72,AMRITSAR,SRINAGAR,7219,6960,1.161,0.526,0,1.344,,,
73,AURANGABAD,BENGALURU,2173,2030,0,0.532,0,0,,,
74,AURANGABAD,DABOLIM,617,521,0,0,0,0,,,
75,AURANGABAD,DELHI,11124,10617,0,57.70099999999999,0,4.9365000000000006,,,
76,AURANGABAD,HYDERABAD,4436,4247,0,0.383,0,0.129,,,
77,AURANGABAD,MUMBAI,10104,9629,0,5.007,0,25.198,,,
78,AURANGABAD,NAGPUR,369,389,0,0,0,0,,,
79,BAGDOGRA,BENGALURU,26152,23424,62.4601,75.57762841059599,1.469,4.881,,,
80,BAGDOGRA,CHENNAI,7887,7387,12.176,5.964,1.593,0.577,,,
81,BAGDOGRA,DELHI,36114,36986,120.54899383519499,229.94347876879806,0.5597,3.331,,,
82,BAGDOGRA,DIBRUGARH,1764,1045,0,0,0,0,,,
83,BAGDOGRA,DURGAPUR,494,458,0,0,0,0,,,
84,BAGDOGRA,GUWAHATI,518,2410,1.4923899999999999,8.84628,0,0,,,
85,BAGDOGRA,HYDERABAD,13046,13001,26.87225,17.351,0.332,0.305,,,
86,BAGDOGRA,JAIPUR,156,-,0,-,0,-,,,
87,BAGDOGRA,KOLKATA,26734,25456,27.916,24.909,11.386000000000001,14.129,,,
88,BAGDOGRA,MUMBAI,12589,12583,47.987,84.82430000000001,2.0093,4.4475999999999996,,,
89,BAGDOGRA,VARANASI,4,-,0,-,0,-,,,
90,BAREILLY,BENGALURU,1830,1866,0,0.162,0,0,,,
91,BAREILLY,MUMBAI,3018,3111,0,0.147,0,0,,,
92,BELGAUM,BENGALURU,4269,4024,0.278,0.318,0.135,0,,,
93,BELGAUM,DELHI,4004,3984,0.009,1.861,0,0,,,
94,BELGAUM,HYDERABAD,2049,1991,0.037,0.02,0,0,,,
95,BELGAUM,JAIPUR,553,526,0,0,0,0,,,
96,BELGAUM,MUMBAI,1248,1327,0,0,0,0,,,
97,BELGAUM,NAGPUR,465,421,0,0,0,0,,,
98,BELGAUM,TIRUPATI,27,27,0,0,0,0,,,
99,BENGALURU,BHOPAL,10254,10664,19.086,3.74,4.884,2.191,,,
100,BENGALURU,BHUBANESWAR,35538,36286,195.06887447014998,37.68209999999999,9.474,0,,,
101,BENGALURU,CHANDIGARH,18391,19724,88.63499999999999,114.1115,8.02,1.1450000000000002,,,
102,BENGALURU,CHENNAI,61468,63882,535.4598259815501,502.74629000000004,10.013,24.81302,,,
103,BENGALURU,COIMBATORE,16506,16860,6.374,25.145,0,2.449,,,
104,BENGALURU,DABOLIM,55302,58352,70.275937434199,107.778818841781,1.075,1.098,,,
105,BENGALURU,DARBHANGA,1689,2505,0.4,0,0,0,,,
106,BENGALURU,DehraDun,8231,7338,5.709,3.575,3.229,0.887,,,
107,BENGALURU,DELHI,194935,192619,2413.508919566518,2709.7942726638107,22.193,31.654,,,
108,BENGALURU,Deoghar ,4823,5004,0.353,0,0,0,,,
109,BENGALURU,DURGAPUR,4803,4925,2.458,0.055,0,0,,,
110,BENGALURU,Goa,15423,15618,0.805,31.915,0,0,,,
111,BENGALURU,GORAKHPUR,10281,10649,46.22144,28.96697,0,5.336,,,
112,BENGALURU,GUWAHATI,34174,30889,153.44034,273.694164761904,10.610999999999999,3.9922500000000003,,,
113,BENGALURU,GWALIOR,2363,2573,0,0,0,0,,,
114,BENGALURU,HUBLI,3906,4101,1.003,0.381,1.5,1.168,,,
115,BENGALURU,HYDERABAD,96188,98008,414.22734999999994,317.10612499525,62.181,39.43790000000001,,,
116,BENGALURU,INDORE,17797,18005,142.31034529148002,36.5805,4.434,1.739,,,
117,BENGALURU,JABALPUR,3237,3145,0.007,2.059,0,0,,,
118,BENGALURU,JAIPUR,36579,35859,159.669408960573,224.432561543514,11.932,3.039,,,
119,BENGALURU,JAMMU,2404,2236,0.632,0,0.465,0,,,
120,BENGALURU,JHARSUGUDA,5131,4995,0.177,0,0,0,,,
121,BENGALURU,JODHPUR,5426,5402,3.766,1.001,3.445,1.837,,,
122,BENGALURU,KALABURAGI,632,812,0,0,0,0,,,
123,BENGALURU,KANNUR,3978,4325,0.391,0.004,0,0,,,
124,BENGALURU,KANPUR,2173,2225,0.941,0,0,0,,,
125,BENGALURU,KOCHI,57117,59807,175.594497021432,64.799964971752,8.094999999999999,9.649000000000001,,,
126,BENGALURU,KOLHAPUR,2082,2203,0.013,0.077,0,0,,,
127,BENGALURU,KOLKATA,99123,97630,745.893771267216,653.04774280702,14.876,9.130040000000001,,,
128,BENGALURU,KOZHIKODE,7764,8270,9.243,0.185,1.8259999999999998,0,,,
129,BENGALURU,KURNOOL,189,197,0.029,0,0,0,,,
130,BENGALURU,LUCKNOW,33846,34222,198.64364878708,85.38828001615299,16.023,6.776000000000001,,,
131,BENGALURU,MADURAI,8368,8505,0.393,1.662,0.945,1.702,,,
132,BENGALURU,MANGALORE,32710,33040,15.638000000000002,11.644,4.536,137.274,,,
133,BENGALURU,MUMBAI,171397,176799,1350.98251,1580.70157,9.5136,39.95290999999998,,,
134,BENGALURU,NAGPUR,21600,22337,59.495,23.787,3.745,6.061,,,
135,BENGALURU,NANDED,1448,1646,0,0,0,0,,,
136,BENGALURU,NASIK,4825,5046,0.468,0.694,0.073,0.198,,,
137,BENGALURU,PATNA,22859,23248,110.48950892315798,22.551000000000002,20.577,7.383,,,
138,BENGALURU,PONDICHERRY,2103,2118,0.023,0,0,0,,,
139,BENGALURU,PORT BLAIR,13864,15522,21.4885,10.7075,3.257,0,,,
140,BENGALURU,PUNE,77990,76123,352.0757,380.63466483870997,15.441600000000001,4.71784,,,
141,BENGALURU,RAIPUR,11217,11871,38.65,1.148,6.914,0,,,
142,BENGALURU,RAJAHMUNDRY,3692,3908,0.482,0.031,0,0,,,
143,BENGALURU,Rajkot International Airport,5203,5418,2.824,0,0,0,,,
144,BENGALURU,RANCHI,20493,20402,101.578791480254,45.600646263171,8.111,3.115,,,
145,BENGALURU,SALEM,1828,2041,0.08,0,0,0,,,
146,BENGALURU,SHIRDI,6629,6797,2.451,10.94,0,0,,,
147,BENGALURU,Shivamogga Airport,1469,1622,0.087,0,0,0,,,
148,BENGALURU,SRINAGAR,5958,6036,4.253,0.309,2.855,0,,,
149,BENGALURU,SURAT,14663,15358,18.9005,70.312664674763,2.354,0.956,,,
150,BENGALURU,TIRUCHIRAPALLY,6135,5668,0.059,0,0.708,0,,,
151,BENGALURU,TIRUPATI,1960,2073,0.372,0.001,0.809,0,,,
152,BENGALURU,TRIVANDRUM,27716,28911,39.397,6.712299623116,6.368,4.685,,,
153,BENGALURU,TUTICORIN,1963,1841,0.004,0.039,0,0,,,
154,BENGALURU,UDAIPUR,11475,11649,13.7,3.5900000000000003,0,0,,,
155,BENGALURU,VADODARA,5015,4967,9.516,0,4.516,0,,,
156,BENGALURU,VARANASI,39857,38542,36.88613,68.49378213676799,4.393,1.6915,,,
157,BENGALURU,VIDYANAGAR,662,782,0,0,0,0,,,
158,BENGALURU,VIJAYAWADA,14246,15696,1.9040000000000001,0.142,2.958,0.466,,,
159,BENGALURU,VISAKHAPATNAM,19458,20777,58.8065,10.822,7.673,1.003,,,
160,BENGALURU,Ayodhya International Airport ,14524,14691,0.028,0,0,0,,,
161,BHATINDA,CHANDIGARH,34,-,0,-,0,-,,,
162,BHATINDA,DELHI,1114,1115,0,0,0,0,,,
163,BHATINDA,HINDON AIRPORT,102,100,0,0,0,0,,,
164,BHAVNAGAR,MUMBAI,1957,1875,0,0,0,0,,,
165,BHAVNAGAR,PUNE,1725,1638,0,0,0,0,,,
166,BHOPAL,DABOLIM,4524,4628,0.002,1.564,0,0.718,,,
167,BHOPAL,DELHI,24713,23026,19.806,88.2424,18.773,29.092000000000002,,,
168,BHOPAL,HYDERABAD,3652,3666,0,0.079,0,0.992,,,
169,BHOPAL,JAIPUR,1227,1261,0,0,0,0,,,
170,BHOPAL,LUCKNOW,1322,1301,0,0,0,0.084,,,
171,BHOPAL,MUMBAI,15082,15132,18.933,45.089,5.137,33.285880000000006,,,
172,BHOPAL,PUNE,4812,4778,0,3.081,0,0.646,,,
173,BHOPAL,RAIPUR,2148,2195,0,0,1.203,0,,,
174,BHOPAL,REWA,99,111,0,0,0,0,,,
175,BHOPAL,UDAIPUR,946,911,0,0,0,0,,,
176,BHUBANESWAR,CHENNAI,13632,13435,4.0360000000000005,25.481,2.671,8.888,,,
177,BHUBANESWAR,DELHI,48812,48712,64.36332,337.659718490788,3.9831499999999997,33.191500000000005,,,
178,BHUBANESWAR,DURGAPUR,744,751,0.006,0,0,0,,,
179,BHUBANESWAR,GUWAHATI,5178,5065,1.488,3.023,0,2.178,,,
180,BHUBANESWAR,HYDERABAD,26307,26457,10.672999999999998,60.431724736971006,1.243,10.481,,,
181,BHUBANESWAR,JAIPUR,2550,2484,0,0,0,0,,,
182,BHUBANESWAR,JAMSHEDPUR,142,160,0,0,0,0,,,
183,BHUBANESWAR,JEYPORE,514,539,0,0,0,0,,,
184,BHUBANESWAR,JHARSUGUDA,361,437,0,0,0,0,,,
185,BHUBANESWAR,KOCHI,3851,3780,0,0,0,0,,,
186,BHUBANESWAR,KOLKATA,26756,26845,75.70428857726701,51.796029999999995,1.943,18.121,,,
187,BHUBANESWAR,LUCKNOW,1736,1773,0,0,0,0,,,
188,BHUBANESWAR,MUMBAI,27072,27715,27.030447138047,117.35418815385599,5.318,16.35045,,,
189,BHUBANESWAR,PATNA,2730,2536,0.72678,0,0,0,,,
190,BHUBANESWAR,PUNE,4938,4368,0.013,0,0,0,,,
191,BHUBANESWAR,RAIPUR,3466,3463,0.06,0.368,0,0.006,,,
192,BHUBANESWAR,RANCHI,1877,1919,0,0.028,0,0.653,,,
193,BHUBANESWAR,ROURKELA,847,893,0,0,0,0,,,
194,BHUBANESWAR,Utkela,128,152,0,0,0,0,,,
195,BHUBANESWAR,VARANASI,1343,1341,0,0,0,0,,,
196,BHUJ,MUMBAI,5785,5854,0,0.753,0,0,,,
197,BIKANER,DELHI,83,102,0,0,0,0,,,
198,BILASPUR,DELHI,735,545,0,0,0,0,,,
199,BILASPUR,INDORE,-,18,-,0,-,0,,,
200,BILASPUR,JABALPUR,376,348,0,0,0,0,,,
201,BILASPUR,JAGDALPUR,228,213,0,0,0,0,,,
202,BILASPUR,KOLKATA,124,129,0,0,0,0,,,
203,BILASPUR,Ambikapur Airport,33,37,0,0,0,0,,,
204,CHANDIGARH,CHENNAI,4784,5049,32.698,28.192,0,2.287,,,
205,CHANDIGARH,DABOLIM,11360,11584,2.19,5.664,0,0.217,,,
206,CHANDIGARH,DELHI,36747,38173,69.8405,42.432500000000005,8.281,21.201,,,
207,CHANDIGARH,DHARAMSALA,925,1199,0,0,0,0,,,
208,CHANDIGARH,HYDERABAD,9714,11031,52.695,36.608,0,10.812,,,
209,CHANDIGARH,INDORE,2338,2663,3.453,0.051,0,0,,,
210,CHANDIGARH,JAIPUR,4443,5033,0,0.093,0,0,,,
211,CHANDIGARH,JAMMU,1370,1421,0,0,0,0,,,
212,CHANDIGARH,KOLKATA,5039,5381,24.389,6.119,0,0,,,
213,CHANDIGARH,LEH,2159,3210,1.943,0.47,8.778,0,,,
214,CHANDIGARH,LUCKNOW,3913,4421,3.64,0.212,0,5.879,,,
215,CHANDIGARH,MUMBAI,28661,29668,81.8045,120.60080000000002,2.739,7.535259999999999,,,
216,CHANDIGARH,PATNA,4504,4637,9.004,0.068,0,1.826,,,
217,CHANDIGARH,PUNE,4738,4481,13.193,12.939,0,0,,,
218,CHANDIGARH,SRINAGAR,10040,9785,4.643,2.678,0,2.3299999999999996,,,
219,CHENNAI,COIMBATORE,39688,39834,17.114,30.584000000000003,8.164840000000002,8.916,,,
220,CHENNAI,DABOLIM,16155,18013,6.913,29.837,0.729,1.056,,,
221,CHENNAI,DELHI,110168,107038,1148.2320000000002,1169.0149000000001,64.78075999999999,46.20967999999999,,,
222,CHENNAI,DURGAPUR,4129,4158,0.432,0.005,0,0,,,
223,CHENNAI,Goa,645,573,0,2.754,0,0,,,
224,CHENNAI,GUWAHATI,15039,15797,31.808313636364,46.23945865102101,5.609,2.749,,,
225,CHENNAI,HYDERABAD,66939,67835,476.19895,414.24879999999996,16.444460000000003,17.547,,,
226,CHENNAI,INDORE,7647,8243,59.659,16.442,2.124,1.748,,,
227,CHENNAI,JAIPUR,13306,13282,34.213,94.84,6.021,1.514,,,
228,CHENNAI,Cuddapah,375,648,0.044,0,0,0,,,
229,CHENNAI,KANNUR,3029,3756,0.581,0.021,0,0,,,
230,CHENNAI,KOCHI,32157,36445,60.39409999999998,12.496193503649998,7.074,8.106,,,
231,CHENNAI,KOLKATA,44780,43590,192.716998957851,230.20366465157198,19.903489999999998,12.746809999999998,,,
232,CHENNAI,KOZHIKODE,3940,4138,0.419,0,1.012,0,,,
233,CHENNAI,KURNOOL,481,448,0.056,0,0,0,,,
234,CHENNAI,LUCKNOW,4599,4364,40.023,13.998,5.286,4.693,,,
235,CHENNAI,MADURAI,22623,22354,1.1920000000000002,4.7459999999999996,16.74998,9.147359999999999,,,
236,CHENNAI,MANGALORE,3503,3682,0.034,0.05,0.009,11.008,,,
237,CHENNAI,MUMBAI,87813,90471,384.7751,501.95856,54.604440000000004,43.6689,,,
238,CHENNAI,MYSORE,2078,2001,0.05,0,0,0,,,
239,CHENNAI,PATNA,4962,5006,18.16,6.31,9.292,3.278,,,
240,CHENNAI,PORT BLAIR,26410,28717,126.38702999999998,86.29665999999999,9.75653,5.996,,,
241,CHENNAI,PUNE,36614,37817,215.372,179.975,6.831,4.361,,,
242,CHENNAI,RAIPUR,4582,4397,9.394,0,0.951,0,,,
243,CHENNAI,RAJAHMUNDRY,2117,2263,0.005,0.004,0,0,,,
244,CHENNAI,RANCHI,5261,5192,16.176,2.302,3.539,0.974,,,
245,CHENNAI,SALEM,1643,1942,0.02,0,0,0,,,
246,CHENNAI,SHIRDI,4800,4550,0.319,0,0,0,,,
247,CHENNAI,Shivamogga Airport,597,691,5.637779999999999,5.598,0,0,,,
248,CHENNAI,SURAT,4304,4742,2.175,10.611,0.056,0.258,,,
249,CHENNAI,TIRUCHIRAPALLY,12192,11853,0.647,0.13,0.181,0,,,
250,CHENNAI,TRIVANDRUM,14823,17503,10.455,32.745,7.328,4.663,,,
251,CHENNAI,TUTICORIN,8041,7931,0.277,0.024,0,0,,,
252,CHENNAI,VADODARA,675,762,0.05,0,0,0,,,
253,CHENNAI,VARANASI,5236,5202,4.815,30.281,0.199,0.247,,,
254,CHENNAI,VIJAYAWADA,4004,4185,0.207,0.152,0,0,,,
255,CHENNAI,VISAKHAPATNAM,12216,13754,43.576,11.852,7.210000000000001,1.531,,,
256,COIMBATORE,DABOLIM,2174,2224,0.001,0,0,0,,,
257,COIMBATORE,DELHI,18440,17668,134.49,174.7062,0.206,3.939,,,
258,COIMBATORE,HYDERABAD,21396,20720,33.313,25.032,7.4559999999999995,5.8229999999999995,,,
259,COIMBATORE,MUMBAI,32990,33663,115.89169999999999,136.589,7.627,7.601179999999998,,,
260,COIMBATORE,PUNE,5344,4894,14.497,22.631,0,0.321,,,
261,COOCH BEHAR,KOLKATA,260,261,0,0,0,0,,,
262,Cuddapah,VIJAYAWADA,399,247,0,0.112,0,0,,,
263,DABOLIM,DELHI,73232,68809,93.897862286124,170.121231315775,1.659,4.835,,,
264,DABOLIM,HYDERABAD,36631,33596,48.214047517309005,37.145,0.674,2.098,,,
265,DABOLIM,INDORE,3307,4211,2.255,1.266,0.349,0,,,
266,DABOLIM,JAIPUR,5400,4728,1.47,5.579,0.315,0,,,
267,DABOLIM,KOCHI,4998,4936,8.845,0.099,0.494,0,,,
268,DABOLIM,KOLKATA,6040,5537,13.327,9.989,1.528,0,,,
269,DABOLIM,LUCKNOW,5265,4737,5.253,0.762,0.53,0.105,,,
270,DABOLIM,MUMBAI,70044,69814,57.608705015904,84.0548,5.8307199999999995,20.850379999999998,,,
271,DABOLIM,NAGPUR,5406,5292,0.722,0.001,0.092,0,,,
272,DABOLIM,NASIK,791,858,0,0,0,0,,,
273,DABOLIM,PUNE,11254,10264,5.884,0.749,0.705,0,,,
274,DABOLIM,RAIPUR,4824,4577,8.58,0,1.35,0,,,
275,DABOLIM,SURAT,6028,5563,0.398,25.231,1.591,0.511,,,
276,DARBHANGA,DELHI,5509,5792,0,19.366549999999997,0,0,,,
277,DARBHANGA,HYDERABAD,2696,2691,0,0.164,0,0,,,
278,DARBHANGA,KOLKATA,779,818,0,0.007,0,0,,,
279,DARBHANGA,MUMBAI,4457,4598,0,13.290840000000001,0,0,,,
280,DehraDun,DELHI,21933,21801,1.746,4.622,14.308,30.079,,,
281,DehraDun,HYDERABAD,4237,4540,0.706,5.478,0.549,0.621,,,
282,DehraDun,JAIPUR,1691,1787,0,0,0,0,,,
283,DehraDun,KOLKATA,2810,3063,3.202,0.434,0.22,0,,,
284,DehraDun,KULLU,243,138,0,0,0,0,,,
285,DehraDun,LUCKNOW,3741,3905,0.441,0.178,0.964,1.366,,,
286,DehraDun,MUMBAI,9259,9624,0.674,9.471,1.392,3.747,,,
287,DehraDun,PITHORAGARH,162,140,0,0,0,0,,,
288,DehraDun,PUNE,4444,4463,1.848,0.257,0.244,0.38,,,
289,DELHI,Deoghar ,5533,5632,0.061,0,0,0,,,
290,DELHI,DHARAMSALA,5565,4904,0.18869,0,0,0,,,
291,DELHI,DIBRUGARH,8843,9373,26.198,2.555,8.362,3.445,,,
292,DELHI,DIMAPUR,4851,5338,8.714,16.1,3.129,5.483,,,
293,DELHI,DURGAPUR,4945,4785,0.8250000000000001,1.053,0,0,,,
294,DELHI,GAYA,4737,4827,8.245,0,0,0,,,
295,DELHI,Goa,54132,57872,74.55660999999999,107.47389000000001,0,0.5254,,,
296,DELHI,GORAKHPUR,17919,17025,39.49085,45.11544,31.079,0,,,
297,DELHI,GUWAHATI,65528,68780,387.057540611116,300.75275,25.51362,8.449,,,
298,DELHI,GWALIOR,3407,3383,0.145,0,0,0,,,
299,DELHI,HUBLI,4405,4490,9.722,5.296,0.444,0.637,,,
300,DELHI,HYDERABAD,127462,130615,1549.3935299999998,912.7177,41.439499999999995,27.699,,,
301,DELHI,IMPHAL,6783,6772,33.914,99.934,7.682,7.48,,,
302,DELHI,INDORE,40145,42688,226.85456990711,106.6,21.56072,7.237,,,
303,DELHI,Itanagar,2802,2878,0.187,0,0,0,,,
304,DELHI,JABALPUR,5674,5723,2.535,0,0,0,,,
305,DELHI,JAGDALPUR,-,25,-,0,-,0,,,
306,DELHI,JAIPUR,22917,22556,19.17185,27.95096,38.118,9.868,,,
307,DELHI,JAISALMER,5308,5392,0.054,0,0,0,,,
308,DELHI,JAMMU,21324,20608,50.46113,9.275450000000001,14.60731,1.4672,,,
309,DELHI,JHARSUGUDA,5320,5232,0.085,0,0,0,,,
310,DELHI,JODHPUR,15153,16299,10.5517,0.021,28.712999999999997,9.606,,,
311,DELHI,KANDLA,409,378,0.085,0,0,0,,,
312,DELHI,KANNUR,5407,5231,1.168,0.321,0,0,,,
313,DELHI,KANPUR,4755,5004,5.935,0,0,0,,,
314,DELHI,KHAJURAHO,3382,3856,0.0655,0,0,0,,,
315,DELHI,KOCHI,41969,45024,412.30518593731404,133.603285090253,18.733,18.00327000000002,,,
316,DELHI,KOLKATA,121831,123163,1392.53661,1530.68066,60.13070999999999,35.866899999999994,,,
317,DELHI,KOZHIKODE,5819,5677,13.09,1.664,5.668,0,,,
318,DELHI,KULLU,474,277,0,0,0,0,,,
319,DELHI,LEH,18865,22722,127.75683999999998,31.262079999999997,39.050430000000006,16.188000000000002,,,
320,DELHI,LUCKNOW,62684,61073,178.131195160946,78.22749999999999,76.96322,24.456,,,
321,DELHI,MADURAI,6453,6325,26.782,37.968,3.834,1.897,,,
322,DELHI,MANGALORE,5280,5379,19.342,5.405,0.956,42.527,,,
323,DELHI,MUMBAI,279457,282359,3751.2675375987596,2448.273311556686,43.977,108.43289000000001,,,
324,DELHI,NAGPUR,29134,30007,173.87099999999998,63.6089,15.912,13.449,,,
325,DELHI,NASIK,4341,4611,2.906,0.077,0,0.382,,,
326,DELHI,PANTNAGAR,3497,3417,0.27,0,0,0,,,
327,DELHI,PATNA,52105,49844,345.91742000000005,60.6631,47.999,22.32,,,
328,DELHI,PITHORAGARH,258,223,0,0,0,0,,,
329,DELHI,PORT BLAIR,5679,6002,34.182,15.275,3.184,0,,,
330,DELHI,PUNE,124651,124066,977.0384592482749,780.3973505095171,16.191399999999998,2.6014099999999996,,,
331,DELHI,RAIPUR,30851,31028,211.9502,1.716,23.7985,0,,,
332,DELHI,RAJAHMUNDRY,4061,4854,0.503,0.793,0,0,,,
333,DELHI,Rajkot International Airport,10633,10789,16.611,0.261,8.205,0,,,
334,DELHI,RANCHI,40297,41115,247.53746991898703,35.205165537633995,24.747,8.9634,,,
335,DELHI,SHILLONG,616,611,0.053,0,0,0,,,
336,DELHI,SHIRDI,11034,11154,3.63443,2.449,0,0,,,
337,DELHI,SIMLA,1028,610,0,0,0,0,,,
338,DELHI,SRINAGAR,76135,78528,332.57729334811,210.678927513228,7.538000000000001,33.278,,,
339,DELHI,SURAT,28817,29105,120.063471014493,107.06786133728599,10.356,7.931,,,
340,DELHI,TIRUPATI,3259,3357,2.4,1.088,0.592,0,,,
341,DELHI,TRIVANDRUM,19415,21735,46.1525,13.86,9.7,8.340909999999994,,,
342,DELHI,UDAIPUR,31596,34558,22.436,1.6070000000000002,0,0,,,
343,DELHI,VADODARA,26730,26932,91.506,0.002,10.293,0,,,
344,DELHI,VARANASI,27370,28440,92.45313999999999,36.355070000000005,20.011,1.888,,,
345,DELHI,VIJAYAWADA,11019,12998,56.542,3.5557,5.5840000000000005,0.02,,,
346,DELHI,VISAKHAPATNAM,21264,22075,55.313,9.732,4.923,2.021,,,
347,DELHI,Ayodhya International Airport ,14062,14036,0.6575,0.95345,0,0,,,
348,Deoghar ,KOLKATA,1891,1674,0,0.135,0,0,,,
349,Deoghar ,MUMBAI,2160,2011,0,0,0,0,,,
350,Deoghar ,PATNA,816,366,0,0,0,0,,,
351,Deoghar ,RANCHI,427,971,0,0,0,0,,,
352,DHARAMSALA,SIMLA,213,208,0,0,0,0,,,
353,DIBRUGARH,GUWAHATI,6943,8541,3.281,1.567,8.414,8.026,,,
354,DIBRUGARH,IMPHAL,2866,2688,0,0,0,0,,,
355,DIBRUGARH,KOLKATA,10676,10225,7.011,26.513,2.019,5.413,,,
356,DIMAPUR,GUWAHATI,7826,5041,2.114,5.455,0,0.021,,,
357,DIMAPUR,IMPHAL,505,490,0,0,0,0,,,
358,DIMAPUR,KOLKATA,5386,4656,10.47,18.046,5.768,3.691,,,
359,DIU,KESHOD,5,26,0,0,0,0,,,
360,DIU,MUMBAI,1218,1162,0,0,0,0,,,
361,DIU,SURAT,2005,1864,0,0.008,0,0,,,
362,DURGAPUR,GUWAHATI,675,533,0,0,0,0,,,
363,DURGAPUR,HYDERABAD,4906,5156,0.914,1.2209999999999999,0,0,,,
364,DURGAPUR,MUMBAI,3033,3146,0.823,4.508,0,0,,,
365,GAYA,KOLKATA,4138,4455,0,0.714,0,0,,,
366,Goa,HYDERABAD,28282,26826,1.572,15.187000000000001,0,0.044,,,
367,Goa,JAIPUR,6583,6279,0,2.489,0,0,,,
368,Goa,JALGAON,1868,1822,0,0,0,0,,,
369,Goa,KOLKATA,5403,4964,6.261,5.166,0,0,,,
370,Goa,MUMBAI,41178,40867,40.091319999999996,58.28842,0,0.34232,,,
371,Goa,NAGPUR,5113,4981,3.268,0.064,0.044,0,,,
372,Goa,PUNE,9825,10075,27.76285,41.418,0,0,,,
373,Goa,Rajkot International Airport,4827,3953,0,0,0,0,,,
374,Goa,Shivamogga Airport,1321,1124,0,0,0,0,,,
375,Goa,VADODARA,4652,3415,3.308,0,0,0,,,
376,Gondia ,HYDERABAD,1102,902,0,0.023,0,0,,,
377,GORAKHPUR,HYDERABAD,4948,6158,0,0.928,0,0,,,
378,GORAKHPUR,KOLKATA,1980,1962,0,0.002,0,0,,,
379,GORAKHPUR,MUMBAI,11502,10757,0,4.674,0,5.391,,,
380,GUWAHATI,HYDERABAD,15138,14733,38.513,24.512,1.4789999999999999,8.21,,,
381,GUWAHATI,IMPHAL,20610,20718,97.80990000000001,116.8335,7.386,3.426,,,
382,GUWAHATI,Itanagar,121,106,0,0,0,0,,,
383,GUWAHATI,JAIPUR,4964,4498,0,0,0,0,,,
384,GUWAHATI,KOLKATA,43396,42815,65.3032,447.92060000000004,9.71718,12.23973,,,
385,GUWAHATI,LUCKNOW,4447,4463,0.755,12.591999999999999,2.918,2.218,,,
386,GUWAHATI,MUMBAI,17383,17536,32.571,113.55466,4.54387,19.0882,,,
387,GUWAHATI,PASIGHAT,451,605,0,0,0,0,,,
388,GUWAHATI,PUNE,4157,4318,3.259,11.206,0.892,0.557,,,
389,GUWAHATI,RUPSI,53,100,0,0,0,0,,,
390,GUWAHATI,SHILLONG,-,37,-,0,-,0,,,
391,GUWAHATI,SILCHAR,4544,3857,4.096,0.1,4.274,0,,,
392,GUWAHATI,TEZU,509,364,0,0,0,0,,,
393,GUWAHATI,Ziro,43,60,0,0,0,0,,,
394,GWALIOR,HYDERABAD,872,702,0,0,0,0,,,
395,GWALIOR,MUMBAI,5108,5381,0,0.237,0,0,,,
396,HUBLI,HYDERABAD,2044,1893,0.093,0.02,1.24,0,,,
397,HUBLI,MUMBAI,4184,4320,0.104,1.633,1.019,0.577,,,
398,HUBLI,PUNE,1112,1175,0.001,0,0,0.494,,,
399,Hyderabad,HYDERABAD,-,2,-,0,-,0,,,
400,HYDERABAD,INDORE,18352,18149,57.541,26.9495,24.11,1.339,,,
401,HYDERABAD,JABALPUR,2820,2757,0,0,0,0,,,
402,HYDERABAD,JAGDALPUR,1591,1518,0.083,0,0,0,,,
403,HYDERABAD,JAIPUR,23573,21562,47.042,108.25750000000001,11.486,2.515,,,
404,HYDERABAD,JALGAON,809,924,0,0,0,0,,,
405,HYDERABAD,JAMMU,2416,2328,1.454,0.08,0.798,0,,,
406,HYDERABAD,JHARSUGUDA,2108,2231,0,0,0,0,,,
407,HYDERABAD,JODHPUR,5165,5076,0.318,0.883,0.395,0.524,,,
408,HYDERABAD,Cuddapah,2119,2038,0.002,0,0,0,,,
409,HYDERABAD,KANNUR,1774,1932,0,0,0,0,,,
410,HYDERABAD,KANPUR,2827,2679,0.481,0,0,0,,,
411,HYDERABAD,KOCHI,38618,40174,79.349822263835,26.204292388452,8.094000000000001,9.541,,,
412,HYDERABAD,KOLHAPUR,1668,2026,0.177,3.052,0,0,,,
413,HYDERABAD,KOLKATA,49624,47048,185.652,199.81,23.879,6.635,,,
414,HYDERABAD,KOZHIKODE,4551,4625,1.316,3.599,0,0,,,
415,HYDERABAD,LUCKNOW,24334,22994,32.279,13.274,11.559,4.075,,,
416,HYDERABAD,MADURAI,9690,8874,5.033,43.049,13.04,0.971,,,
417,HYDERABAD,MANGALORE,4908,5141,0.094,0.071,2.466,4.076,,,
418,HYDERABAD,MUMBAI,96955,101542,667.8259,874.0144999999999,39.577130000000004,57.40571,,,
419,HYDERABAD,MYSORE,2092,1992,0.124,0,0,0,,,
420,HYDERABAD,NAGPUR,5143,6153,0.431,0.075,0.092,0,,,
421,HYDERABAD,NANDED,878,923,0,0,0,0,,,
422,HYDERABAD,NASIK,2017,2036,0.058,0,0.033,0.097,,,
423,HYDERABAD,PATNA,18163,16938,52.9625,8.111,19.206,2.887,,,
424,HYDERABAD,PONDICHERRY,2208,2141,0.005,0,0,0,,,
425,HYDERABAD,PORT BLAIR,9645,11405,28.389,17.029,3.112,3.663,,,
426,HYDERABAD,PUNE,25418,25397,42.922,80.482,9.265,3.817,,,
427,HYDERABAD,RAIPUR,9929,9729,12.963,0.08,14.99,0,,,
428,HYDERABAD,RAJAHMUNDRY,11581,11508,0.816,0.596,0,0,,,
429,HYDERABAD,Rajkot International Airport,4550,4836,0.321,0,0,0,,,
430,HYDERABAD,RANCHI,13702,12865,26.278,7.571,6.609,3.32,,,
431,HYDERABAD,SALEM,898,831,0.008,0,0,0,,,
432,HYDERABAD,SHIRDI,7180,7365,12.502,5.79722,0,0,,,
433,HYDERABAD,Shivamogga Airport,2504,2756,5.620340000000001,5.637779999999999,0,0,,,
434,HYDERABAD,SRINAGAR,6433,6328,1.744,6.124,0.748,0,,,
435,HYDERABAD,SURAT,8066,7951,3.636,41.002,4.18,0.824,,,
436,HYDERABAD,TIRUCHIRAPALLY,5195,4479,1.422,0.217,4.618,0,,,
437,HYDERABAD,TIRUPATI,32780,32111,9.544170000000001,3.021,6.317,2.678,,,
438,HYDERABAD,TRIVANDRUM,16719,17895,6.55,12.031429999999999,3.563,2.566,,,
439,HYDERABAD,UDAIPUR,6758,6829,2.205,0.357,0,0,,,
440,HYDERABAD,VADODARA,5241,5074,17.862,0,5.768,0,,,
441,HYDERABAD,VARANASI,26391,25420,9.959249999999999,25.701,2.374,0.269,,,
442,HYDERABAD,VIDYANAGAR,852,995,0,0,0,0,,,
443,HYDERABAD,VIJAYAWADA,14337,14584,2.939,0.496,12.564,0.661,,,
444,HYDERABAD,VISAKHAPATNAM,47150,46798,32.802,47.169,20.912,0,,,
445,HYDERABAD,Ayodhya International Airport ,3015,3001,0.001,0,0,0,,,
446,IMPHAL,KOLKATA,18792,19010,94.745,43.8961,17.371,4.95484,,,
447,IMPHAL,SHILLONG,952,772,0,0,0,0,,,
448,IMPHAL,SILCHAR,899,1015,0,0,0,0,,,
449,IMPHAL,TEZU,390,404,0,0,0,0,,,
450,INDORE,JABALPUR,1834,2267,0,0,0,0,,,
451,INDORE,JAIPUR,4870,4880,0.028,0.14400000000000002,0,0,,,
452,INDORE,JAMMU,856,896,0.017,0,0.024,0,,,
453,INDORE,JODHPUR,2201,2158,0.003,0,0,0,,,
454,INDORE,KOLKATA,12121,13035,18.156,23.901,1.823,0.246,,,
455,INDORE,LUCKNOW,4064,4193,0.009999999999999998,0.025,0,0.038,,,
456,INDORE,MUMBAI,31823,32660,107.681,107.1235,8.87442,16.9806,,,
457,INDORE,NAGPUR,3370,3297,0.01,0.104,0,0,,,
458,INDORE,NASIK,446,594,0,0,0,0,,,
459,INDORE,PUNE,9382,8920,2.3,22.255,1.27,0.695,,,
460,INDORE,RAIPUR,3133,3853,2.844,0,0.723,0,,,
461,INDORE,SHIRDI,1810,1338,0,0,0,0,,,
462,INDORE,UDAIPUR,1207,1161,0,0,0,0,,,
463,Itanagar,KOLKATA,4095,4189,0,0.039,0,0,,,
464,Itanagar,TEZU,18,47,0,0,0,0,,,
465,JABALPUR,JAGDALPUR,215,180,0,0,0,0,,,
466,JABALPUR,MUMBAI,5204,5235,0,0.28,0,0,,,
467,JAGDALPUR,RAIPUR,-,80,-,0.172,-,0,,,
468,JAIPUR,JAISALMER,2133,2111,0,0,0,0,,,
469,JAIPUR,JODHPUR,1565,1617,0,0,0,0,,,
470,JAIPUR,KOLKATA,26655,27272,117.77,25.618000000000002,2.719,2.114,,,
471,JAIPUR,KULLU,372,208,0,0,0,0,,,
472,JAIPUR,LUCKNOW,2198,2228,0.088,0.013,0,0.18,,,
473,JAIPUR,MUMBAI,50064,51485,276.879814017865,290.69290896966004,7.228,38.93009,,,
474,JAIPUR,PUNE,13382,14201,24.502169999999996,18.52912,0,0,,,
475,JAIPUR,SURAT,4944,5169,0.004,0.287,0,0.304,,,
476,JAIPUR,UDAIPUR,3489,3544,0.035,0.012,0,0,,,
477,JAIPUR,VARANASI,1714,1813,1.27054,0.0389,0,0,,,
478,JAISALMER,MUMBAI,5152,4902,0,0,0,0,,,
479,JALGAON,MUMBAI,554,462,0,0,0,0,,,
480,JALGAON,PUNE,1485,1281,0,0,0,0,,,
481,JAMMU,LEH,3645,4404,6.228,0,1.62904,0,,,
482,JAMMU,MUMBAI,2755,3400,0,6.462,0,1.4589999999999999,,,
483,JAMMU,SRINAGAR,23521,19385,1.8995,4.39655,0.4308,3.484,,,
484,JAMNAGAR,MUMBAI,5060,5258,0.663,5.628,1.5095100000000001,0,,,
485,JAMSHEDPUR,KOLKATA,201,141,0,0,0,0,,,
486,JEYPORE,VISAKHAPATNAM,199,138,0,0,0,0,,,
487,JHARSUGUDA,KOLKATA,1979,2083,0,0.009,0,0,,,
488,JHARSUGUDA,MUMBAI,-,57,-,0,-,0,,,
489,JODHPUR,KOLKATA,367,500,0,0,0,0,,,
490,JODHPUR,MUMBAI,13953,15003,0.824,3.399,1.50928,12.26315,,,
491,JODHPUR,PUNE,4474,4753,0,0.697,0.429,0,,,
492,JORHAT,KOLKATA,6415,6510,2.228,4.035,0,0,,,
493,JORHAT,PASIGHAT,2,12,0,0,0,0,,,
494,JORHAT,TEZU,278,204,0,0,0,0,,,
495,KANDLA,MUMBAI,2352,2455,0,0.04933,0,0,,,
496,KANNUR,KOCHI,1407,1592,0.027,0,0,0,,,
497,KANNUR,MUMBAI,2991,3105,0.09,1.218,0,0,,,
498,KANNUR,TRIVANDRUM,874,1037,2.112,1.148,0,0,,,
499,KANPUR,MUMBAI,5489,5249,0,4.834,0,3.218,,,
500,KESHOD,MUMBAI,478,544,0,0,0,0,,,
501,KHAJURAHO,REWA,8,5,0,0,0,0,,,
502,KHAJURAHO,VARANASI,1633,1296,0,0,0,0,,,
503,Kishangarh,LUCKNOW,1204,1232,0,0,0,0,,,
504,Kishangarh,NAGPUR,1182,1228,0,0,0,0,,,
505,Kishangarh,PUNE,1481,1589,0,0,0,0,,,
506,Kishangarh,HINDON AIRPORT,567,587,0,0,0,0,,,
507,KOCHI,KOLKATA,8580,8279,38.888,13.131,1.717,1.174,,,
508,KOCHI,KOZHIKODE,1067,1213,0.004,0.01,0,0,,,
509,KOCHI,MUMBAI,52503,51601,103.2655,192.48507999999998,23.72786,21.415149999999997,,,
510,KOCHI,PUNE,10401,10452,8.555,36.147839572193,0,0,,,
511,KOCHI,SALEM,916,826,0,0,0,0,,,
512,KOCHI,Shivamogga Airport,27,11,0,0,0,0,,,
513,KOCHI,TRIVANDRUM,1323,1434,3.18,1.128,0,0,,,
514,KOLHAPUR,MUMBAI,1238,1378,0,0,0,0,,,
515,KOLHAPUR,TIRUPATI,512,532,0,0,0,0,,,
516,KOLKATA,LILABARI,705,766,0.026,0,0,0,,,
517,KOLKATA,LUCKNOW,12680,12557,55.014,61.884,5.432,2.832,,,
518,KOLKATA,MUMBAI,96998,97527,600.57638,919.95417,28.57752,31.62638,,,
519,KOLKATA,NAGPUR,5416,5522,12.486,23.305,0.042,2.351,,,
520,KOLKATA,PATNA,10525,10348,24.007,9.962,57.882,10.033,,,
521,KOLKATA,PORT BLAIR,28715,30642,154.45481,88.83814,18.57149,0.273,,,
522,KOLKATA,PUNE,20784,22854,85.1428,170.60100000000003,0.313,3.383,,,
523,KOLKATA,RAIPUR,11534,11718,28.053,1.084,12.965,0,,,
524,KOLKATA,RANCHI,8410,9337,4.588,1.05,6.353,2.7,,,
525,KOLKATA,ROURKELA,295,407,0,0,0,0,,,
526,KOLKATA,RUPSI,221,242,0,0,0,0,,,
527,KOLKATA,SHILLONG,3025,2522,0.065,0,0,0,,,
528,KOLKATA,SILCHAR,15321,14335,38.0111,0.157,7.330569999999999,0,,,
529,KOLKATA,SRINAGAR,5050,4683,1.449,4.577,0,0,,,
530,KOLKATA,SURAT,3392,3508,8.037,7.891,0,0,,,
531,KOLKATA,VARANASI,11309,11417,2.906,12.685,1.861,0,,,
532,KOLKATA,VISAKHAPATNAM,7938,8196,1.772,16.449,0,0,,,
533,KOZHIKODE,MUMBAI,8253,8069,0.08600000000000001,4.60492,0,5.871,,,
534,KURNOOL,VISAKHAPATNAM,357,281,0,0,0,0,,,
535,LEH,SRINAGAR,891,767,0,0.6465,0,0.815,,,
536,LUCKNOW,MUMBAI,47553,47389,58.80709,224.210331710648,8.88517,32.4401,,,
537,LUCKNOW,PATNA,3720,4047,10.665000000000001,0.935,9.553,4.609999999999999,,,
538,LUCKNOW,PUNE,10951,10390,23.22,30.01,0.351,0.899,,,
539,LUCKNOW,RAIPUR,3269,3735,3.231,0,3.082,0,,,
540,LUCKNOW,VARANASI,774,779,0,0,0,0,,,
541,MADURAI,MUMBAI,6451,6781,19.813,8.361,0,6.077,,,
542,Malvan,PUNE,141,227,0,0,0,0,,,
543,MANGALORE,MUMBAI,28255,28295,2.572,12.079249152542001,77.989,4.46313,,,
544,MANGALORE,PUNE,902,878,0,0.1667,0,0,,,
545,MUMBAI,NAGPUR,31479,31675,119.21029999999999,103.8486,60.01079,9.25452,,,
546,MUMBAI,PATNA,14984,15007,67.30633,28.503,28.688879999999997,4.678,,,
547,MUMBAI,PORT BLAIR,7538,7464,20.869,5.369999999999999,0.2639,0,,,
548,MUMBAI,PUNE,-,14,-,0.58,-,0,,,
549,MUMBAI,RAIPUR,15951,16350,99.659,0.92,17.387,0,,,
550,MUMBAI,RAJAHMUNDRY,4315,4524,0.534,0.089,0,0,,,
551,MUMBAI,Rajkot International Airport,26595,26405,16.6017,0.58,17.95688999999999,0,,,
552,MUMBAI,RANCHI,10183,10054,63.13413982970502,13.25368,8.791,2.301,,,
553,MUMBAI,SRINAGAR,12736,13090,24.7214,32.604,1.3651,0.15,,,
554,MUMBAI,TIRUCHIRAPALLY,2309,1979,0.267,0,0,0,,,
555,MUMBAI,TIRUPATI,4870,4252,0.079,0,0,0,,,
556,MUMBAI,TRIVANDRUM,15822,16372,14.653000000000002,10.174000000000001,6.952369999999997,4.47681,,,
557,MUMBAI,UDAIPUR,26113,25133,14.908,3.032,0,0,,,
558,MUMBAI,VADODARA,14817,15702,24.698,0.05,18.01529,0,,,
559,MUMBAI,VARANASI,39168,39174,89.56657,51.71427,15.980039999999999,0.917,,,
560,MUMBAI,VIJAYAWADA,8849,8978,15.644,2.886,1.3489,0.255,,,
561,MUMBAI,VISAKHAPATNAM,10847,10716,19.063100000000002,6.391,10.18806,1.905,,,
562,MUMBAI,Ayodhya International Airport ,13690,13567,0.124,0,0,0,,,
563,NAGPUR,NASIK,747,780,0.021,0,0,0,,,
564,NAGPUR,PUNE,11664,12158,6.558,39.724,5.921,3.145,,,
565,NAGPUR,RAIPUR,307,-,0,-,0,-,,,
566,NANDED,PUNE,1294,1259,0,0,0,0,,,
567,NANDED,HINDON AIRPORT,1879,1927,0,0,0,0,,,
568,PANTNAGAR,PITHORAGARH,45,50,0,0,0,0,,,
569,PASIGHAT,SHILLONG,25,14,0,0,0,0,,,
570,PATNA,PUNE,5281,5252,0.213,20.44,2.195,2.416,,,
571,PATNA,RANCHI,2315,2623,0.025,0.287,1.853,0,,,
572,PORT BLAIR,VISAKHAPATNAM,1033,858,0.001,0.771,0,0,,,
573,PRAYAGRAJ ,BENGALURU,8187,9042,5.367229999999999,12.24422,0.296,2.315,,,
574,PRAYAGRAJ ,BHUBANESWAR,1126,1156,0,0,0,0,,,
575,PRAYAGRAJ ,BILASPUR,522,581,0,0,0,0,,,
576,PRAYAGRAJ ,CHANDIGARH,111,184,0,0,0,0,,,
577,PRAYAGRAJ ,DehraDun,175,108,0,0,0,0,,,
578,PRAYAGRAJ ,DELHI,18207,19068,11.31622,12.93223,0,14.863,,,
579,PRAYAGRAJ ,GORAKHPUR,31,27,0,0,0,0,,,
580,PRAYAGRAJ ,GUWAHATI,54,61,0,0,0,0,,,
581,PRAYAGRAJ ,HYDERABAD,2479,2560,0,0.786,0.098,0,,,
582,PRAYAGRAJ ,INDORE,249,299,0,0,0,0,,,
583,PRAYAGRAJ ,JAIPUR,1242,1633,0,0,0,0,,,
584,PRAYAGRAJ ,KOLKATA,2563,3109,0,0,0,0,,,
585,PRAYAGRAJ ,LUCKNOW,1244,1211,0,0.043,0,0,,,
586,PRAYAGRAJ ,MUMBAI,16428,16845,0.418,6.4319999999999995,0.308,2.094,,,
587,PRAYAGRAJ ,RAIPUR,2015,2056,0,0,0,0,,,
588,PUNE,RAIPUR,4767,5203,4.805,0,0.759,0,,,
589,PUNE,Rajkot International Airport,2126,2100,0.04,0,0,0,,,
590,PUNE,RANCHI,6561,6585,15.2,9.338,1.12,0.902,,,
591,PUNE,SRINAGAR,24,42,0,0,0,0,,,
592,PUNE,SURAT,2036,2143,0.925,2.699,0.505,0.241,,,
593,PUNE,TRIVANDRUM,2381,3156,3.856,1.331,0.2,0,,,
594,PUNE,VADODARA,2104,2139,0.564,0,0.296,0,,,
595,RAIPUR,Utkela,13,12,0,0,0,0,,,
596,RAIPUR,Ambikapur Airport,81,77,0,0,0,0,,,
597,SHIRDI,VIJAYAWADA,1409,1544,0,0,0,0,,,
598,Shivamogga Airport,TIRUPATI,1301,1058,0,0,0,0,,,
599,TIRUPATI,VIJAYAWADA,842,1092,0.065,0.026,2.305,0,,,
600,TIRUPATI,VISAKHAPATNAM,2002,2125,0.035,0,0,0.394,,,
601,VIJAYAWADA,VISAKHAPATNAM,6255,5986,0.001,0.35,0,1.774,,,
SUB TOTAL,,,7275860,7333784,31314.467995004172,28380.52268815886,2250.8388600000003,1933.4797400000016,,,
TOTAL,,,14609644,,59694.990683163036,,4184.318600000002,,,,
