"City Pair wise  Passenger, Freight & Mail Traffic Statistics For June 2025 (Provisional)
( Scheduled Domestic Services )",Unnamed: 1,Unnamed: 2,Unnamed: 3,Unnamed: 4,Unnamed: 5,Unnamed: 6,Unnamed: 7,Unnamed: 8
"Passengers ( In Number ), Freight ( In Tonne ), Mail ( In  Tonne )",,,,,,,,
S.No.,CITY 1,CITY 2,"PASSENGERS 
TO CITY 2","PASSENGERS 
FROM CITY 2","FREIGHT 
TO CITY 2","FREIGHT 
FROM CITY 2","MAIL 
TO CITY 2","MAIL 
FROM CITY 2"
1,ADAMPUR,HINDON AIRPORT,1546,1492,0,0,0,0
2,AGARTALA,BENGALURU,3460,3205,1.791,15.07,0,0.181
3,AGARTALA,CHENNAI,1008,947,0.004,5.944,0,0
4,AGARTALA,DELHI,5514,7342,2.2,43.904,1.56,2.803
5,AGARTALA,DIBRUGARH,628,460,0.008,0.012,0,0
6,AGARTALA,GUWAHATI,13078,15719,1.365,57.212999999999994,5.01,5.96236
7,AGARTALA,HYDERABAD,3056,2849,0.044,10.977,0,0
8,AGARTALA,IMPHAL,1689,1552,1.508,0.068,0,0
9,AGARTALA,JAIPUR,48,10,0,0,0,0
10,AGARTALA,KOLKATA,32463,34012,20.4,300.01468,2.814,1.2630000000000001
11,AGATTI ISLAND,BENGALURU,188,211,0,0,0,0
12,AGATTI ISLAND,Goa,919,1058,0,0,0,0
13,AGATTI ISLAND,KOCHI,1746,1981,0,0.06,0,0
14,AGRA,AHMEDABAD,1886,1627,0.69,0,0,0
15,AGRA,BENGALURU,4590,4346,2.28,6.446,0,0
16,AGRA,HYDERABAD,1982,1904,0.037,5.035,0,0
17,AGRA,MUMBAI,1942,1910,0.063,0.115,0,0
18,AHMEDABAD,Kishangarh,1329,1987,0.232,0,0,0
19,AHMEDABAD,AMRITSAR,4437,5195,5.637,7.079,0.002,0
20,AHMEDABAD,BAGDOGRA,4505,5315,11.84642,31.73261,0,0
21,AHMEDABAD,BELGAUM,308,332,0,0,0,0
22,AHMEDABAD,BENGALURU,48302,46222,524.941343,266.84013,0.9274900000000001,6.23846
23,AHMEDABAD,BHOPAL,1973,1947,0.054,0,0,0.805
24,AHMEDABAD,BHUBANESWAR,4492,4854,18.997,2.766,0.048,1.026
25,AHMEDABAD,BHUJ,98,84,0,0,0,0
26,AHMEDABAD,CHANDIGARH,12618,13589,34.061,21.397,0.887,0.83
27,AHMEDABAD,CHENNAI,18284,16191,212.889,220.223,1.416,6.385
28,AHMEDABAD,COIMBATORE,1160,726,9.394,7.857,0,0.577
29,AHMEDABAD,DABOLIM,13362,13307,28.53,2.573,0.007,0.138
30,AHMEDABAD,DehraDun,7989,9910,6.5632600000000005,0.573,0,0.063
31,AHMEDABAD,DELHI,79112,101157,1395.0873636000001,1644.4260143,11.755719999999997,20.3992
32,AHMEDABAD,DIMAPUR,232,142,0.075,3.256,0.002,0
33,AHMEDABAD,DIU,2296,2132,0.053,0,0,0
34,AHMEDABAD,DURGAPUR,158,184,0.474,5.095,0,0
35,AHMEDABAD,Goa,16939,16474,15.32432,5.594,1.2109999999999999,0
36,AHMEDABAD,GUWAHATI,3986,4676,30.725,50.696,0.192,0.395
37,AHMEDABAD,GWALIOR,589,845,0.04,0,0,0
38,AHMEDABAD,HYDERABAD,28647,25515,168.314,87.792,0.09,3.7910000000000004
39,AHMEDABAD,INDORE,5493,5658,0.157,0.061,0.096,0
40,AHMEDABAD,JAIPUR,6082,6489,0.292,3.348,0.242,0
41,AHMEDABAD,JALGAON,356,379,0,0,0,0
42,AHMEDABAD,JAMMU,10,-,0,-,0,-
43,AHMEDABAD,JODHPUR,1587,1710,0,0,0.002,0
44,AHMEDABAD,KESHOD,184,125,0,0,0,0
45,AHMEDABAD,KOCHI,5112,5212,32.795,10.796,0.933,1.931
46,AHMEDABAD,KOLHAPUR,913,889,0,0,0,0
47,AHMEDABAD,KOLKATA,21719,26498,240.18399,111.42439,0.773,4.63432
48,AHMEDABAD,LUCKNOW,9666,11655,53.232,14.144,3.71,1.359
49,AHMEDABAD,MUMBAI,68915,67220,935.989616,690.8955199999999,19.886729999999993,50.27095
50,AHMEDABAD,NAGPUR,4069,4168,0.422,0.154,0.061,2.398
51,AHMEDABAD,NANDED,855,970,0,0,0,0
52,AHMEDABAD,NASIK,2123,1910,0.028,0,0,0
53,AHMEDABAD,PATNA,5091,5336,38.455,28.525,1.667,1.712
54,AHMEDABAD,PUNE,24965,25847,139.60438,89.2801,3.191,1.5457
55,AHMEDABAD,RAIPUR,4782,5063,10.956,0,0.02,0
56,AHMEDABAD,RANCHI,4419,5658,14.24,0.278,0.069,0.567
57,AHMEDABAD,SRINAGAR,175,178,0.072,1.552,0,0
58,AHMEDABAD,SURAT,3,-,0,-,0,-
59,AHMEDABAD,TRIVANDRUM,811,1456,0.336,0.026,0,0
60,AHMEDABAD,VARANASI,3679,5340,5.889,10.652,0,0
61,AHMEDABAD,VISAKHAPATNAM,471,803,3.105,1.691,0,0
62,AHMEDABAD,Ayodhya International Airport ,2874,3022,0,0,0,0
63,AIZAWL,BENGALURU,346,248,2.649,3.266,0,0
64,AIZAWL,DELHI,4818,5293,15.903,21.876,0.003,1.484
65,AIZAWL,GUWAHATI,5782,5732,1.969,29.623,3.378,3.604
66,AIZAWL,IMPHAL,490,412,0,0,0,0
67,AIZAWL,KOLKATA,5492,4822,9.577,13.006,12.11,9.373
68,AIZAWL,SHILLONG,375,296,0,0,0,0
69,Kishangarh,LUCKNOW,578,706,0,0,0,0
70,Kishangarh,NAGPUR,988,1247,0,0,0,0
71,Kishangarh,PUNE,1002,1159,0,0,0,0
72,Kishangarh,HINDON AIRPORT,672,710,0,0,0,0
73,PRAYAGRAJ,BENGALURU,2877,2671,0.009,1.298,0.834,1.449
74,PRAYAGRAJ,BHUBANESWAR,867,806,0,0,0,0
75,PRAYAGRAJ,BILASPUR,434,409,0,0,0,0
76,PRAYAGRAJ,DELHI,5570,4986,0.022,2.338,0,20.647
77,PRAYAGRAJ,HYDERABAD,1966,1646,0.002,0.03,0.734,0.043
78,PRAYAGRAJ,INDORE,159,70,0,0,0,0
79,PRAYAGRAJ,MUMBAI,15113,13624,0.02,1.75,0.908,5.025
80,PRAYAGRAJ,RAIPUR,412,461,0,0,0,0
81,AMRITSAR,BENGALURU,5929,5087,29.619,4.715,0,1.68
82,AMRITSAR,DELHI,38470,35645,112.707,31.130684,0,0.287
83,AMRITSAR,GUWAHATI,229,288,1.263,0,0,0
84,AMRITSAR,HYDERABAD,2485,1393,7.66,1.697,0,0.375
85,AMRITSAR,KOCHI,359,377,0,0.012,0,0
86,AMRITSAR,KOLKATA,1727,1314,4.551,0.228,0,0
87,AMRITSAR,KULLU,373,222,0,0,0,0
88,AMRITSAR,MUMBAI,13282,11052,60.262,43.461999999999996,0,3.042849999999999
89,AMRITSAR,PUNE,4483,3558,37.532,1.116,0,0.036
90,AMRITSAR,SIMLA,128,106,0,0,0,0
91,AMRITSAR,SRINAGAR,4935,3201,4.1,0.394,0.036,0.781
92,AURANGABAD,BENGALURU,2027,1998,0,0.229,0,0.259
93,AURANGABAD,COIMBATORE,29,41,0,0,0,0
94,AURANGABAD,DABOLIM,660,753,0,0,0,0
95,AURANGABAD,DELHI,9370,10556,0,89.02000000000001,0.0075,5.3661
96,AURANGABAD,HYDERABAD,4288,4145,0,1.296,0,0.082
97,AURANGABAD,MUMBAI,8850,9401,0,9.083,0.661,18.124
98,AURANGABAD,NASIK,-,193,-,0,-,0
99,BAGDOGRA,BENGALURU,29583,25189,115.08549000000001,216.49639000000002,0,3.8235
100,BAGDOGRA,BHUBANESWAR,775,619,0,0.027,0,0
101,BAGDOGRA,CHENNAI,10663,9804,36.439,6.111,0.924,0.844
102,BAGDOGRA,DELHI,48305,44860,118.265909,246.1120786,0.454,3.535
103,BAGDOGRA,DIBRUGARH,902,692,1.531,0,0,0
104,BAGDOGRA,DURGAPUR,431,353,0,0.001,0,0
105,BAGDOGRA,GUWAHATI,1089,4064,0.97883,20.411720000000003,0,0
106,BAGDOGRA,HYDERABAD,21802,16978,38.596,15.652,0.48,0.069
107,BAGDOGRA,KOLKATA,24463,21371,33.393089999999994,23.470779999999998,8.828,9.008000000000001
108,BAGDOGRA,LEH,-,8,-,0,-,0
109,BAGDOGRA,MUMBAI,20261,17437,55.140820000000005,88.94456,1.18587,1.28725
110,BAGDOGRA,PATNA,107,191,0,0,0,0
111,BAGDOGRA,PUNE,-,9,-,0,-,0
112,BAREILLY,BENGALURU,2013,1995,0,0.127,0,0
113,BAREILLY,MUMBAI,2958,3064,0,0.107,0,0
114,BELGAUM,BENGALURU,4372,4239,0.023,0.091,0.49,0
115,BELGAUM,DELHI,2609,2887,0.004,0.256,0.073,0
116,BELGAUM,HYDERABAD,1851,1925,0.008,0.049,0,0
117,BELGAUM,JAIPUR,645,678,0,0,0,0
118,BELGAUM,MUMBAI,1444,1307,0,0,0,0
119,BENGALURU,BHOPAL,11147,11176,24.544,29.543,8.74,1.763
120,BENGALURU,BHUBANESWAR,35466,35199,141.13,35.11979000000001,9.4926,0
121,BENGALURU,BIDAR ,1176,1186,0,0,0,0
122,BENGALURU,CHANDIGARH,22640,24686,122.23310889999999,349.2936861,7.518,1.0680000000000003
123,BENGALURU,CHENNAI,57068,56579,448.6788297,533.5043294000001,11.838,27.90352
124,BENGALURU,COIMBATORE,17312,17138,19,28.837,0,2.399
125,BENGALURU,DABOLIM,40117,43572,38.578,106.402,0.808,0.78
126,BENGALURU,DARBHANGA,1130,1221,0.279,51.509,0,0
127,BENGALURU,DehraDun,9775,11915,8.219,40.095,2.689,0.414
128,BENGALURU,DELHI,189828,188456,3275.842221,4261.941969200001,17.752,24.7979
129,BENGALURU,Deoghar ,4927,5165,0.108,0,0,0
130,BENGALURU,DIBRUGARH,298,407,0.705,0.074,0,0
131,BENGALURU,DURGAPUR,5313,5876,12.205,7.728,0,0
132,BENGALURU,Goa,19392,20111,12.892,46.734,0,0
133,BENGALURU,GORAKHPUR,10709,11548,59.52742,34.64465,0.9853,0.23
134,BENGALURU,GUWAHATI,34917,34886,201.71723,51.45641,7.66456,2.74902
135,BENGALURU,GWALIOR,3806,4301,0,0,0,0
136,BENGALURU,HUBLI,3611,3597,0.716,0.528,0.23,1.659
137,BENGALURU,HYDERABAD,106410,107096,525.9587425000001,315.9978524,22.931,20.6362
138,BENGALURU,IMPHAL,728,833,3.699,27.306,0,0
139,BENGALURU,INDORE,22257,22246,89.132,62.594,5.0040000000000004,1.517
140,BENGALURU,JABALPUR,4285,4569,0.416,0.1,0,0
141,BENGALURU,JAIPUR,24039,28960,154.148,421.119,9.217,1.723
142,BENGALURU,JAMMU,1197,1061,1.486,0,0.034,0
143,BENGALURU,JHARSUGUDA,4726,4590,0.384,0,0,0
144,BENGALURU,JODHPUR,5470,5419,2.77,0.02,3.846,1.26
145,BENGALURU,KALABURAGI,1135,1140,0,0,0,0
146,BENGALURU,KANNUR,4463,3548,0.466,0.031,0.228,0
147,BENGALURU,KANPUR,4671,5179,0.703,0.678,0,0
148,BENGALURU,KOCHI,60068,60074,209.48182,91.023,15.593,10.535
149,BENGALURU,KOLHAPUR,2543,2451,0.144,0.044,0,0
150,BENGALURU,KOLKATA,97293,101836,1164.1014100000002,512.97397,14.160720000000001,8.28151
151,BENGALURU,KOZHIKODE,7648,7547,3.682,0.607,2.381,0
152,BENGALURU,KURNOOL,171,216,0,0,0,0
153,BENGALURU,LUCKNOW,30999,36128,176.46921,76.98599999999999,13.03,9.258
154,BENGALURU,MADURAI,9497,9456,0.46900000000000003,0.222,2.035,0.998
155,BENGALURU,Malvan,326,214,0,0,0,0
156,BENGALURU,MANGALORE,30610,30995,6.683,9.531,0.72,115.75
157,BENGALURU,MUMBAI,159910,164357,1548.5880225,1917.5828736000003,11.66541,31.933769999999996
158,BENGALURU,NAGPUR,18862,18035,67.279,27.14,5.173,4.445
159,BENGALURU,NANDED,1734,1683,0,0,0,0
160,BENGALURU,NASIK,5623,5885,1.233,0.735,2.386,0.133
161,BENGALURU,PATNA,31499,34878,205.62102,192.59805,16.141,3.29
162,BENGALURU,PONDICHERRY,2101,1933,0.063,0,0,0
163,BENGALURU,PORT BLAIR,6477,6835,41.334,28.037,0.779,0
164,BENGALURU,PUNE,81233,75992,409.82589,501.92918,12.76075,2.607
165,BENGALURU,RAIPUR,13323,14002,42.07,0.043,7.408,0
166,BENGALURU,RAJAHMUNDRY,3663,3633,0.024999999999999998,0.344,0,0
167,BENGALURU,Rajkot International Airport,4909,4987,3.15,1.191,1.74,0
168,BENGALURU,RANCHI,18541,18927,148.513,24.594780000000004,5.845,1.216
169,BENGALURU,SALEM,1863,2192,0.141,0,0,0
170,BENGALURU,SHIRDI,4909,4835,1.195,0.024,0,0
171,BENGALURU,Shivamogga Airport,1421,1580,0.073,0,0,0
172,BENGALURU,SRINAGAR,1524,2319,4.02,72.253,1.095,0.063
173,BENGALURU,SURAT,13197,12495,44.604,113.533,1.534,0.888
174,BENGALURU,TIRUCHIRAPALLY,8391,7790,0.060000000000000005,0.026000000000000002,0.9400000000000001,0
175,BENGALURU,TIRUPATI,4113,3701,0.04,0.001,0.62,0
176,BENGALURU,TRIVANDRUM,27318,29328,18.281,6.541,9.198,4.935
177,BENGALURU,TUTICORIN,1977,1916,0.019,0,0,0
178,BENGALURU,UDAIPUR,4816,4761,6.39,0.389,0,0
179,BENGALURU,VADODARA,4732,4734,7.629,0,4.411,0
180,BENGALURU,VARANASI,35549,38932,66.925,115.74958000000001,5.1245,0.3338
181,BENGALURU,VIDYANAGAR,306,382,0,0,0,0
182,BENGALURU,VIJAYAWADA,12174,11052,9.664000000000001,0.115,3.496,0.276
183,BENGALURU,VISAKHAPATNAM,20089,21735,91.947,14,7.239,0.884
184,BENGALURU,Ayodhya International Airport ,13988,16348,0.077,0,0,0
185,BENGALURU,HINDON AIRPORT,7332,7768,0,0,0,0
186,BHATINDA,DELHI,783,918,0,0,0,0
187,BHATINDA,HINDON AIRPORT,57,33,0,0,0,0
188,BHAVNAGAR,JAIPUR,4,5,0,0,0,0
189,BHAVNAGAR,MUMBAI,488,490,0,0,0,0
190,BHAVNAGAR,PUNE,393,399,0,0,0,0
191,BHOPAL,DELHI,21092,21626,12.301,114.0065333,12.541,30.252499999999998
192,BHOPAL,HYDERABAD,6035,5747,0.002,0.367,0.68,1.979
193,BHOPAL,JABALPUR,424,252,0,0,0,0
194,BHOPAL,MUMBAI,17510,17125,21.107999999999997,50.33,3.361,29.7746
195,BHOPAL,PUNE,4279,4195,0,5.415,0,1.803
196,BHOPAL,RAIPUR,2172,2012,0,0,0.787,0
197,BHOPAL,REWA,95,99,0,0,0,0
198,BHOPAL,DATIA AIRPORT,70,82,0,0,0,0
199,BHUBANESWAR,CHANDIGARH,985,799,0.008,3.449,0,0
200,BHUBANESWAR,CHENNAI,8677,8747,8.031,33.25,2.136,7.718
201,BHUBANESWAR,DABOLIM,2257,1799,1.816,0.284,0,0.034
202,BHUBANESWAR,DehraDun,1688,2039,0,0,0,0
203,BHUBANESWAR,DELHI,42453,48227,43.603660000000005,469.74315479999996,9.345470000000002,16.3703
204,BHUBANESWAR,DURGAPUR,655,591,0.003,0.001,0,0
205,BHUBANESWAR,Goa,-,493,-,0.507,-,0
206,BHUBANESWAR,GUWAHATI,4206,5041,0.663,2.798,0,1.992
207,BHUBANESWAR,HYDERABAD,25565,23972,10.070160000000001,41.55799999999999,0.505,10.284
208,BHUBANESWAR,INDORE,2880,2807,0.055,0.255,0,0
209,BHUBANESWAR,JAIPUR,2364,2293,0,7.15,0,0
210,BHUBANESWAR,JAMSHEDPUR,154,174,0,0,0,0
211,BHUBANESWAR,JEYPORE,488,500,0,0,0,0
212,BHUBANESWAR,JHARSUGUDA,588,762,0,0,0,0
213,BHUBANESWAR,KOCHI,3309,3343,0.196,0.033,0,0
214,BHUBANESWAR,KOLKATA,17454,19132,64.63066,42.21423,0.004,6.2490000000000006
215,BHUBANESWAR,LUCKNOW,2338,2663,1.153,1.229,0,0.721
216,BHUBANESWAR,MUMBAI,23365,23586,21.074,73.973,4.431,10.893
217,BHUBANESWAR,PATNA,3727,4331,1.841,3.378,2.31,1.121
218,BHUBANESWAR,PORT BLAIR,4773,4070,13.674,0.08,0,0
219,BHUBANESWAR,PUNE,4886,4433,0,10.437,0,0
220,BHUBANESWAR,RAIPUR,3230,3310,0.074,1.906,0,0
221,BHUBANESWAR,RANCHI,1807,1713,0.001,0.026,0,0.944
222,BHUBANESWAR,ROURKELA,992,975,0,0,0,0
223,BHUBANESWAR,Utkela,196,213,0,0,0,0
224,BHUBANESWAR,VARANASI,1187,1205,0.003,0,0,0
225,BHUBANESWAR,VISAKHAPATNAM,1294,930,0.043,4.172,0,0
226,BHUBANESWAR,HINDON AIRPORT,2599,3740,0,0,0,0
227,BHUJ,DELHI,2277,2595,0,0.07,0,0
228,BHUJ,MUMBAI,7765,8293,0,0.1435,0,0
229,BIKANER,DELHI,1518,1827,0,0.045,0,0
230,BIKANER,JAIPUR,147,171,0,0,0,0
231,BILASPUR,DELHI,671,468,0,0,0,0
232,BILASPUR,JABALPUR,472,455,0,0,0,0
233,BILASPUR,JAGDALPUR,76,215,0,0,0,0
234,BILASPUR,KOLKATA,291,317,0,0,0,0
235,BILASPUR,Ambikapur Airport,29,21,0,0,0,0
236,CHANDIGARH,CHENNAI,5497,5227,44.398,43.404,0,1.773
237,CHANDIGARH,DABOLIM,7189,6998,33.522,3.128,0,0.006
238,CHANDIGARH,DELHI,43249,38332,166.2744503,151.17398730000002,8.04,9.269049999999998
239,CHANDIGARH,DHARAMSALA,1558,1398,0.013,0,0,0
240,CHANDIGARH,GUWAHATI,1043,1088,5.857,0.822,0.001,0
241,CHANDIGARH,HISSAR,123,204,0,0,0,0
242,CHANDIGARH,HYDERABAD,14263,13086,153.569,64.22,0.664,5.086
243,CHANDIGARH,INDORE,2092,1812,33.787,0.179,0.256,0
244,CHANDIGARH,JAIPUR,4295,3814,0.006,0.014,0,0
245,CHANDIGARH,JAMMU,1083,1231,0,0,0,0
246,CHANDIGARH,KOLKATA,3716,3665,12.46,7.108,0,0.5630000000000001
247,CHANDIGARH,LEH,915,915,0.2245,0.57,0.026,0
248,CHANDIGARH,LUCKNOW,4019,4094,5.078,0.498,0.027,3.659
249,CHANDIGARH,MUMBAI,32831,30720,240.5435,157.546851,2.855,7.0696200000000005
250,CHANDIGARH,PATNA,4406,4263,4.529,0.086,0,0.725
251,CHANDIGARH,PUNE,6764,6087,56.892,24.134,0,0
252,CHANDIGARH,SRINAGAR,7748,6213,1.407,2.883,0,0.7210000000000001
253,CHANDIGARH,UDAIPUR,-,318,-,0,-,0
254,CHENNAI,COIMBATORE,41483,42951,18.6675,44.48499999999999,3.08005,11.424
255,CHENNAI,DABOLIM,4312,4952,4.208,19.862,0.406,0.534
256,CHENNAI,DehraDun,735,750,0.93,43.284,0,0.325
257,CHENNAI,DELHI,89628,101046,2031.7625561000002,1772.8131056000007,46.46852000000003,35.727900000000005
258,CHENNAI,DURGAPUR,4248,4556,0.161,9.032,0,0
259,CHENNAI,Goa,6073,6835,2.775,40.918,0,1.354
260,CHENNAI,GUWAHATI,13145,15172,19.841,37.089,6.322,2.317
261,CHENNAI,HYDERABAD,64311,66823,593.8214100000001,572.4261999999999,9.766,11.287
262,CHENNAI,INDORE,5802,7005,55.342,21.82,1.986,1.601
263,CHENNAI,JAIPUR,8118,8414,32.791,40.401,3.56,0.827
264,CHENNAI,Cuddapah,648,774,0,0,0,0
265,CHENNAI,KANNUR,1889,2212,0.197,0.246,0,0
266,CHENNAI,KOCHI,29252,32465,33.918,20.542,14.519,7.079000000000001
267,CHENNAI,KOLKATA,38893,41177,265.394,225.128,12.89,5.753
268,CHENNAI,KOZHIKODE,4906,5208,0.359,0.001,1.222,0
269,CHENNAI,KURNOOL,282,229,0.027,0,0,0
270,CHENNAI,LUCKNOW,3528,4093,34.453,17.116,1.902,4.621
271,CHENNAI,MADURAI,21403,21283,2.4595000000000002,8.972,15.363530000000003,8.48169
272,CHENNAI,MANGALORE,3061,3841,0.048,0.04,0,10.055
273,CHENNAI,MUMBAI,78856,90950,511.696,708.16191,44.756180000000015,42.707989999999995
274,CHENNAI,MYSORE,1914,1813,0.062,0,0,0
275,CHENNAI,PATNA,8705,8980,19.454,28.062,6.682,2.19
276,CHENNAI,PORT BLAIR,22753,22545,169.08954,113.68599999999999,29.86329,6.883
277,CHENNAI,PUNE,33137,33697,257.14916,260.42449999999997,4.815,2.635
278,CHENNAI,RAIPUR,5106,4804,11.618,0.003,1.431,0
279,CHENNAI,RAJAHMUNDRY,1913,2073,0.001,0.028,0,0
280,CHENNAI,RANCHI,5049,4981,16.977,9.668,3.128,0.614
281,CHENNAI,SALEM,1552,1799,0,0,0,0
282,CHENNAI,SHIRDI,5596,5876,0.123,13.657,0,0
283,CHENNAI,Shivamogga Airport,539,627,2.94345,2.90382,0,0
284,CHENNAI,SURAT,5099,5950,20.119,11.158,0.105,0.192
285,CHENNAI,TIRUCHIRAPALLY,16659,17285,0.175,0.082,0.119,0
286,CHENNAI,TRIVANDRUM,12196,13487,8.659,6.751,7.758,4.339
287,CHENNAI,TUTICORIN,10095,9960,0.416,0.074,0,0.009
288,CHENNAI,VARANASI,7647,9901,3.459,14.801,0.321,0
289,CHENNAI,VIJAYAWADA,3641,3808,0.233,0.017,0,0
290,CHENNAI,VISAKHAPATNAM,13438,13574,23.146,20.909,6.720000000000001,1.33
291,CHENNAI,HINDON AIRPORT,2888,4579,0,0,0,0
292,COIMBATORE,DABOLIM,1859,1953,0.014,0,0,0
293,COIMBATORE,DELHI,16717,17028,154.31799999999998,184.11095840000002,4.156,5.114000000000001
294,COIMBATORE,GUWAHATI,200,198,3.417,0.282,2.605,0
295,COIMBATORE,HYDERABAD,24071,23972,64.721,32.928,2.38,5.377
296,COIMBATORE,KOCHI,-,79,-,0,-,0
297,COIMBATORE,MUMBAI,28262,30050,127.61500000000001,180.42149999999998,5.171,6.911789999999999
298,COIMBATORE,NASIK,66,25,0,0,0,0
299,COIMBATORE,PUNE,5031,4262,9.05,28.431,0,0.263
300,COIMBATORE,VISAKHAPATNAM,160,233,4.947,0,0,0
301,COOCH BEHAR,KOLKATA,255,223,0,0,0,0
302,DABOLIM,DELHI,41364,43284,38.86714,174.8211949,1.685,3.7880000000000003
303,DABOLIM,HYDERABAD,30114,28525,22.617,16.207,0.42,0.185
304,DABOLIM,INDORE,4031,3928,0.201,0.455,0.186,0
305,DABOLIM,JAIPUR,646,-,0.012,-,0.009,-
306,DABOLIM,KOCHI,3107,2484,12.707,0.066,0.559,0
307,DABOLIM,KOLKATA,5511,4982,6.179,17.911,0.816,0.103
308,DABOLIM,MUMBAI,64891,61260,64.17236,96.25,6.039579999999999,14.14082999999999
309,DABOLIM,NAGPUR,628,-,0.028,-,0.018,-
310,DABOLIM,NASIK,1070,924,0,0,0,0
311,DABOLIM,PUNE,4142,3980,1.1,0.84,0.418,0
312,DABOLIM,RAIPUR,5220,4927,6.914,0,0.059,0
313,DABOLIM,SURAT,10279,9058,13.164,20.101000000000003,0.128,0.104
314,DABOLIM,HINDON AIRPORT,3795,4548,0,0,0,0
315,DARBHANGA,DELHI,14595,14667,68.79248,22.89646,0,0
316,DARBHANGA,HYDERABAD,4307,4187,3.611,0.548,0,0
317,DARBHANGA,KOLKATA,2155,1978,0.062,0.085,0,0
318,DARBHANGA,MUMBAI,7848,7127,38.90457,16.47631,0,0
319,DehraDun,DELHI,36485,35889,19.65026,23.045740000000002,15.003,22.412
320,DehraDun,GORAKHPUR,-,13,-,0,-,0
321,DehraDun,GUWAHATI,252,367,0.025,0.143,0,0
322,DehraDun,HYDERABAD,7613,6175,21.013,14.049,0.203,1.185
323,DehraDun,JAIPUR,2456,2215,0,0,0,0
324,DehraDun,KOLKATA,2682,2398,1.5110000000000001,0.787,0.032,0
325,DehraDun,KULLU,291,156,0,0,0,0
326,DehraDun,LUCKNOW,4125,4021,0.001,0.337,1.778,1.305
327,DehraDun,MUMBAI,20295,17078,9.241,17.64313,0.776,3.4330000000000003
328,DehraDun,PITHORAGARH,134,147,0,0,0,0
329,DehraDun,PUNE,4181,3768,7.965,1.616,0.063,0.235
330,DELHI,Deoghar ,7765,7244,0.662,0,0,0
331,DELHI,DHARAMSALA,7009,4904,0.071,0,0,0
332,DELHI,DIBRUGARH,8281,8006,34.738,3.791,4.169,2.452
333,DELHI,DIMAPUR,3728,3314,7.41,20.407,2.649,3.124
334,DELHI,DURGAPUR,5300,4699,1.054,16.185,0,0
335,DELHI,GAYA,4676,5190,8.703,0,0.789,0
336,DELHI,Goa,56564,54301,168.70167659999998,72.9355142,1.211,1.071
337,DELHI,GORAKHPUR,20890,20731,65.98615,52.97993,7.619999999999999,0
338,DELHI,GUWAHATI,59677,60137,419.73686119999996,259.05640000000005,13.620999999999999,8.149000000000001
339,DELHI,GWALIOR,3035,2740,0.098,0,0,0
340,DELHI,HISSAR,184,172,0,0,0,0
341,DELHI,HUBLI,3770,3071,7.459,2.908,0.311,0.306
342,DELHI,HYDERABAD,130462,122245,1665.9156483999998,1194.416694,25.758999999999997,19.195
343,DELHI,IMPHAL,9111,7917,68.013,97.124,6.438,4.915
344,DELHI,INDORE,51487,40274,477.976206,106.375,12.2195,6.118
345,DELHI,Itanagar,2959,2832,0.922,0,0.144,0
346,DELHI,JABALPUR,5728,5310,0.395,0,0,0
347,DELHI,JAGDALPUR,301,410,0,0,0,0
348,DELHI,JAIPUR,22448,19779,43.27051,42.931,37.563,5.704
349,DELHI,JAMMU,23073,19376,52.33284,11.521159999999998,10.5,0
350,DELHI,JHARSUGUDA,4132,3421,0.044,0,0,0
351,DELHI,JODHPUR,9847,8710,13.156,0.044,24.102800000000002,10.677
352,DELHI,KANNUR,3575,2659,0.85,0.153,0,0
353,DELHI,KANPUR,3492,4157,7.389,0.327,9.218,0
354,DELHI,KOCHI,38367,37674,483.29836489999997,239.63449319999998,16.218709999999998,7.962610000000001
355,DELHI,KOLKATA,112711,106897,1527.2129339000003,1899.8645870000005,40.78519,24.05040000000001
356,DELHI,KOZHIKODE,4640,4132,11.404,1.25,2.492,0
357,DELHI,KULLU,500,290,0,0,0,0
358,DELHI,LEH,43336,42933,106.14435,7.59202,12.064,10.251000000000003
359,DELHI,LUCKNOW,46162,53603,224.53544799999997,93.4225,44.7912,12.87
360,DELHI,MADURAI,4627,4010,22.833,48.924,1.7,0.601
361,DELHI,MANGALORE,9791,9425,19.24323,6.826,0.015,22.523
362,DELHI,MUMBAI,266944,241903,4582.568054600002,3428.449689599999,42.210100000000004,83.44871999999998
363,DELHI,NAGPUR,27763,24673,209.895109,74.551,12.914,11.885
364,DELHI,NASIK,4557,4040,13.927,17.008,0.541,0.221
365,DELHI,PANTNAGAR,2929,2461,0.124,0,0,0
366,DELHI,PATNA,56976,58585,352.4919919,124.63204999999999,57.35265000000001,13.786999999999999
367,DELHI,PITHORAGARH,313,186,0,0,0,0
368,DELHI,PORT BLAIR,1684,1656,30.910409299999998,15.102799999999998,0.9525000000000001,0.006670000000000001
369,DELHI,PUNE,121021,113486,1367.3922513999996,954.2990295,11.7225,2.26626
370,DELHI,RAIPUR,30795,29908,239.49641329999997,2.661,19.848999999999997,0.107
371,DELHI,RAJAHMUNDRY,3301,2163,0.5,0.211,0,0
372,DELHI,Rajkot International Airport,10303,8956,42.202999999999996,0,8.2061,0
373,DELHI,RANCHI,38966,37309,424.3922,76.76220000000002,5.614,4.55
374,DELHI,SHILLONG,751,619,0,0,0,0
375,DELHI,SHIRDI,4802,4515,12.978,1.288,0,0
376,DELHI,SIMLA,548,336,0,0,0,0
377,DELHI,SRINAGAR,65560,58018,385.7923433,808.8321356000001,7.391,24.396
378,DELHI,SURAT,21456,18372,93.99100000000001,102.735,5.349,2.469
379,DELHI,TIRUPATI,3705,3045,6.472,3.128,0.367,0.021
380,DELHI,TRIVANDRUM,17552,17039,57.699,4.5405,11.390699999999997,7.006489999999998
381,DELHI,UDAIPUR,19204,17298,5.859500000000001,0.086,0,0
382,DELHI,VADODARA,24356,19715,109.87100000000001,0.044,9.5507,0
383,DELHI,VARANASI,33451,33791,149.7795543,34.345056799999995,19.440800000000003,1.569
384,DELHI,VIJAYAWADA,12806,10416,57.4255,16.311768700000002,7.654499999999999,0.6216
385,DELHI,VISAKHAPATNAM,19609,18394,148.1225,65.6275,7.037690000000001,1.605
386,DELHI,Ayodhya International Airport ,12978,12981,0.54,0,0,0
387,Deoghar ,KOLKATA,1958,1501,0,0.086,0,0
388,Deoghar ,MUMBAI,2005,1979,0,0,0,0
389,DHARAMSALA,JAIPUR,178,288,0,0,0,0
390,DHARAMSALA,SIMLA,125,104,0,0,0,0
391,DIBRUGARH,GUWAHATI,7454,8919,14.676,0.297,2.03,8.981
392,DIBRUGARH,HYDERABAD,228,625,0.479,1.164,0,0
393,DIBRUGARH,IMPHAL,911,816,5.596437,0,0,0
394,DIBRUGARH,KOLKATA,11245,9307,39.196,25.86,2.045,5.788
395,DIMAPUR,GUWAHATI,6510,6378,3.667,7.79956,0.855,0.574
396,DIMAPUR,IMPHAL,446,382,0,0,0,0
397,DIMAPUR,KOLKATA,4519,3967,15.996,24.054,4.289,2.034
398,DIU,Goa,567,606,0,0,0,0
399,DIU,KESHOD,6,24,0,0,0,0
400,DIU,MUMBAI,714,706,0,0,0,0
401,DIU,SURAT,1258,1000,0,0,0,0
402,DURGAPUR,GUWAHATI,409,538,0.002,0,0,0
403,DURGAPUR,HYDERABAD,4911,4412,5.057,0.438,0,0
404,DURGAPUR,MUMBAI,3480,3098,2.903,0.288,0,0
405,GAYA,KOLKATA,4180,3684,10.324,0.25,0.789,0
406,Goa,HYDERABAD,29437,25292,24.386504000000002,5.555,0,0
407,Goa,INDORE,4590,4383,1.779,0,0,0
408,Goa,JAIPUR,4516,5129,0.385,39.869,0,0.688
409,Goa,JALGAON,1769,1520,0,0,0,0
410,Goa,KOLKATA,2006,1930,0,0.002,0,0
411,Goa,LUCKNOW,4083,3726,3.094,0.051,0,0
412,Goa,MUMBAI,30114,30378,59.14274,26.630672,0.214,0
413,Goa,NAGPUR,4325,4293,6.801,0.003,0.14,0
414,Goa,PUNE,13328,12063,36.36202,19.46894,0.331,0
415,Goa,Rajkot International Airport,2591,2290,0.027,0,0,0
416,Goa,Shivamogga Airport,434,520,0,0,0,0
417,Goa,SHOLAPUR,473,554,0,0,0,0
418,Goa,VADODARA,1935,2165,0,0,0,0
419,Gondia ,HYDERABAD,1780,1321,0,0.082,0,0
420,GORAKHPUR,HYDERABAD,6154,5676,0,1.431,0,0
421,GORAKHPUR,KOLKATA,2168,2016,0,0,0,0
422,GORAKHPUR,MUMBAI,10749,9334,0,9.1892,0,2.847
423,GUWAHATI,HYDERABAD,17495,15791,39.992999999999995,17.911,0.6689999999999999,3.867
424,GUWAHATI,IMPHAL,23078,21372,103.21,100.555,8.638,2.927
425,GUWAHATI,Itanagar,247,176,0,0,0,0
426,GUWAHATI,JAIPUR,4651,4551,0.656,6.888,0.922,0.355
427,GUWAHATI,KOLKATA,44990,40121,67.30785,471.30337,6.634,7.464
428,GUWAHATI,LUCKNOW,3496,3830,0.867,1.712,1.753,1.751
429,GUWAHATI,MUMBAI,15012,14391,36.616,109.64769000000001,3.5513,14.85665
430,GUWAHATI,PATNA,3058,3159,1.4729700000000003,0.7820299999999999,0,0
431,GUWAHATI,PUNE,5337,4439,19.16,15.71,0.82,0.305
432,GUWAHATI,RUPSI,207,287,0,0,0,0
433,GUWAHATI,SILCHAR,4358,4780,23.194,0,9.198,0.031
434,GUWAHATI,TEZU,292,332,0,0,0,0
435,GUWAHATI,Ziro,26,32,0,0,0,0
436,GWALIOR,MUMBAI,5051,4750,0,0.425,0,0
437,HISSAR,Ayodhya International Airport ,395,318,0,0,0,0
438,HUBLI,HYDERABAD,2026,1842,0.177,0.175,0.595,0
439,HUBLI,MUMBAI,4157,4358,0.641,1.633,0.392,0
440,HUBLI,PUNE,875,971,0,0,0,0.222
441,HYDERABAD,INDORE,18674,21241,44.422,14.202,13.18,1.116
442,HYDERABAD,JABALPUR,3960,3889,0.001,0,0,0
443,HYDERABAD,JAGDALPUR,1937,1608,0.033,0,0,0
444,HYDERABAD,JAIPUR,17878,18358,44.87,122.00999999999999,6.533,1.108
445,HYDERABAD,JALGAON,1182,1273,0,0,0,0
446,HYDERABAD,JHARSUGUDA,1984,2080,0,0,0,0
447,HYDERABAD,JODHPUR,5071,4444,0.495,0.005,0.391,0.438
448,HYDERABAD,Cuddapah,1748,1949,0.18,0,0,0
449,HYDERABAD,KANNUR,2101,2225,0.014,0.001,0,0
450,HYDERABAD,KANPUR,2489,2871,0.089,0,0,0
451,HYDERABAD,KOCHI,29253,32347,44.326,25.319,6.915,8.504
452,HYDERABAD,KOLHAPUR,1771,1840,0.45,2.235,0,0
453,HYDERABAD,KOLKATA,40781,44702,143.894,166.76,9.208,6.025
454,HYDERABAD,KOZHIKODE,4782,5471,1.988,0.033,0.013,0
455,HYDERABAD,LUCKNOW,15633,19153,26.608,9.462,6.302,1.337
456,HYDERABAD,MADURAI,8433,8426,11.003,40.057,6.268,0.783
457,HYDERABAD,Malvan,554,444,0,0,0,0
458,HYDERABAD,MANGALORE,5102,5295,0.126,0.01,2.541,4.718
459,HYDERABAD,MUMBAI,87326,97168,621.012,945.6911843999999,14.23638,36.64679000000001
460,HYDERABAD,MYSORE,1887,1618,0.008,0,0,0
461,HYDERABAD,NAGPUR,5668,5894,0.777,0.046,1.173,0
462,HYDERABAD,NANDED,675,779,0,0,0,0
463,HYDERABAD,NASIK,2119,1910,0.041,0,0.827,0.078
464,HYDERABAD,PATNA,20835,25333,47.765,103.63,6.875,1.067
465,HYDERABAD,PONDICHERRY,2078,1831,0.031,0,0,0
466,HYDERABAD,PORT BLAIR,1748,2323,15.785,4.92,2.153,3.305
467,HYDERABAD,PUNE,35477,34888,55.505,60.746,3.998,2.602
468,HYDERABAD,RAIPUR,12038,12425,12.906,0.156,10.079,0
469,HYDERABAD,RAJAHMUNDRY,11333,11158,0.335,0.368,0,0
470,HYDERABAD,Rajkot International Airport,3579,4004,3.198,0,0,0
471,HYDERABAD,RANCHI,15861,17555,18.052,10.331,1.569,3.453
472,HYDERABAD,SALEM,741,860,0,0,0,0
473,HYDERABAD,SHIRDI,8789,9102,0.087,3.93,0,0
474,HYDERABAD,Shivamogga Airport,2506,2578,2.90382,2.97395,0,0
475,HYDERABAD,SURAT,6680,6516,7.692,41.087,1.42,0.422
476,HYDERABAD,TIRUCHIRAPALLY,6108,5990,2.823,0.25,5.858,0
477,HYDERABAD,TIRUPATI,34855,34670,7.501,8.38,6.952999999999999,2.169
478,HYDERABAD,TRIVANDRUM,11512,13170,3.191,3.767,3.062,2.217
479,HYDERABAD,UDAIPUR,3961,6098,0.611,0.001,0,0
480,HYDERABAD,VADODARA,5992,5472,46.685,0,0.949,0
481,HYDERABAD,VARANASI,32561,36884,6.63852,32.992999999999995,2.153,0.346
482,HYDERABAD,VIJAYAWADA,15595,16636,1.859,0.555,7.769,0.613
483,HYDERABAD,VISAKHAPATNAM,42019,41838,33.905,60.965,9.638,0
484,HYDERABAD,Ayodhya International Airport ,2262,2789,0,0,0,0
485,IMPHAL,KOLKATA,17231,14777,23.121,78.15988,8.371,4.58029
486,IMPHAL,MUMBAI,231,215,20.184,0,0,0
487,IMPHAL,SHILLONG,677,581,0,0,0,0
488,IMPHAL,SILCHAR,440,456,0,0,0,0
489,INDORE,JABALPUR,2261,3222,0,0,0,0
490,INDORE,JAIPUR,3758,4232,0.021,0.209,0,0
491,INDORE,JODHPUR,1860,1914,0,0,0,0
492,INDORE,KOLKATA,4766,5002,10.73,23.156,1.5,1.745
493,INDORE,LUCKNOW,1831,2044,0.037,0.009,0,1.099
494,INDORE,MUMBAI,29833,30601,113.0495,106.7155,7.826309999999999,16.07616
495,INDORE,NAGPUR,3355,3483,0.14,0.171,0,0
496,INDORE,NASIK,698,785,0,0,0,0
497,INDORE,PUNE,11726,6818,111.46699999999998,21.448,1.075,0.436
498,INDORE,RAIPUR,6031,6111,2.753,0.008,0.586,0
499,INDORE,UDAIPUR,1271,1305,0,0,0,0
500,INDORE,VISAKHAPATNAM,55,79,0,0,0,0
501,Itanagar,KOLKATA,3630,3647,0,0.719,0,0
502,Itanagar,TEZU,22,23,0,0,0,0
503,Itanagar,Ziro,-,9,-,0,-,0
504,JABALPUR,JAGDALPUR,352,91,0,0,0,0
505,JABALPUR,MUMBAI,4242,3696,0,0.033,0,0
506,JAIPUR,KOCHI,918,-,2,-,0,-
507,JAIPUR,KOLKATA,16490,15123,110.065,61.09338,2.737,0.188
508,JAIPUR,KULLU,396,173,0,0,0,0
509,JAIPUR,LUCKNOW,1951,2131,0.041,0.14,0,0.456
510,JAIPUR,MUMBAI,35020,35386,195.33074999999997,137.2188466,4.879,29.52549
511,JAIPUR,PUNE,7848,12471,32.136050000000004,19.132659999999998,0,0
512,JAIPUR,RANCHI,-,12,-,0,-,0
513,JAIPUR,UDAIPUR,1976,1310,0,0,0,0
514,JAIPUR,VARANASI,2998,4740,0,0,0,0
515,JAIPUR,HINDON AIRPORT,871,1240,0,0,0,0
516,JALGAON,MUMBAI,438,331,0,0,0,0
517,JALGAON,PUNE,1429,1363,0,0,0,0
518,JAMMU,LEH,1954,1809,4.7465,0.2,0.02365,0
519,JAMMU,MUMBAI,3160,3103,0,9.003,0,2.2249999999999996
520,JAMMU,SRINAGAR,21476,14750,7.96637,6.82992,0,2.128
521,JAMNAGAR,MUMBAI,3054,3762,1.742,5.152,1.1019199999999998,0
522,JAMSHEDPUR,KOLKATA,216,129,0,0,0,0
523,JEYPORE,VISAKHAPATNAM,140,105,0,0,0,0
524,JHARSUGUDA,KOLKATA,2022,2161,0,0.013,0,0
525,JHARSUGUDA,LUCKNOW,534,671,0,0,0,0
526,JHARSUGUDA,MUMBAI,4363,3829,0,0,0,0
527,JHARSUGUDA,RAIPUR,403,371,0,0,0,0
528,JODHPUR,MUMBAI,8203,8601,1.605,1.876,1.20595,10.14368
529,JODHPUR,PUNE,3627,3433,6.346,0.364,0.315,0
530,JORHAT,KOLKATA,4452,4464,1.9,6.999,0,0
531,JORHAT,PASIGHAT,6,5,0,0,0,0
532,JORHAT,TEZU,60,44,0,0,0,0
533,Cuddapah,VIJAYAWADA,279,240,0,0.001,0,0
534,KANDLA,MUMBAI,590,785,0,0,0,0
535,KANNUR,KOCHI,844,1430,0.006,0,0,0
536,KANNUR,KOZHIKODE,-,140,-,0,-,0
537,KANNUR,MUMBAI,5035,6017,0.182,1.894,0,0.464
538,KANNUR,TRIVANDRUM,813,645,0,0,0,0
539,KANPUR,MUMBAI,5370,5112,0.799,3.862,0,3.176
540,KHAJURAHO,DATIA AIRPORT,16,59,0,0,0,0
541,KOCHI,KOLKATA,2731,2980,0,0,0,0
542,KOCHI,MUMBAI,45571,46569,125.73420999999999,272.68865999999997,21.74076,17.56973
543,KOCHI,PATNA,295,159,0.287,0.205,0,0
544,KOCHI,PUNE,7973,6871,11.159,35.268,0,0
545,KOCHI,RAIPUR,293,200,0.827,0,0,0
546,KOCHI,SALEM,880,810,0,0,0,0
547,KOCHI,TIRUCHIRAPALLY,242,170,0,0,0,0
548,KOCHI,TRIVANDRUM,1227,1315,0,0.003,0.004,0
549,KOCHI,VARANASI,271,225,0.023,4.039,0,0
550,KOLHAPUR,MUMBAI,1618,1641,0,0,0,0
551,KOLHAPUR,NAGPUR,531,555,0,0,0,0
552,KOLHAPUR,TIRUPATI,401,701,0,0,0,0
553,KOLHAPUR,VIJAYAWADA,29,27,0,0,0,0
554,KOLKATA,LILABARI,360,512,0,0,0,0
555,KOLKATA,LUCKNOW,9566,9696,41.217,47.94,3.101,1.99
556,KOLKATA,MUMBAI,99839,92320,889.7478329999999,1046.1667072,17.81701,29.85775
557,KOLKATA,NAGPUR,5183,5043,13.539,20.593,0.044,3.314
558,KOLKATA,PATNA,15902,17767,17.807,59.699,23.43,3.054
559,KOLKATA,PORT BLAIR,23228,21150,205.82395999999994,50.926,28.6747,10.506
560,KOLKATA,PUNE,20308,20121,113.88640000000001,123.88868000000001,2.69318,2.1574
561,KOLKATA,RAIPUR,12271,10860,25.013,0.117,3.285,0
562,KOLKATA,RANCHI,8519,8231,3.409,0.875,2.713,1.213
563,KOLKATA,ROURKELA,146,242,0,0,0,0
564,KOLKATA,SHILLONG,2455,1992,0.137,0,0,0
565,KOLKATA,SILCHAR,10400,10570,33.2595,0.804,1.53162,0
566,KOLKATA,SRINAGAR,1256,1633,1.898,35.054,0,0
567,KOLKATA,SURAT,5165,4664,20.666,44.85,0,0.013
568,KOLKATA,VARANASI,12632,14082,1.649,44.525,0.133,0
569,KOLKATA,VISAKHAPATNAM,5868,4092,3.218,74.992,0,0
570,KOLKATA,HINDON AIRPORT,3720,4222,0,0,0,0
571,KOZHIKODE,MUMBAI,6230,6504,0.662,4.89986,0,5.736
572,KOZHIKODE,TRIVANDRUM,-,1,-,0,-,0
573,KOZHIKODE,VARANASI,93,-,0,-,0,-
574,KURNOOL,VISAKHAPATNAM,378,337,0,0,0,0
575,LEH,MUMBAI,3182,2442,0,2.018,0,0
576,LEH,SRINAGAR,1130,850,0,0.045,0,0
577,LUCKNOW,MUMBAI,37211,36689,65.35644,164.8341648,16.671,17.27356
578,LUCKNOW,PATNA,3866,3701,2.184,27.336,3.369,2.396
579,LUCKNOW,PUNE,6027,10289,35.249,48.558,0.18,0.269
580,LUCKNOW,RAIPUR,3955,3686,4.836,0,0.7,0
581,LUCKNOW,RANCHI,1279,1341,0.811,2.09,1.211,0
582,LUCKNOW,SILCHAR,85,172,0,0,0,0
583,LUCKNOW,VIJAYAWADA,168,-,0,-,0,-
584,LUDHIANA,HINDON AIRPORT,49,47,0,0,0,0
585,MADURAI,MUMBAI,5949,6263,18.025,9.177,0.13,3.891
586,MADURAI,VIJAYAWADA,78,84,0,0,0,0
587,Malvan,PUNE,514,516,0,0,0,0
588,MANGALORE,MUMBAI,20199,21626,3.892,4.209,49.034,2.489
589,MUMBAI,NAGPUR,29716,29452,159.5515,127.226,41.25887000000001,12.4025
590,MUMBAI,PATNA,19234,20928,103.72093569999998,96.8555,14.765550000000001,2.3546
591,MUMBAI,PORBANDAR,313,290,0,0,0,0
592,MUMBAI,RAIPUR,14799,15303,101.321,1.279,16.001,0
593,MUMBAI,RAJAHMUNDRY,3940,3844,0.649,0.028,0,0
594,MUMBAI,Rajkot International Airport,22525,20371,12.1665,0,11.538549999999997,0
595,MUMBAI,RANCHI,12154,12605,36.551,9.217,4.892,0.978
596,MUMBAI,SRINAGAR,13756,13855,60.06303,235.66901000000001,1.7963,1.73
597,MUMBAI,SURAT,-,29,-,0,-,0
598,MUMBAI,TIRUCHIRAPALLY,6959,6174,0.566,0.38,0.17,0
599,MUMBAI,TIRUPATI,4455,3883,0.19,16.671,0,0
600,MUMBAI,TRIVANDRUM,13565,12572,22.934499999999996,1.9609999999999999,6.400289999999998,4.704529999999999
601,MUMBAI,UDAIPUR,22743,20824,16.4435,2.3745,0,0
602,MUMBAI,VADODARA,12713,13129,30.5765,0.002,12.307770000000001,0
603,MUMBAI,VARANASI,36239,39068,73.1166521,75.79581999999999,8.28956,0.569
604,MUMBAI,VIJAYAWADA,7239,6992,21.355,4.7965,6.8313500000000005,0.12910000000000002
605,MUMBAI,VISAKHAPATNAM,8968,8616,25.246000000000002,6.6595,4.487119999999999,1.45
606,MUMBAI,Ayodhya International Airport ,6536,6649,0,0,0,0
607,MUMBAI,HINDON AIRPORT,1730,2798,0,0,0,0
608,MUMBAI,Amravati Airport,329,338,0,0,0,0
609,NAGPUR,PUNE,14058,14265,8.242,41.166,7.445,2.127
610,NANDED,PUNE,1501,1410,0,0,0,0
611,NANDED,HINDON AIRPORT,2085,2284,0,0,0,0
612,PANTNAGAR,PITHORAGARH,60,99,0,0,0,0
613,PATNA,PUNE,5243,5023,3.217,20.279,1.299,1.077
614,PATNA,RANCHI,3250,2368,0.042,0.131,1.268,0
615,PATNA,HINDON AIRPORT,4335,4157,0,0,0,0
616,PORT BLAIR,VISAKHAPATNAM,1406,1832,0.111,1.6139999999999999,0,0
617,PUNE,RAIPUR,5789,6179,2.643,0.746,0.394,0
618,PUNE,Rajkot International Airport,2467,2560,0.581,0,0,0
619,PUNE,RANCHI,4727,4947,12.85,3.93,0.23,0.362
620,PUNE,SURAT,2451,3072,3.066,4.726,0.323,0.139
621,PUNE,TRIVANDRUM,1358,1823,0.487,0.169,0.25,0
622,PUNE,VADODARA,2054,1895,0.264,0,0,0
623,PUNE,VARANASI,5000,5218,3.433,8.098,0.072,0
624,PUNE,VIJAYAWADA,5,-,0,-,0,-
625,RAIPUR,Utkela,8,18,0,0,0,0
626,RAIPUR,VIJAYAWADA,13,-,0,-,0,-
627,RAIPUR,VISAKHAPATNAM,838,1073,0,0,0,0
628,RAIPUR,Ambikapur Airport,34,55,0,0,0,0
629,RAJAHMUNDRY,TIRUCHIRAPALLY,22,32,0,0,0,0
630,Shivamogga Airport,TIRUPATI,973,711,0,0,0,0
631,TIRUPATI,VIJAYAWADA,1489,1150,0.369,0,3.552,0
632,TIRUPATI,VISAKHAPATNAM,1596,1762,0.001,0,0,0.097
633,VARANASI,VISAKHAPATNAM,729,866,0.114,0,0,0
634,VARANASI,HINDON AIRPORT,4097,3412,0,0,0,0
635,VIJAYAWADA,VISAKHAPATNAM,4340,2727,0.003,0.23,0,0.33
SUB TOTAL,,,6810526,6793786,38333.759150500024,36719.721576499964,1681.2965500000014,1492.06566
TOTAL,,,13604312,,75053.48072699999,,3173.362210000001,
