"City Pair wise  Passenger, Freight & Mail Traffic Statistics For November 2025 (Provisional)
( Scheduled Domestic Services )",Unnamed: 1,Unnamed: 2,Unnamed: 3,Unnamed: 4,Unnamed: 5,Unnamed: 6,Unnamed: 7,Unnamed: 8
"Passengers ( In Number ), Freight ( In Tonne ), Mail ( In  Tonne )",,,,,,,,
S.No.,CITY 1,CITY 2,"PASSENGERS 
TO CITY 2","PASSENGERS 
FROM CITY 2","FREIGHT 
TO CITY 2","FREIGHT 
FROM CITY 2","MAIL 
TO CITY 2","MAIL 
FROM CITY 2"
1,ADAMPUR,MUMBAI,4979,4960,0,0.549,0,0
2,ADAMPUR,NANDED,404,-,0,-,0,-
3,ADAMPUR,HINDON AIRPORT,1394,1697,0,0,0,0
4,AGARTALA,AHMEDABAD,157,103,0.801,0.493,0,0
5,AGARTALA,BAGDOGRA,1084,3103,0.001,0.623,0,0
6,AGARTALA,BENGALURU,3613,3674,52.207,9.316,0,0.383
7,AGARTALA,CHENNAI,495,661,0.154,0.324,0,0
8,AGARTALA,DELHI,6522,6937,7.37,31.756,0.739,1.123
9,AGARTALA,DIBRUGARH,834,601,0.168,0,0,0
10,AGARTALA,GUWAHATI,10111,10491,10.229000000000001,58.152,1.574,4.31677
11,AGARTALA,HYDERABAD,3128,2786,0.557,11.451,0,0.001
12,AGARTALA,IMPHAL,1615,1507,1.688,7.143,0,0
13,AGARTALA,KOLKATA,36902,37604,26.692999999999998,248.748,3.934,1.299
14,AGARTALA,SILCHAR,397,362,0,0,0,0
15,AGATTI ISLAND,BENGALURU,880,1134,0,0.084,0,0
16,AGATTI ISLAND,Goa,1496,1980,0,0,0,0
17,AGATTI ISLAND,KOCHI,2200,2869,0,0.024,0,0
18,AGATTI ISLAND,KOZHIKODE,508,622,0,0,0,0
19,AGRA,AHMEDABAD,2147,1957,0.145,0.005,0,0
20,AGRA,BENGALURU,6175,5961,2.19,5.976,0,0
21,AGRA,DELHI,-,30,-,0,-,0
22,AGRA,HYDERABAD,1911,2116,2.003,0.521,0,0
23,AGRA,MUMBAI,2650,2656,0.06,0.264,0,0
24,AHMEDABAD,Kishangarh,1181,1722,0.29,0,0,0
25,AHMEDABAD,AMRITSAR,4083,4507,0.624,6.221,0.378,0
26,AHMEDABAD,BAGDOGRA,4479,4754,13.72519,22.501179999999998,0,0.208
27,AHMEDABAD,BELGAUM,1089,1140,0,0,0,0
28,AHMEDABAD,BENGALURU,49681,51265,442.78868,365.65455000000003,1.809,7.1953
29,AHMEDABAD,BHOPAL,4068,4219,0.385,0.006,0.961,0.577
30,AHMEDABAD,BHUBANESWAR,4588,4815,22.29,2.777,1.668,1.091
31,AHMEDABAD,CHANDIGARH,7597,8082,20.164,27.056,1.269,0.946
32,AHMEDABAD,CHENNAI,18262,21113,206.67445999999998,218.20665,1.307,5.92
33,AHMEDABAD,COIMBATORE,3474,4414,23.627,21.96,0,0.174
34,AHMEDABAD,DABOLIM,19294,20593,27.194,10.829,0.061,0.296
35,AHMEDABAD,DehraDun,4317,4679,6.81,1.424,0.677,0.051
36,AHMEDABAD,DELHI,94749,107981,1842.6432300000001,1684.0132598999999,6.495699999999999,13.01349
37,AHMEDABAD,DIBRUGARH,156,217,4.725,4.117,0,0.079
38,AHMEDABAD,DIU,2177,2014,0.198,0,0,0
39,AHMEDABAD,DURGAPUR,141,180,0.357,3.731,0,0
40,AHMEDABAD,Goa,12472,13298,11.509,1.285,0.8400000000000001,0
41,AHMEDABAD,GUWAHATI,4841,4985,18.09,10.226,0.853,0.622
42,AHMEDABAD,HYDERABAD,26507,30091,184.935,102.9,1.34,1.996
43,AHMEDABAD,INDORE,6714,7689,0.522,0.051,0.716,1.053
44,AHMEDABAD,JAIPUR,9573,10799,0.732,1.924,0.8,0
45,AHMEDABAD,JALGAON,590,659,0,0,0,0
46,AHMEDABAD,JAMMU,2814,2964,2.59,0,0,0
47,AHMEDABAD,JAMNAGAR,843,866,0,0,0,0
48,AHMEDABAD,JODHPUR,1544,1709,0.016,0.019,0,0
49,AHMEDABAD,KESHOD,222,199,0,0,0,0
50,AHMEDABAD,KOCHI,5026,5262,40.750699999999995,18.058,1.611,2.308
51,AHMEDABAD,KOLHAPUR,227,272,0,0,0,0
52,AHMEDABAD,KOLKATA,26407,28311,281.63955,156.58339,4.092,3.3970000000000002
53,AHMEDABAD,LUCKNOW,13859,14732,58.671,19.758,2.24,1.962
54,AHMEDABAD,MUMBAI,92227,94245,918.40672,764.4282339999999,11.0071,34.228984999999994
55,AHMEDABAD,NAGPUR,4032,4306,0.208,0.099,0.769,2.767
56,AHMEDABAD,NANDED,1186,1336,0,0,0,0
57,AHMEDABAD,NASIK,1975,2206,0.001,0.169,0,0
58,AHMEDABAD,PATNA,8771,9793,49.16248,4.8587,3.137,2.589
59,AHMEDABAD,PORT BLAIR,42,15,0,0,0,0
60,AHMEDABAD,PUNE,25793,26110,100.83166,138.16708,3.153,1.994
61,AHMEDABAD,RAIPUR,4275,5313,15.596,0.245,0.991,0.076
62,AHMEDABAD,RANCHI,4304,5198,14.022,1.53,0.958,1.157
63,AHMEDABAD,SRINAGAR,5065,5767,1.319,1.883,1.052,0
64,AHMEDABAD,SURAT,-,22,-,0,-,0
65,AHMEDABAD,UDAIPUR,231,-,0,-,0,-
66,AHMEDABAD,VARANASI,7529,9172,13.53538,7.8175,0.674,0
67,AHMEDABAD,VISAKHAPATNAM,332,473,2.047,1.226,0,0
68,AHMEDABAD,Ayodhya International Airport ,6973,6450,0,0,0,0
69,AHMEDABAD,HINDON AIRPORT,3606,5192,0,0,0,0
70,AHMEDABAD,Purnia Airport ,2513,2540,0,0,0,0
71,AIZAWL,DELHI,5835,6802,34.485,35.798,0,1.854
72,AIZAWL,GUWAHATI,4976,5737,0.097,11.722,5.255,14.551
73,AIZAWL,KOLKATA,5487,4930,25.154,11.769,18.772,7.509
74,AIZAWL,LUCKNOW,96,57,0,0.094,0,0
75,AIZAWL,SHILLONG,130,316,0,0,0,0
76,Kishangarh,LUCKNOW,637,745,0,0,0,0
77,Kishangarh,NAGPUR,1161,1413,0,0,0,0
78,Kishangarh,PUNE,1379,1629,0,0,0,0
79,Kishangarh,HINDON AIRPORT,525,563,0,0,0,0
80,PRAYAGRAJ,BENGALURU,3665,3760,0.009,0.475,2.492,1.46
81,PRAYAGRAJ,BHUBANESWAR,846,882,0,0,0,0
82,PRAYAGRAJ,BILASPUR,297,398,0,0,0,0
83,PRAYAGRAJ,DELHI,5227,5600,0.027,1.448,0,22.097
84,PRAYAGRAJ,HYDERABAD,1314,1391,0,0.033,0.126,0
85,PRAYAGRAJ,MUMBAI,9688,9826,0,2.226,0.962,5.125
86,AMRITSAR,BENGALURU,5275,5112,21.1,3.807,0,3.493
87,AMRITSAR,CHENNAI,463,423,54.846,0.335,0,0
88,AMRITSAR,DELHI,56533,56844,116.2005,23.753,0,0.04336
89,AMRITSAR,GUWAHATI,144,110,0.26,0,0,0
90,AMRITSAR,HYDERABAD,5272,4369,10.207,1.099,0,0.071
91,AMRITSAR,KOLKATA,2169,2153,1.673,0.608,0,0
92,AMRITSAR,KULLU,176,126,0,0,0,0
93,AMRITSAR,MUMBAI,14444,14314,6.471,24.085,0,3.68691
94,AMRITSAR,PUNE,5157,4616,2.428,1.22,0,0.067
95,AMRITSAR,SRINAGAR,6081,6465,4.149,0.359,0.039,1.842
96,AURANGABAD,BENGALURU,2361,2369,0,0.665,0,0.49
97,AURANGABAD,COIMBATORE,47,29,0,0,0,0
98,AURANGABAD,DABOLIM,855,809,0,0,0,0
99,AURANGABAD,DELHI,13428,14824,0,190.454596,0.031,4.890000000000001
100,AURANGABAD,HYDERABAD,3090,2478,0,0.262,0,0
101,AURANGABAD,MUMBAI,9786,9997,0,11.539,0.727,20.467
102,BAGDOGRA,BENGALURU,21550,16580,96.86642,86.236,0.011,4.152
103,BAGDOGRA,BHUBANESWAR,692,668,0,0,0,0
104,BAGDOGRA,CHENNAI,5890,5708,26.236,4.096,1.382,0.256
105,BAGDOGRA,DELHI,53375,54187,88.41896,123.87494,1.3593000000000002,8.5252
106,BAGDOGRA,DIBRUGARH,3797,3861,0,0,0,0
107,BAGDOGRA,DURGAPUR,389,318,0,0,0,0
108,BAGDOGRA,GUWAHATI,1231,6028,1.13188,17.13952,0,1.50922
109,BAGDOGRA,HYDERABAD,16058,15806,52.605,15.012,0.972,0.003
110,BAGDOGRA,IMPHAL,2624,4232,23.513,0,0,0
111,BAGDOGRA,KOLKATA,27608,25426,70.762,21.76617,8.222,2.959
112,BAGDOGRA,MUMBAI,19438,20246,53.921310000000005,85.51308,1.796,3.4825
113,BAGDOGRA,RAIPUR,3,-,0,-,0,-
114,BAREILLY,BENGALURU,2367,2302,0,0.223,0,0
115,BAREILLY,MUMBAI,3717,3746,0,0.168,0,0
116,BELGAUM,BENGALURU,4489,4486,0,0.219,0,0
117,BELGAUM,DELHI,5204,5046,0.001,0.51,0,0
118,BELGAUM,HYDERABAD,2075,2225,0.019,0.01,0,0
119,BELGAUM,JAIPUR,601,661,0,0,0,0
120,BELGAUM,MUMBAI,1514,1654,0,0,0,0
121,BENGALURU,BHOPAL,11100,11758,34.513,13.391,6.77,1.968
122,BENGALURU,BHUBANESWAR,34587,33185,165.75654999999998,20.648,11.13926,0
123,BENGALURU,BIDAR ,1377,1414,0,0,0,0
124,BENGALURU,CHANDIGARH,20855,20898,124.191,208.243,8.305,0
125,BENGALURU,CHENNAI,67227,73896,645.07821,507.75944000000004,15.998,22.289779999999997
126,BENGALURU,COIMBATORE,18314,18224,25.286,29.258,4.16,2.299
127,BENGALURU,DABOLIM,41948,41640,71.092,67.558,1.272,0.834
128,BENGALURU,DARBHANGA,606,971,1.106,0,0,0
129,BENGALURU,DehraDun,9272,9768,9.632,25.173,5.44,0.815
130,BENGALURU,DELHI,212038,232061,4619.410716,4798.270073400001,25.349999999999998,33.849914
131,BENGALURU,Deoghar ,4742,4943,0.106,0,0,0
132,BENGALURU,DIBRUGARH,722,254,0.569,0.234,0,0
133,BENGALURU,DURGAPUR,4303,4677,7.706,18.521,0,0
134,BENGALURU,Goa,24129,23137,8.826,20.489,0,0.126
135,BENGALURU,GORAKHPUR,11326,11255,68.00665,52.92779,1.78027,0.454
136,BENGALURU,GUWAHATI,36873,32180,412.15869999999995,203.715,14.74392,2.17822
137,BENGALURU,GWALIOR,4080,4469,0,0,0,0
138,BENGALURU,HUBLI,4334,4391,0.524,0.452,0.219,1.036
139,BENGALURU,HYDERABAD,100749,101631,659.3,201.39600000000002,39.941,9.251
140,BENGALURU,IMPHAL,572,659,3.678,8.312,0.003,0
141,BENGALURU,INDORE,19898,21465,104.467,90.354,5.729,1.405
142,BENGALURU,JABALPUR,4682,5023,0.641,0.282,0,0
143,BENGALURU,JAIPUR,38467,38280,435.521,430.009,11.908,1.526
144,BENGALURU,JAISALMER,4169,4022,0.001,0,0,0
145,BENGALURU,JAMMU,2700,3138,3.541,0,0.094,0
146,BENGALURU,JHARSUGUDA,4788,4932,0.142,0,0,0
147,BENGALURU,JODHPUR,10261,10321,10.74,8.028,3.726,1.91
148,BENGALURU,KANNUR,4234,4975,0.512,0.004,0.232,0
149,BENGALURU,KANPUR,2632,2833,0.828,0.38,0,0
150,BENGALURU,KOCHI,58714,58115,182.075,128.858,32.404,10.491
151,BENGALURU,KOLHAPUR,2208,2088,0.155,0.257,0,0
152,BENGALURU,KOLKATA,99987,99477,1024.4313200000001,905.88401,21.253,8.43166
153,BENGALURU,KOZHIKODE,16375,16698,7.569,0.1,2.532,0
154,BENGALURU,KURNOOL,241,291,0.058,0,0,0
155,BENGALURU,LUCKNOW,38463,39581,256.68199999999996,175.51100000000002,16.82395,2.518
156,BENGALURU,MADURAI,6254,6177,0.352,0.564,1.357,1.262
157,BENGALURU,Malvan,1458,1142,0,0,0,0
158,BENGALURU,MANGALORE,37521,36889,7.987,74.352,0.618,173.339
159,BENGALURU,MUMBAI,169920,170653,1600.4971839999996,1712.6427355999995,13.714319999999999,28.631961000000004
160,BENGALURU,NAGPUR,18243,18991,74.117,29.31,6.759,5.007
161,BENGALURU,NANDED,1586,1557,0,0,0,0
162,BENGALURU,NASIK,5985,6194,0.842,0.56,0.329,0.164
163,BENGALURU,PATNA,27712,28344,130.66123000000002,24.41679,20.324,5.785
164,BENGALURU,PONDICHERRY,1640,2005,0.221,0,0,0
165,BENGALURU,PORT BLAIR,13765,14796,63.067,20.815,3.016,0
166,BENGALURU,PUNE,73168,71212,450.54697999999996,286.644,13.01745,3.583
167,BENGALURU,RAIPUR,11513,12361,41.087,4.005,6.517,0.241
168,BENGALURU,RAJAHMUNDRY,2182,2225,0.254,0,0,0
169,BENGALURU,Rajkot International Airport,6289,5727,8.924,5.984,2.194,0
170,BENGALURU,RANCHI,19067,21144,241.107,29.128,8.397,2.737
171,BENGALURU,SALEM,1359,1787,0.086,0,0,0
172,BENGALURU,SHIRDI,6201,6166,0.645,0.01,0,0
173,BENGALURU,Shivamogga Airport,1723,1815,0.168,0,0,0
174,BENGALURU,SILCHAR,316,337,0.253,0,0,0
175,BENGALURU,SRINAGAR,3312,3483,4.182,8.321,0.662,0.065
176,BENGALURU,SURAT,18391,15975,23.519,63.178,2,1.637
177,BENGALURU,TIRUCHIRAPALLY,8467,9457,0.372,0.009,0.936,0
178,BENGALURU,TIRUPATI,1980,2034,0.009,0.02,0.585,0
179,BENGALURU,TRIVANDRUM,31297,33354,55.78,29.637,13.005,4.725
180,BENGALURU,TUTICORIN,1861,1955,0.037,0,0,0
181,BENGALURU,UDAIPUR,12072,12661,45.906,0.964,0,0
182,BENGALURU,VADODARA,5255,4644,7.227,0,4.896,0
183,BENGALURU,VARANASI,41168,41184,71.7852,122.02265,4.37457,0.258
184,BENGALURU,VIDYANAGAR,864,934,0,0,0,0
185,BENGALURU,VIJAYAWADA,12301,13136,0.194,0.012,2.919,0.336
186,BENGALURU,VISAKHAPATNAM,22527,22410,146.398,5.547,7.27,0.811
187,BENGALURU,Ayodhya International Airport ,5407,6370,0,0,0,0
188,BENGALURU,HINDON AIRPORT,12652,14047,0.006,0,0,0
189,BHATINDA,DELHI,524,585,0,0,0,0
190,BHOPAL,DABOLIM,4321,4235,0.002,0.595,0,2.075
191,BHOPAL,DELHI,30678,29820,19.147000000000002,116.5409705,16.71183,31.565261999999997
192,BHOPAL,HYDERABAD,3193,3084,0.006,0.03,0.598,0.724
193,BHOPAL,MUMBAI,16043,15596,10.871,51.7055,3.95356,18.7168
194,BHOPAL,PUNE,4553,4522,0,1.276,0,0.501
195,BHOPAL,RAIPUR,2073,2140,0,0,0.92,0
196,BHUBANESWAR,CHANDIGARH,920,794,0.03,5.742,0,0
197,BHUBANESWAR,CHENNAI,10057,11430,3.69,31.297,2.097,7.51
198,BHUBANESWAR,DehraDun,1907,1938,0,0.001,0,0
199,BHUBANESWAR,DELHI,57022,60049,49.755500000000005,684.6841952,11.898320000000004,13.811648
200,BHUBANESWAR,DIMAPUR,141,57,0.124,0.145,0,0
201,BHUBANESWAR,DURGAPUR,669,925,0,0,0,0
202,BHUBANESWAR,Goa,1985,1976,0.001,1.493,0,0.042
203,BHUBANESWAR,GUWAHATI,4822,4993,0.536,7.393,0,0.844
204,BHUBANESWAR,HYDERABAD,25882,26443,5.4590000000000005,32.956,0.763,6.316
205,BHUBANESWAR,INDORE,2715,2818,0.204,0.62,0,0.029
206,BHUBANESWAR,JAIPUR,2517,2473,0,0,0,0
207,BHUBANESWAR,JAMMU,225,146,0,0,0,0
208,BHUBANESWAR,JAMSHEDPUR,167,223,0,0,0,0
209,BHUBANESWAR,JEYPORE,488,491,0,0,0,0
210,BHUBANESWAR,JHARSUGUDA,1374,1586,0,0,0,0
211,BHUBANESWAR,KOCHI,3401,3239,0.176,4.329,0,0
212,BHUBANESWAR,KOLKATA,15466,15686,3.903,10.492,0,11.022
213,BHUBANESWAR,LUCKNOW,2967,3288,0.706,5.181,0,0.416
214,BHUBANESWAR,MUMBAI,25249,24958,23.826,66.014,4.718,12.425
215,BHUBANESWAR,PATNA,2925,3246,0.897,0.055,0.694,1.09
216,BHUBANESWAR,PORT BLAIR,1271,1110,1.205,0,0,0
217,BHUBANESWAR,PUNE,4763,4399,4.051,21.602,0,0
218,BHUBANESWAR,RAIPUR,3961,3561,0.558,0.016,0,0.102
219,BHUBANESWAR,RANCHI,2008,1980,0.108,0.001,0,0.746
220,BHUBANESWAR,Utkela,185,273,0,0,0,0
221,BHUBANESWAR,VARANASI,1587,1727,0.003,0,0,0
222,BHUBANESWAR,VISAKHAPATNAM,1698,2002,0.001,0,0,0
223,BHUJ,DELHI,4377,4564,0,0.0415,0,0
224,BHUJ,MUMBAI,8416,8603,0,0.374,0,0
225,BHUJ,SURAT,600,527,0,0,0,0
226,BIKANER,DELHI,2097,2076,0,0.406,0,0
227,BIKANER,JAIPUR,197,157,0,0,0,0
228,BILASPUR,DELHI,360,420,0,0,0,0
229,BILASPUR,JABALPUR,195,110,0,0,0,0
230,BILASPUR,KOLKATA,299,253,0,0,0,0
231,CHANDIGARH,CHENNAI,4429,4861,49.757,33.821,0.03,1.572
232,CHANDIGARH,DABOLIM,5036,4650,6.858,2.488,0,0.001
233,CHANDIGARH,DELHI,32714,32928,183.39049350000002,41.3439231,11.332999999999998,20.431448
234,CHANDIGARH,DHARAMSALA,1125,1155,0,0,0,0
235,CHANDIGARH,Goa,3944,3904,8.518,1.759,0,0
236,CHANDIGARH,GUWAHATI,756,827,13.849,0,0.047,0
237,CHANDIGARH,HISSAR,26,29,0,0,0,0
238,CHANDIGARH,HYDERABAD,8584,8322,63.708,39.723,0.816,0.199
239,CHANDIGARH,INDORE,3417,3472,20.979,1.766,0.579,0.193
240,CHANDIGARH,JAIPUR,5181,5198,0.011,0.035,0,0
241,CHANDIGARH,KOCHI,261,388,1.05,3.208,0,0
242,CHANDIGARH,KOLKATA,9060,9854,58.4648724,67.43482329999999,1.187,0.8865299999999999
243,CHANDIGARH,KULLU,-,15,-,0,-,0
244,CHANDIGARH,LEH,1466,2630,0.23500000000000001,0,0,0
245,CHANDIGARH,LUCKNOW,3995,3945,8.653,0.46,0.165,2.277
246,CHANDIGARH,MUMBAI,20817,21228,132.0016823,127.91918930000001,3.1119999999999997,11.496459999999999
247,CHANDIGARH,PATNA,3045,3016,3.481,0.006,0.008,1.456
248,CHANDIGARH,PUNE,5474,4862,35.175,27.108,0,0
249,CHANDIGARH,SRINAGAR,4163,4960,2.094,0.083,0.294,1.315
250,CHANDIGARH,UDAIPUR,224,90,0,0,0,0
251,CHENNAI,COIMBATORE,39028,38296,18.02,37.608,2.82,13.601
252,CHENNAI,DABOLIM,6026,5945,5.122,13.127,0.59,0.69
253,CHENNAI,DehraDun,569,614,0.269,32.318,0,0.591
254,CHENNAI,DELHI,95369,96767,2608.4591221999995,2177.8496178,49.530066000000005,42.10766
255,CHENNAI,DURGAPUR,3824,3906,0.539,4.207,0,0
256,CHENNAI,Goa,4784,4808,2.799,12.319,0,0
257,CHENNAI,GUWAHATI,15683,14790,35.947,26.486,5.948,2.812
258,CHENNAI,HYDERABAD,69940,71442,530.5008399999999,541.6690000000001,12.591,20.473
259,CHENNAI,INDORE,8302,7888,30.262,100.557,1.785,1.649
260,CHENNAI,JAIPUR,11231,10905,61.571,102.029,5.081,1.299
261,CHENNAI,JAMMU,133,154,0.066,0,0,0
262,CHENNAI,Cuddapah,552,666,0.143,0,0,0
263,CHENNAI,KANNUR,1349,1214,0.106,0.023,0,0
264,CHENNAI,KANPUR,82,34,0,0,0,0
265,CHENNAI,KOCHI,34214,33446,47.767109999999995,35.269,12.389,6.322
266,CHENNAI,KOLKATA,52974,52000,313.1539,280.25822,10.482,4.761
267,CHENNAI,KOZHIKODE,4213,3971,0.291,0.053,1.237,0
268,CHENNAI,LUCKNOW,4447,4050,49.692,20.752,5.44,1.744
269,CHENNAI,MADURAI,16909,16619,0.855,10.582,5.605,5.278
270,CHENNAI,MANGALORE,2152,2132,0.182,0,0,0.329
271,CHENNAI,MUMBAI,103719,98855,813.6509494,822.2290833,30.9176,36.820546
272,CHENNAI,MYSORE,2101,1937,0.025,0,0,0
273,CHENNAI,PATNA,10723,12416,51.904880000000006,27.51632,11.393,2.926
274,CHENNAI,PORT BLAIR,25717,26416,161.8206,197.65585999999996,37.48843,2.21
275,CHENNAI,PUNE,38362,36743,353.808,239.984,4.85,3.546
276,CHENNAI,RAIPUR,5815,4505,14.153,14.47,0.823,0.26
277,CHENNAI,RAJAHMUNDRY,2153,2156,0,0.007,0,0
278,CHENNAI,RANCHI,5675,5767,22.92,4.239,2.489,0.599
279,CHENNAI,SALEM,1855,1865,0.03,0,0,0
280,CHENNAI,SHIRDI,4669,4548,1.544,1.045,0,0
281,CHENNAI,Shivamogga Airport,485,459,1.8007700000000004,1.462,0,0
282,CHENNAI,SURAT,3335,2703,6.036,20.98,0.179,0.355
283,CHENNAI,TIRUCHIRAPALLY,11544,12115,0.327,0.101,0.261,0
284,CHENNAI,TRIVANDRUM,14719,15828,13.023,15.579,6.377,4.299
285,CHENNAI,TUTICORIN,8336,8177,0.4,0.117,0,0
286,CHENNAI,VADODARA,809,628,0.036,0,0,0
287,CHENNAI,VARANASI,6147,6282,3.373,27.219,0.06,0.234
288,CHENNAI,VIJAYAWADA,4136,4338,0.389,0.628,0,0
289,CHENNAI,VISAKHAPATNAM,16342,17525,33.554,15.327,5.935,1.508
290,CHENNAI,HINDON AIRPORT,7652,7876,0,0,0,0
291,COIMBATORE,DABOLIM,1938,1967,0,0.002,0,0
292,COIMBATORE,DELHI,17997,19471,224.2665,202.37294490000002,4.59,4.0189
293,COIMBATORE,DURGAPUR,52,42,0.548,0,0,0
294,COIMBATORE,GUWAHATI,374,316,9.494,0.025,0.998,0
295,COIMBATORE,HYDERABAD,24062,24045,81.659,28.01,2.306,3.961
296,COIMBATORE,JAIPUR,370,307,4.274,0.97,0,0
297,COIMBATORE,KOLKATA,-,152,-,2.134,-,0
298,COIMBATORE,LUCKNOW,8,-,0,-,0,-
299,COIMBATORE,MUMBAI,22169,21604,212.6175,227.5953906,4.566,6.34398
300,COIMBATORE,NASIK,44,35,0,0,0,0
301,COIMBATORE,PUNE,5373,4902,12.569,19.324,0,0.325
302,COIMBATORE,SHIRDI,150,171,0,0,0,0
303,COOCH BEHAR,KOLKATA,247,247,0,0,0,0
304,DABOLIM,DELHI,57650,60417,49.199033500000006,176.1233374,1.825,3.72782
305,DABOLIM,HYDERABAD,28497,29893,45.197,18.763,0.902,2.525
306,DABOLIM,INDORE,8394,8483,2.095,2.453,0.152,0.003
307,DABOLIM,JAIPUR,4862,5097,0.288,6.228,0.153,0
308,DABOLIM,KOCHI,4450,4432,17.816,8.775,0.278,0
309,DABOLIM,KOLKATA,5395,5259,16.168,26.41,1.165,0.204
310,DABOLIM,LUCKNOW,4699,4837,5.681,2.306,0.406,0.103
311,DABOLIM,MUMBAI,55350,54592,73.5412528,86.8472785,3.5888200000000006,15.801515
312,DABOLIM,NASIK,1091,1129,0.001,0,0,0
313,DABOLIM,PUNE,4670,4826,0.753,0.277,0.018,0
314,DABOLIM,RAIPUR,5760,5748,9.398,0.053,0.241,0
315,DABOLIM,SURAT,5964,4911,21.679,31.173,0.212,0.202
316,DABOLIM,HINDON AIRPORT,2611,4027,0,0,0,0
317,DARBHANGA,DELHI,15624,15974,4.59759,5.9125,0,0
318,DARBHANGA,HYDERABAD,3997,4593,0,0.152,0,0
319,DARBHANGA,KOLKATA,1138,1095,0,0.018,0,0
320,DARBHANGA,MUMBAI,11910,12569,0,27.740399999999998,0,0
321,DehraDun,DELHI,27407,29000,28.358,13.206,9.179,24.1428
322,DehraDun,GUWAHATI,163,230,0.014,0.079,0,0
323,DehraDun,HYDERABAD,4575,4883,4.181,2.762,0.412,2.059
324,DehraDun,INDORE,227,186,0,0,0,0
325,DehraDun,JAIPUR,3627,3002,0,0,0,0
326,DehraDun,KOLKATA,2480,2483,4.463,0.908,0.107,0
327,DehraDun,KULLU,180,102,0,0,0,0
328,DehraDun,LUCKNOW,3931,3994,0.212,0.074,0.584,1.283
329,DehraDun,MUMBAI,13485,13388,1.501,13.822,1.144,5.245
330,DehraDun,PUNE,4225,3711,15.087,5.607,0.29,0.461
331,DELHI,Deoghar ,9336,9626,0.268,0,0,0
332,DELHI,DHARAMSALA,5036,4152,0.62923,0,0,0
333,DELHI,DIBRUGARH,9940,9947,36.07,9.171,4.388,3.368
334,DELHI,DIMAPUR,4981,4693,9.738,13.833,4.166,8.036
335,DELHI,DURGAPUR,4858,4755,22.393,23.417,0,0
336,DELHI,GAYA,8867,9843,0.26,0,0,0
337,DELHI,Goa,55099,53422,90.54595,43.906439999999996,1.23,0.6325
338,DELHI,GORAKHPUR,20724,19558,71.38414,63.64665,17.849,0
339,DELHI,GUWAHATI,72007,72119,963.0156182000001,182.531848,14.05006,9.055760000000001
340,DELHI,GWALIOR,4269,4097,0.398,0,0,0
341,DELHI,HISSAR,10,6,0,0,0,0
342,DELHI,HUBLI,5363,4490,9.639,3.354,0.301,2.921
343,DELHI,HYDERABAD,134940,129288,1656.1420431000001,1027.3871538,32.357033,20.168252
344,DELHI,IMPHAL,14977,15724,86.34100000000001,105.133,9.324,10.233
345,DELHI,INDORE,51936,50147,491.9596874,232.96819950000003,12.82312,7.72739
346,DELHI,Itanagar,5043,4842,2.622,0.552,0,0
347,DELHI,JABALPUR,9490,9119,0.684,3.639,4.978,0
348,DELHI,JAGDALPUR,329,596,0,0,0,0
349,DELHI,JAIPUR,34313,33632,48.5229391,50.278499999999994,17.0976,7.028
350,DELHI,JAISALMER,12132,11491,1.051,0,0,0
351,DELHI,JAMMU,31309,29153,80.61528,9.502,7.323,0
352,DELHI,JHARSUGUDA,5226,5030,0.127,0,0,0
353,DELHI,JODHPUR,18942,16561,24.602500000000003,0.032,23.90001,12.993
354,DELHI,JORHAT,2880,2758,0.441,0.137,0,0
355,DELHI,KANNUR,4384,3117,1.853,0.336,0.048,0
356,DELHI,KANPUR,5038,5123,0.564,0.001,15.254,0
357,DELHI,KHAJURAHO,3050,3119,0.217,0,0,0
358,DELHI,KOCHI,42509,41067,420.5535050999999,244.78649999999996,27.101022000000004,14.609075
359,DELHI,KOLKATA,126976,125092,1778.6810888,2363.078104,51.25216799999999,31.1332
360,DELHI,KOZHIKODE,6117,4979,9.091,0.568,2.328,0
361,DELHI,KULLU,395,201,0,0,0,0
362,DELHI,LEH,22723,27079,132.35134,11.625039999999998,26.83554599999999,18.981
363,DELHI,LUCKNOW,65184,64691,293.4565435,82.97721949999999,46.86160099999999,15.376199999999997
364,DELHI,MADURAI,6235,5929,27.52,90.357,1.661,1.699
365,DELHI,MANGALORE,13480,12152,12.234,3.972,0,37.73
366,DELHI,MUMBAI,308118,294192,5258.250323300001,3562.196679900001,46.201620000000005,81.50408599999999
367,DELHI,NAGPUR,39295,36100,289.5358625,104.07849999999999,13.518,20.592
368,DELHI,NASIK,9144,8304,36.768,14.923,1.114,0.35
369,DELHI,PANTNAGAR,3851,3710,0.108,0,0,0
370,DELHI,PATNA,74188,77241,484.0788568000001,79.4210353,58.217388,17.329879999999996
371,DELHI,PITHORAGARH,401,248,0,0,0,0
372,DELHI,PORT BLAIR,11529,10665,60.4754502,18.6375,0.8276000000000001,0.022850000000000002
373,DELHI,PUNE,128354,123164,1630.8356739,1202.8457684999998,11.843630000000001,2.85914
374,DELHI,RAIPUR,39766,39340,290.18542920000004,24.061,20.097219999999997,1.677
375,DELHI,RAJAHMUNDRY,3654,4044,3.593,0.009,0,0
376,DELHI,Rajkot International Airport,18995,17197,33.527,78.511143,8.143,1.043
377,DELHI,RANCHI,42457,43752,765.807,118.63400000000001,15.103,7.067
378,DELHI,REWA,453,424,0,0,0,0
379,DELHI,SHILLONG,653,561,0.21663,0,0,0
380,DELHI,SHIRDI,9725,8936,0.638,2.641,0,0
381,DELHI,SILCHAR,255,136,0,0,0,0
382,DELHI,SIMLA,23,15,0,0,0,0
383,DELHI,SRINAGAR,73026,78842,440.73384379999993,503.80733899999996,14.165711000000002,47.478
384,DELHI,SURAT,28059,23521,81.78139,94.407,9.207,4.861
385,DELHI,TIRUCHIRAPALLY,4980,4213,1.657,0.303,0,0
386,DELHI,TIRUPATI,8476,8051,55.008851500000006,26.9832203,0.764,0
387,DELHI,TRIVANDRUM,20097,20110,111.321,26.3185,10.55427,8.91188
388,DELHI,UDAIPUR,45377,41827,22.949659999999998,8.5003,0.1429,0
389,DELHI,VADODARA,29731,25547,115.15800000000002,0,8.7359,0
390,DELHI,VARANASI,64144,64795,270.7308487,72.38481,20.88185,2.479
391,DELHI,VIJAYAWADA,12560,12682,67.211,5.361000000000001,8.774764000000001,0.5730000000000002
392,DELHI,VISAKHAPATNAM,21934,20836,77.4714736,16.242,7.5789550000000006,1.826
393,DELHI,Ayodhya International Airport ,20962,20158,0.493,0,0,0
394,DELHI,Purnia Airport ,5264,5192,0.136,0,0,0
395,Deoghar ,KOLKATA,842,858,0,0,0,0
396,Deoghar ,MUMBAI,2070,2041,0,0.076,0,0
397,DHARAMSALA,JAIPUR,28,54,0,0,0,0
398,DHARAMSALA,SIMLA,13,15,0,0,0,0
399,DIBRUGARH,GUWAHATI,11871,12002,3.808,2.6439999999999997,3.708,6.16
400,DIBRUGARH,KOLKATA,9394,9090,33.308,40.231,2.231,7.379
401,DIMAPUR,GUWAHATI,5796,6704,7.659,21.97,0,0.412
402,DIMAPUR,IMPHAL,551,557,0,0,0,0
403,DIMAPUR,KOLKATA,4618,5066,20.852,37.141,5.702,2.376
404,DIU,Goa,289,296,0,0,0,0
405,DIU,KESHOD,71,72,0,0,0,0
406,DIU,MUMBAI,1556,1842,0,0,0,0
407,DIU,SURAT,1743,1515,0,0,0,0
408,DURGAPUR,HYDERABAD,5550,5053,8.364,0.413,0,0
409,DURGAPUR,MUMBAI,2675,2582,0.802,0.241,0,0
410,DURGAPUR,VARANASI,267,202,0,0,0,0
411,GAYA,KOLKATA,4443,4394,0,0.435,0,0
412,Goa,HYDERABAD,32949,34193,4.481999999999999,9.216999999999999,0.008,0
413,Goa,JAIPUR,4146,4296,0.743,12.246,0,0.008
414,Goa,JALGAON,1863,1772,0,0,0,0
415,Goa,KOLKATA,4627,4885,4.762,2.21,0,0
416,Goa,MUMBAI,40179,40157,15.80179,26.57398,0.551,0.0815
417,Goa,NAGPUR,6886,7088,0.543,0.002,0,0
418,Goa,PUNE,16114,15787,53.312070000000006,18.619220000000002,0.926,0
419,Goa,Rajkot International Airport,4733,3727,0,0.414,0,0
420,Goa,Shivamogga Airport,972,1125,0,0,0,0
421,Goa,SHOLAPUR,670,876,0,0,0,0
422,Goa,SURAT,1009,897,0,0.994,0,0
423,Goa,VADODARA,4547,3877,0,0,0,0
424,Gondia ,HYDERABAD,1581,1125,0,0.118,0,0
425,Gondia ,INDORE,875,896,0,0,0,0
426,GORAKHPUR,HYDERABAD,5877,6748,0,1.23,0,1.162
427,GORAKHPUR,KOLKATA,2164,2177,0,0,0,0
428,GORAKHPUR,MUMBAI,9177,9501,0,8.097560000000001,0,2.172
429,GUWAHATI,HYDERABAD,17414,17489,33.457,46.723,1.144,4.626
430,GUWAHATI,IMPHAL,11442,12493,68.821,20.477,2.307,6.315
431,GUWAHATI,Itanagar,104,106,0,0,0,0
432,GUWAHATI,JAIPUR,9230,9905,4.7829999999999995,65.129,1.244,0.445
433,GUWAHATI,KOLKATA,46939,49468,197.33839999999998,557.7855299999999,6.963,14.041
434,GUWAHATI,LUCKNOW,3831,3705,1.173,1.923,1.896,1.153
435,GUWAHATI,MUMBAI,16658,16979,44.44688,126.88643,3.8469300000000004,13.7844
436,GUWAHATI,PASIGHAT,384,450,0,0,0,0
437,GUWAHATI,PUNE,6644,6143,6.291,31.754,0.794,0.502
438,GUWAHATI,RUPSI,174,165,0,0,0,0
439,GUWAHATI,SHILLONG,1,-,0,-,0,-
440,GUWAHATI,SILCHAR,8230,8688,16.01,0.071,8.373,0
441,GUWAHATI,TEZU,590,676,0,0,0,0
442,GUWAHATI,Ziro,28,25,0,0,0,0
443,GWALIOR,MUMBAI,4953,4736,0,0.063,0,0
444,HISSAR,JAIPUR,186,95,0,0,0,0
445,HISSAR,Ayodhya International Airport ,261,103,0,0,0,0
446,HUBLI,HYDERABAD,2163,2225,0.121,0.085,0.813,0
447,HUBLI,MUMBAI,4420,4435,0.422,1.919,1.595,0.054
448,HUBLI,PUNE,1171,1174,0.06,0.002,0,0.276
449,HUBLI,VIJAYAWADA,4,-,0,-,0,-
450,HYDERABAD,INDORE,17649,18884,46.558,24.584,4.213,2.444
451,HYDERABAD,JABALPUR,2056,1951,0.004,0,0,0
452,HYDERABAD,JAGDALPUR,2034,2115,0.223,0,0,0
453,HYDERABAD,JAIPUR,25730,26632,32.292,120.969,3.053,1.372
454,HYDERABAD,JALGAON,1758,1693,0,0,0,0
455,HYDERABAD,JAMMU,2320,1704,2.145,0.087,0.11,0
456,HYDERABAD,JHARSUGUDA,1965,1916,0,0,0,0
457,HYDERABAD,JODHPUR,10368,9532,1.098,0.116,1.171,0.761
458,HYDERABAD,Cuddapah,2090,2181,0.046,0,0,0
459,HYDERABAD,KANNUR,2160,2097,0.006,0,0,0
460,HYDERABAD,KANPUR,2696,2771,0.152,0.634,0,0
461,HYDERABAD,KOCHI,39186,38784,67.63,41.334,3.867,9.492
462,HYDERABAD,KOLHAPUR,2703,2846,2.835,2.427,0,0
463,HYDERABAD,KOLKATA,41835,42433,155.598,248.673,10.331,14.002
464,HYDERABAD,KOZHIKODE,4938,5328,1.013,0.002,0.137,0
465,HYDERABAD,LUCKNOW,18209,16178,42.591,23.864,4.051,1.495
466,HYDERABAD,MADURAI,10767,10951,6.105,89.309,8.036,0.84
467,HYDERABAD,Malvan,1474,1282,0,0,0,0
468,HYDERABAD,MANGALORE,4377,4433,0.198,0.031,2.616,0.082
469,HYDERABAD,MUMBAI,90031,88531,719.6397826000001,1054.5228807,23.127273000000002,34.677224
470,HYDERABAD,MYSORE,2221,1843,0.164,0,0,0
471,HYDERABAD,NAGPUR,5224,5343,0.272,0.044,0.353,0
472,HYDERABAD,NANDED,1035,1059,0,0,0,0
473,HYDERABAD,NASIK,2792,2744,0.124,0.24,0.264,0.084
474,HYDERABAD,PATNA,24216,28549,41.71504,10.54032,3.604,2.948
475,HYDERABAD,PONDICHERRY,1981,1901,0.003,0,0,0
476,HYDERABAD,PORT BLAIR,5904,5965,37.258,3.978,5.048,0
477,HYDERABAD,PUNE,30218,28919,83.55199999999999,99.809,4.922,4.1
478,HYDERABAD,RAIPUR,9792,10944,12.402,1.745,9.38,0.339
479,HYDERABAD,RAJAHMUNDRY,12719,12943,0.207,0.321,0,0
480,HYDERABAD,Rajkot International Airport,5145,4513,0.652,1.888,0,0
481,HYDERABAD,RANCHI,12998,15392,24.494,3.173,2.309,3.019
482,HYDERABAD,SALEM,1072,1136,0.008,0,0,0
483,HYDERABAD,SHIRDI,7680,7238,0.001,10.3,0,0
484,HYDERABAD,Shivamogga Airport,3197,3107,1.462,1.8007700000000004,0,0
485,HYDERABAD,SRINAGAR,4996,5808,3.489,5.582,0.528,0.11
486,HYDERABAD,SURAT,5392,4894,4.934,43.874,1.137,0.696
487,HYDERABAD,TIRUCHIRAPALLY,4583,4555,2.038,0.08,8.925,0
488,HYDERABAD,TIRUPATI,33509,32726,9.698,5.39,6.048,2.076
489,HYDERABAD,TRIVANDRUM,9781,10504,2.764,10.253,4.245,2.705
490,HYDERABAD,UDAIPUR,10407,10023,2.218,0.474,0,0
491,HYDERABAD,VADODARA,5308,4866,7.73,0,0.829,0
492,HYDERABAD,VARANASI,30135,31645,24.524190000000008,34.609,1.78,0.234
493,HYDERABAD,VIJAYAWADA,14834,14821,3.782,2.756,3.195,0.634
494,HYDERABAD,VISAKHAPATNAM,45648,45076,32.424,24.736,14.467,0.452
495,HYDERABAD,Ayodhya International Airport ,5024,6130,0.001,0,0,0
496,HYDERABAD,Purnia Airport ,5106,5110,0,0,0,0
497,IMPHAL,JAIPUR,253,185,2.587,0.287,0.203,0
498,IMPHAL,KOLKATA,13151,12812,79.124,60.446,12.276,5.455
499,IMPHAL,SHILLONG,886,730,0,0,0,0
500,IMPHAL,TEZU,503,444,0,0,0,0
501,INDORE,JABALPUR,1821,1915,0,0,0,0
502,INDORE,JAIPUR,4112,4171,0.059,0.175,1.408,0
503,INDORE,JAMMU,2191,1891,0.139,0,0.014,0
504,INDORE,JODHPUR,1493,1832,0.001,0.002,0,0
505,INDORE,KOLKATA,5021,5148,16.104,22.342,1.646,3.795
506,INDORE,LUCKNOW,2123,2105,0.056,0.018,0.591,1.16
507,INDORE,MUMBAI,31108,31093,111.556,101.6426433,7.48966,13.672909
508,INDORE,NAGPUR,3204,3149,0.361,0.212,0.567,0
509,INDORE,NASIK,607,570,0,0,0,0
510,INDORE,PATNA,-,3,-,0,-,0
511,INDORE,PUNE,12402,11956,37.803,26.105,1.009,0.733
512,INDORE,RAIPUR,6066,5990,5.05,0.527,0.546,0.378
513,INDORE,UDAIPUR,1156,1170,0.001,0,0,0
514,INDORE,VISAKHAPATNAM,197,230,0,0.017,0,0
515,Itanagar,KOLKATA,4089,4455,0.012,1.011,0,0
516,Itanagar,TEZU,10,15,0,0,0,0
517,JABALPUR,JAGDALPUR,239,207,0,0,0,0
518,JABALPUR,MUMBAI,5308,5077,5.164,2.327,0,11.396
519,JAIPUR,JAISALMER,1842,1599,0,0,0,0
520,JAIPUR,JODHPUR,1544,917,0,0,0,0
521,JAIPUR,KOCHI,407,656,5.773,0.405,0,0
522,JAIPUR,KOLKATA,23079,23349,163.6758,94.62018,2.798,0.763
523,JAIPUR,KULLU,345,157,0,0,0,0
524,JAIPUR,LUCKNOW,2188,2193,0.018,0.061,0,0.423
525,JAIPUR,MUMBAI,54410,53627,238.21209299999998,258.43101110000003,4.782,24.128300999999997
526,JAIPUR,NAGPUR,752,642,0,0.012,0,0
527,JAIPUR,NASIK,223,298,0,0,0,0
528,JAIPUR,PATNA,-,159,-,0,-,0
529,JAIPUR,PORT BLAIR,7,-,0,-,0,-
530,JAIPUR,PUNE,12425,11563,79.18135,11.8659,0,0
531,JAIPUR,SURAT,5628,5396,0.866,2.264,0,0.338
532,JAIPUR,UDAIPUR,3787,3637,0.002,0.021,0,0
533,JAISALMER,MUMBAI,4103,3907,0,0.25,0,0
534,JALGAON,MUMBAI,1540,1230,0,0,0,0
535,JALGAON,PUNE,1836,1835,0,0,0,0
536,JAMMU,LEH,2270,4394,0.787,0.001,0,0
537,JAMMU,MUMBAI,4910,5082,0,7.293,0,0.821
538,JAMMU,SRINAGAR,13952,15692,10.0109,1.2570000000000001,0,5.087
539,JAMNAGAR,MUMBAI,4706,5115,0.352,6.367,0,0
540,JAMNAGAR,SURAT,970,1042,0,0,0,0
541,JAMSHEDPUR,KOLKATA,249,199,0,0,0,0
542,JEYPORE,VISAKHAPATNAM,151,150,0,0,0,0
543,JHARSUGUDA,KOLKATA,2074,2131,0,0.002,0,0
544,JHARSUGUDA,LUCKNOW,931,1038,0,0,0,0
545,JHARSUGUDA,MUMBAI,4469,4037,0,0.052,0,0
546,JODHPUR,MUMBAI,17106,16563,0,3.9154999999999998,1.4543300000000001,9.665733
547,JODHPUR,PUNE,5257,5284,9.024,0.747,0.457,0
548,JORHAT,KOLKATA,5394,5514,4.364,3.799,0,0
549,Cuddapah,VIJAYAWADA,429,336,0,0,0,0
550,KANDLA,MUMBAI,1391,1514,0,0.12642,0,0
551,KANNUR,KOCHI,1483,1258,0.009,0.015,0,0
552,KANNUR,MUMBAI,3090,3067,0.293,1.168,0,0.262
553,KANNUR,TRIVANDRUM,1635,1286,0,0.041,0,0
554,KANPUR,MUMBAI,5116,5144,1.297,3.974,0,3.558
555,KHAJURAHO,VARANASI,2601,1514,0,0,0,0
556,KOCHI,KOZHIKODE,707,778,0,0,0,0
557,KOCHI,LUCKNOW,175,126,0.019,0.183,0,0.145
558,KOCHI,MUMBAI,49817,48140,122.80399999999999,318.6192503,25.500950000000003,19.453448
559,KOCHI,PATNA,335,324,2.153,0.202,0,0
560,KOCHI,PUNE,11085,10504,15.964,52.411,0,0
561,KOCHI,RAIPUR,433,781,0.419,0.574,0,0.054
562,KOCHI,SALEM,394,347,0,0,0,0
563,KOCHI,TRIVANDRUM,1823,1794,0.004,0.013,0,0
564,KOCHI,VARANASI,543,734,0.246,0.204,0,0
565,KOLHAPUR,MUMBAI,1657,1913,0,0,0,0
566,KOLHAPUR,TIRUPATI,130,321,0,0,0,0
567,KOLKATA,LILABARI,316,638,0,0,0,0
568,KOLKATA,LUCKNOW,10371,10655,55.15,42.088,3.466,1.151
569,KOLKATA,MUMBAI,93883,94353,830.0541300999998,1222.4864036000001,16.84925,25.802033
570,KOLKATA,NAGPUR,5669,5335,16.29,33.192,0.036,3.201
571,KOLKATA,PATNA,16549,16989,32.247,10.618,26.838,8.072
572,KOLKATA,PORT BLAIR,32580,29098,419.79503000000005,241.45256999999998,11.93661,1.81
573,KOLKATA,PUNE,21623,23551,94.1271,169.4825,4.79986,3.712
574,KOLKATA,RAIPUR,11907,11508,34.384,1.272,9.22,0.413
575,KOLKATA,RANCHI,7086,7213,0.351,0.146,0,1.471
576,KOLKATA,RUPSI,266,462,0,0,0,0
577,KOLKATA,SHILLONG,3247,2635,0.055,0,0,0
578,KOLKATA,SILCHAR,10207,9438,58.359,1.059,1.489,0
579,KOLKATA,SRINAGAR,3593,4350,1.801,11.99,0.103,0.09
580,KOLKATA,SURAT,7098,5918,27.257,61.958,0,0.02
581,KOLKATA,UDAIPUR,10,-,0,-,0,-
582,KOLKATA,VARANASI,10466,10430,4.426,28.815,3.008,0
583,KOLKATA,VISAKHAPATNAM,5004,4509,1.172,1.825,0,0
584,KOLKATA,HINDON AIRPORT,9249,7900,0,0,0,0
585,KOLKATA,Purnia Airport ,3123,3219,0,0,0,0
586,KOZHIKODE,MUMBAI,6251,5859,0.051,4.866,0,3.53
587,KURNOOL,VIJAYAWADA,243,281,0,0.008,0,0
588,KURNOOL,VISAKHAPATNAM,373,345,0,0.015,0,0
589,LEH,SRINAGAR,899,700,0,0.018,0,0
590,LUCKNOW,MUMBAI,30892,31365,45.498,191.22288600000002,3.562,20.99815
591,LUCKNOW,PATNA,3130,3729,3.436,1.881,1.704,1.424
592,LUCKNOW,PUNE,9251,9300,23.52,25.862,0.307,0.811
593,LUCKNOW,RAIPUR,2987,3276,3.386,0.931,1.098,0.178
594,LUCKNOW,RANCHI,1206,1255,1.561,1.976,0.55,0
595,MADURAI,MUMBAI,9706,9809,48.597323,26.771347,3.31405,12.41683
596,Malvan,PUNE,1439,1633,0,0,0,0
597,MANGALORE,MUMBAI,21476,20598,3.877,5.032,77.668,2.909
598,MANGALORE,TRIVANDRUM,428,539,0,0,0,0
599,MUMBAI,NAGPUR,34013,33963,161.52061949999998,114.01150000000001,45.819102999999984,14.123380000000001
600,MUMBAI,PATNA,23423,23127,173.91875079999997,36.938300000000005,11.344551999999998,3.826377000000001
601,MUMBAI,PORBANDAR,510,288,0.13613,0,0,0
602,MUMBAI,PORT BLAIR,4671,4599,18.184,2.997,2.734,0
603,MUMBAI,RAIPUR,15055,16391,88.818,36.517,16.209,0.588
604,MUMBAI,RAJAHMUNDRY,2119,2124,0.787,0,0,0
605,MUMBAI,Rajkot International Airport,25384,23846,19.3565,142.466857,12.165212999999998,1.965
606,MUMBAI,RANCHI,10075,9931,22.112,11.955,4.837,0.909
607,MUMBAI,SHOLAPUR,1107,1119,0,0,0,0
608,MUMBAI,SRINAGAR,8371,9098,38.424,21.342,2.3668,2.327
609,MUMBAI,TIRUCHIRAPALLY,2084,2178,0.999,0,0.074,0
610,MUMBAI,TIRUPATI,4851,4985,0.173,1.151,1.38,0.07
611,MUMBAI,TRIVANDRUM,13484,14240,36.8089985,8.0975,4.6019190000000005,5.1173600000000015
612,MUMBAI,UDAIPUR,30653,29817,27.2138,6.21216,0,0
613,MUMBAI,VADODARA,14448,14533,23.657999999999998,0,13.312999999999999,0
614,MUMBAI,VARANASI,34118,33743,94.25594609999999,32.40956,7.941244999999999,0.646
615,MUMBAI,VIJAYAWADA,6068,6358,23.3547789,1.9835,9.56475,0.16700000000000007
616,MUMBAI,VISAKHAPATNAM,6234,6491,23.315,3.943,4.216,1.441
617,MUMBAI,Ayodhya International Airport ,11771,11508,0.299,0,0,0
618,MUMBAI,HINDON AIRPORT,13040,13775,0.269,0,0,0
619,MUMBAI,Amravati Airport,925,990,0,0,0,0
620,NAGPUR,PUNE,17360,17243,12.813,62.122,10.24,3.435
621,NANDED,PUNE,1538,1354,0,0,0,0
622,NANDED,HINDON AIRPORT,2314,1952,0,0,0,0
623,PASIGHAT,SHILLONG,121,91,0,0,0,0
624,PATNA,PUNE,5207,4543,2.069,19.547,1.806,1.462
625,PATNA,RANCHI,3079,2971,0.383,0.128,1.365,0
626,PATNA,HINDON AIRPORT,3906,2800,0,0,0,0
627,PONDICHERRY,RAJAHMUNDRY,14,33,0,0,0,0
628,PORT BLAIR,VISAKHAPATNAM,2378,2468,0.373,0.93,0,0
629,PUNE,RAIPUR,6253,6601,13.47,0.267,0.593,0.197
630,PUNE,Rajkot International Airport,2913,2743,0.282,2.115,0,0
631,PUNE,RANCHI,5980,6452,39.791,5.395,0.328,0.379
632,PUNE,SURAT,2315,2210,3.317,3.715,0.355,0.175
633,PUNE,TRIVANDRUM,2078,2412,0.817,1.527,0.211,0
634,PUNE,VADODARA,2657,2565,0.399,0,0.106,0
635,PUNE,VARANASI,10516,10631,1.61523,28.489319999999996,0.175,0
636,RAIPUR,VISAKHAPATNAM,1551,1675,0.001,0,0,0
637,RAJAHMUNDRY,TIRUPATI,496,302,0,0,0,0
638,Shivamogga Airport,TIRUPATI,1674,1299,0,0,0,0
639,TIRUCHIRAPALLY,TRIVANDRUM,790,329,0.065,0.083,0,0
640,TIRUPATI,VIJAYAWADA,1502,1715,0.307,0.02,3.508,0.004
641,TIRUPATI,VISAKHAPATNAM,2028,2150,0.001,0.025,0,0.121
642,VARANASI,VISAKHAPATNAM,329,485,0.09,0.259,0,0
643,VARANASI,HINDON AIRPORT,4403,4689,0,0,0,0
644,VIJAYAWADA,VISAKHAPATNAM,6422,5109,0.046,1.6790000000000003,0,4.706
SUB TOTAL,,,7598162,7638484,45448.52424729999,39116.35484260002,1876.0699290000007,1676.635496999999
TOTAL,,,15236646,,84564.8790899,,3552.7054259999995,
