"City Pair wise  Passenger, Freight & Mail Traffic Statistics For May 2025 (Provisional)
( Scheduled Domestic Services )",Unnamed: 1,Unnamed: 2,Unnamed: 3,Unnamed: 4,Unnamed: 5,Unnamed: 6,Unnamed: 7,Unnamed: 8
"Passengers ( In Number ), Freight ( In Tonne ), Mail ( In  Tonne )",,,,,,,,
S.No.,CITY 1,CITY 2,"PASSENGERS 
TO CITY 2","PASSENGERS 
FROM CITY 2","FREIGHT 
TO CITY 2","FREIGHT 
FROM CITY 2","MAIL 
TO CITY 2","MAIL 
FROM CITY 2"
1,ADAMPUR,HINDON AIRPORT,1167,1234,0,0,0,0
2,AGARTALA,AHMEDABAD,-,23,-,0,-,0
3,AGARTALA,BENGALURU,3963,3687,4.962,33.374,0,0.19
4,AGARTALA,BHUBANESWAR,14,-,0,-,0,-
5,AGARTALA,CHENNAI,642,1132,0.002,6.386,0,0
6,AGARTALA,DELHI,5800,8267,2.394,46.721,1.892,2.146
7,AGARTALA,DIBRUGARH,1180,517,0.038,0.002,0,0
8,AGARTALA,GUWAHATI,14878,14829,4.184000000000001,90.03635,1.616,1.5686
9,AGARTALA,HYDERABAD,2866,3034,2.333,21.1,0,0.013
10,AGARTALA,IMPHAL,1893,1474,0.425,1.576,0,0
11,AGARTALA,JAIPUR,10,21,0,0,0,0
12,AGARTALA,KOLKATA,36370,37055,16.252,393.69968,3.658,1.238
13,AGATTI ISLAND,BENGALURU,694,625,0,0.106,0,0
14,AGATTI ISLAND,Goa,1472,1946,0,0,0,0
15,AGATTI ISLAND,KOCHI,2375,3191,0,0.01,0,0
16,AGATTI ISLAND,KOZHIKODE,81,120,0,0,0,0
17,AGRA,AHMEDABAD,1914,1907,0.902,0.021,0,0
18,AGRA,BENGALURU,5190,4111,1.066,4.377,0,0
19,AGRA,DELHI,51,49,0,0,0,0
20,AGRA,HYDERABAD,2421,2087,0.199,4.311,0,0
21,AGRA,MUMBAI,2184,2125,0.447,0.169,0,0
22,AHMEDABAD,Kishangarh,1089,1440,0.176,0,0,0
23,AHMEDABAD,AMRITSAR,3206,2740,0.621,0,0.002,0
24,AHMEDABAD,BAGDOGRA,7206,6203,5.58966,33.90781,0,0
25,AHMEDABAD,BELGAUM,472,388,0,0,0,0
26,AHMEDABAD,BENGALURU,55869,46354,529.498385,309.24303,1.20522,7.574400000000001
27,AHMEDABAD,BHOPAL,2372,2047,0.541,0,0.053,0.808
28,AHMEDABAD,BHUBANESWAR,5491,5448,22.078,13.461,0.108,1.092
29,AHMEDABAD,BHUJ,920,897,0,0,0,0
30,AHMEDABAD,CHANDIGARH,11127,9123,22.256,24.977,0.476,0.65
31,AHMEDABAD,CHENNAI,22407,18696,197.603,240.998,1.766,3.95
32,AHMEDABAD,COIMBATORE,1756,789,9.997,7.583,0,0.742
33,AHMEDABAD,DABOLIM,14011,12716,43.112,3.406,0,0.169
34,AHMEDABAD,DehraDun,10725,10041,5.053,0.824,0.2,0.06
35,AHMEDABAD,DELHI,110302,107598,1405.2208663999995,1348.4018193,9.392089999999996,24.4922
36,AHMEDABAD,DIMAPUR,152,91,0.016,2.296,0,0
37,AHMEDABAD,DIU,2216,1849,0.011,0,0,0
38,AHMEDABAD,DURGAPUR,176,135,0.808,25.932,0,0
39,AHMEDABAD,Goa,18558,16914,21.97206,2.511,2.569,0
40,AHMEDABAD,GUWAHATI,5047,4449,29.403,50.947,1.277,0.456
41,AHMEDABAD,GWALIOR,550,528,0.008,0,0,0
42,AHMEDABAD,HYDERABAD,33905,28059,190.586,94.795,0.16,2.72
43,AHMEDABAD,INDORE,5526,5422,0.227,0.095,0.092,0
44,AHMEDABAD,JAIPUR,6667,6855,0.382,4.242,0.377,0
45,AHMEDABAD,JALGAON,562,508,0,0,0,0
46,AHMEDABAD,JAMMU,169,196,0.306,0,0,0
47,AHMEDABAD,JODHPUR,1113,1151,0,0,0,0
48,AHMEDABAD,KESHOD,146,126,0,0,0,0
49,AHMEDABAD,KOCHI,7026,6085,37.452,8.063,1.135,2.066
50,AHMEDABAD,KOLHAPUR,667,982,0,0,0,0
51,AHMEDABAD,KOLKATA,29078,25751,262.22816,162.49225,0.798,4.44663
52,AHMEDABAD,LUCKNOW,11964,11040,55.555,13.846,4.272,1.952
53,AHMEDABAD,MUMBAI,78110,70065,899.248675,704.6412,22.735539999999993,45.80609
54,AHMEDABAD,NAGPUR,4381,4165,0.472,0.126,0.2,2.962
55,AHMEDABAD,NANDED,1762,1092,0,0,0,0
56,AHMEDABAD,NASIK,2053,1976,0.001,0,0,0
57,AHMEDABAD,PATNA,5603,5325,53.11,21.473,2.154,1.218
58,AHMEDABAD,PUNE,26208,24776,137.40765,107.45858,3.459,2.3544400000000003
59,AHMEDABAD,RAIPUR,5412,5345,17.789,0.251,0.032,0
60,AHMEDABAD,RANCHI,5942,6306,24.519,1.205,0.065,0.661
61,AHMEDABAD,SRINAGAR,683,464,0.816,4.157,0.006,0
62,AHMEDABAD,TRIVANDRUM,2045,1878,4.45,0.67,0.005,0
63,AHMEDABAD,UDAIPUR,150,7,0,0,0,0
64,AHMEDABAD,VARANASI,5377,5191,13.906,23.433,0.054,0
65,AHMEDABAD,VISAKHAPATNAM,301,971,1.232,8.95,0,0
66,AHMEDABAD,Ayodhya International Airport ,3777,3615,0,0,0,0
67,AIZAWL,BENGALURU,466,464,3.869,4.627,0,0
68,AIZAWL,DELHI,5242,6208,13.645,23.497,0.088,2.75
69,AIZAWL,GUWAHATI,5588,5765,2.493,24.233,2.622,3.694
70,AIZAWL,IMPHAL,455,449,0,0,0,0
71,AIZAWL,KOLKATA,5426,5308,6.764,20.403,15.485,4.8
72,AIZAWL,SHILLONG,385,325,0,0,0,0
73,Kishangarh,LUCKNOW,545,645,0,0,0,0
74,Kishangarh,NAGPUR,936,915,0,0,0,0
75,Kishangarh,PUNE,841,1090,0,0,0,0
76,Kishangarh,HINDON AIRPORT,354,543,0,0,0,0
77,PRAYAGRAJ,BENGALURU,3007,2864,0.004,0.569,0.511,2.663
78,PRAYAGRAJ,BHUBANESWAR,981,901,0,0,0,0
79,PRAYAGRAJ,BILASPUR,443,468,0,0,0,0
80,PRAYAGRAJ,DELHI,5180,5756,0.122,1.674,0.453,28.402
81,PRAYAGRAJ,HYDERABAD,2098,2214,0,0.451,0.516,0
82,PRAYAGRAJ,INDORE,135,61,0,0,0,0
83,PRAYAGRAJ,MUMBAI,15204,15582,0.002,1.367,0.636,4.849
84,PRAYAGRAJ,RAIPUR,460,546,0,0,0,0
85,AMRITSAR,BENGALURU,4236,2845,8.658,2.619,0,1.432
86,AMRITSAR,CHENNAI,-,44,-,0,-,0
87,AMRITSAR,DELHI,24990,23942,29.5255,23.5890671,0,0.038
88,AMRITSAR,GUWAHATI,94,97,0,0,0,0
89,AMRITSAR,HYDERABAD,2767,2252,8.978,0.816,0,0.558
90,AMRITSAR,KOCHI,175,97,0.005,0.014,0,0
91,AMRITSAR,KOLKATA,955,886,1.642,0.126,0,0
92,AMRITSAR,KULLU,186,99,0,0,0,0
93,AMRITSAR,MUMBAI,7569,7661,19.641,10.7875,0,1.3284
94,AMRITSAR,PUNE,2879,2907,0.939,1.446,0,0.043
95,AMRITSAR,SIMLA,148,93,0,0,0,0
96,AMRITSAR,SRINAGAR,2119,1713,0.184,0.127,0.105,0.529
97,AURANGABAD,BENGALURU,2249,1880,0,0.334,0,0
98,AURANGABAD,COIMBATORE,47,34,0,0,0,0
99,AURANGABAD,DABOLIM,916,720,0,0,0,0
100,AURANGABAD,DELHI,9485,9883,0,85.88499999999999,1.72974,5.7667
101,AURANGABAD,HYDERABAD,4452,4196,0,0.708,0,0.142
102,AURANGABAD,MUMBAI,9431,9379,0,9.257,0,20.463
103,BAGDOGRA,BENGALURU,37771,34822,93.37295,79.49828,0,4.2444
104,BAGDOGRA,BHUBANESWAR,736,776,0,0.035,0,0
105,BAGDOGRA,CHENNAI,10356,10816,38.22691999999999,5.385,1.103,1.137
106,BAGDOGRA,DELHI,47194,54087,192.66705,296.9741967,0.8136000000000001,2.067
107,BAGDOGRA,DIBRUGARH,1379,762,0,0.045,0,0
108,BAGDOGRA,DURGAPUR,471,439,0,0,0,0
109,BAGDOGRA,GUWAHATI,1597,4580,2.71772,7.080150000000001,0,0
110,BAGDOGRA,HYDERABAD,19515,20423,30.252000000000002,16.334999999999997,0.655,0.115
111,BAGDOGRA,KOLKATA,25962,25831,21.864549999999998,46.047129999999996,9.018,5.927
112,BAGDOGRA,LEH,-,3,-,0,-,0
113,BAGDOGRA,MUMBAI,18688,19812,74.80593,92.09174000000002,1.44015,2.76837
114,BAGDOGRA,PATNA,72,115,0,0,0,0
115,BAGDOGRA,PUNE,-,17,-,0,-,0
116,BAGDOGRA,SRINAGAR,-,4,-,0,-,0
117,BAREILLY,BENGALURU,2307,2323,0,0.348,0,0
118,BAREILLY,Goa,49,-,0,-,0,-
119,BAREILLY,MUMBAI,2924,2890,0,0.021,0,0
120,BELGAUM,BENGALURU,5185,4731,0.081,0.535,0.364,0
121,BELGAUM,CHENNAI,-,2,-,0,-,0
122,BELGAUM,DABOLIM,16,-,0,-,0,-
123,BELGAUM,DELHI,4158,4337,0.067,0.442,0.06,0
124,BELGAUM,Goa,159,-,0,-,0,-
125,BELGAUM,HYDERABAD,1881,2039,0.001,0.005,0,0
126,BELGAUM,JAIPUR,521,582,0,0,0,0
127,BELGAUM,MUMBAI,1432,1532,0,0,0,0
128,BENGALURU,BHOPAL,11144,11802,19.207,13.67,6.606,2.221
129,BENGALURU,BHUBANESWAR,34735,39858,72.062,16.9824,12.4726,0
130,BENGALURU,BIDAR ,1127,1216,0,0,0,0
131,BENGALURU,CHANDIGARH,14718,16791,93.77350000000001,204.2345,6.177,0.5229999999999999
132,BENGALURU,CHENNAI,54471,62245,445.0900142,457.61270190000005,9.029,24.266520000000003
133,BENGALURU,COIMBATORE,17764,18373,19.581,22.23,0.175,2.316
134,BENGALURU,DABOLIM,43637,49275,28.163,89.006,0.693,0.745
135,BENGALURU,DARBHANGA,2824,3878,0.905,40.51617,0,0
136,BENGALURU,DehraDun,11490,14092,8.45466,32.956,3.476,0.456
137,BENGALURU,DELHI,174792,194416,2510.8697517000005,3067.3420448,26.637,34.388499999999986
138,BENGALURU,Deoghar ,4843,5319,0.406,0,0,0
139,BENGALURU,DIBRUGARH,527,577,0.135,0.211,0,0
140,BENGALURU,DURGAPUR,5412,5856,14.376,6.879,0,0
141,BENGALURU,Goa,25061,27683,13.2375,28.048000000000002,0,0
142,BENGALURU,GORAKHPUR,11509,11936,81.17397,38.40071,0.9758,0.137
143,BENGALURU,GUWAHATI,39072,35601,131.48694,37.03962,10.0158,2.34435
144,BENGALURU,GWALIOR,3191,3875,0,0,0,0
145,BENGALURU,HUBLI,3697,3885,1.054,0.65,0.091,0.579
146,BENGALURU,HYDERABAD,111354,117928,437.71362000000005,158.67750000000004,20.373,19.5354
147,BENGALURU,IMPHAL,725,501,2.978,30.356,0,0
148,BENGALURU,INDORE,21719,28149,129.553,41.644999999999996,5.086,1.355
149,BENGALURU,JABALPUR,4763,5227,0.324,0,0,0
150,BENGALURU,JAIPUR,21631,30305,107.443,109.617,10.815,2.224
151,BENGALURU,JAMMU,144,120,0.047,0,0,0
152,BENGALURU,JHARSUGUDA,4825,5257,0.145,0,0,0
153,BENGALURU,JODHPUR,3550,4243,2.113,0.009,2.097,1.079
154,BENGALURU,KALABURAGI,1217,2464,0,0,0,0
155,BENGALURU,KANNUR,4600,3689,0.148,0,0.378,0
156,BENGALURU,KANPUR,4145,5197,1.174,0,0,0
157,BENGALURU,KOCHI,61884,61202,210.73499999999999,57.208999999999996,13.492,10.744
158,BENGALURU,KOLHAPUR,2294,2150,0.039,0,0,0
159,BENGALURU,KOLKATA,94796,95270,539.3640800000001,666.54755,16.52488,9.02432
160,BENGALURU,KOZHIKODE,11064,11241,9.420000000000002,0.152,2.199,0
161,BENGALURU,KURNOOL,184,271,0.091,0,0,0
162,BENGALURU,LUCKNOW,31584,42720,193.47963,155.56799999999998,14.586,8.398
163,BENGALURU,MADURAI,9889,9462,1.026,0.102,1.842,1.12
164,BENGALURU,MANGALORE,34108,35705,9.517000000000001,11.804,1.3,126.975
165,BENGALURU,MUMBAI,159891,175736,1442.8691729999998,1860.5829061999998,10.55672,37.92556
166,BENGALURU,NAGPUR,19164,23651,72.51,35.116,6.013,5.453
167,BENGALURU,NANDED,2023,2033,0,0,0,0
168,BENGALURU,NASIK,6372,6814,0.72,0.08,4.03,0.207
169,BENGALURU,PATNA,36134,38552,99.00586,127.29922,21.163,1.985
170,BENGALURU,PONDICHERRY,1952,2098,0.118,0,0,0
171,BENGALURU,PORT BLAIR,10194,10898,34.477000000000004,12.676,1.739,0
172,BENGALURU,PUNE,82463,78121,451.85796000000005,253.72995000000003,15.277270000000001,3.142
173,BENGALURU,RAIPUR,13583,16773,40.208,0.001,6.69,0
174,BENGALURU,RAJAHMUNDRY,3722,4077,0.719,0.1,0,0
175,BENGALURU,Rajkot International Airport,4020,4916,3.039,0,1.325,0
176,BENGALURU,RANCHI,19507,19923,16.049,5.311,7.664,1.365
177,BENGALURU,SALEM,1940,2086,0.013,0,0,0
178,BENGALURU,SHIRDI,9093,10358,0.153,2.343,0,0
179,BENGALURU,Shivamogga Airport,1420,1579,0.147,0,0,0
180,BENGALURU,SRINAGAR,1046,1219,3.682,51.543,0.597,0
181,BENGALURU,SURAT,13278,14838,75.753,129.575,1.77,0.869
182,BENGALURU,TIRUCHIRAPALLY,6533,6395,0.307,0.129,1.691,0
183,BENGALURU,TIRUPATI,3108,3392,0.331,0.001,0.978,0
184,BENGALURU,TRIVANDRUM,38319,38830,19.599,6.585,9.329,4.217
185,BENGALURU,TUTICORIN,2137,2153,0.014,0.002,0,0
186,BENGALURU,UDAIPUR,5290,5657,9.873,0.069,0,0
187,BENGALURU,VADODARA,4556,5258,4.896,0,5.389,0
188,BENGALURU,VARANASI,37609,40568,33.666,64.26119,6.064500000000001,2.3268500000000003
189,BENGALURU,VIDYANAGAR,344,295,0,0,0,0
190,BENGALURU,VIJAYAWADA,8114,8438,1.642,0.227,3.011,0.297
191,BENGALURU,VISAKHAPATNAM,22817,24342,86.755,8.712,7.297,0.863
192,BENGALURU,Ayodhya International Airport ,15524,16609,0.73483,0,0,0
193,BENGALURU,HINDON AIRPORT,6838,6951,0,0,0,0
194,BHATINDA,DELHI,392,414,0,0,0,0
195,BHATINDA,HINDON AIRPORT,38,29,0,0,0,0
196,BHAVNAGAR,JAIPUR,14,26,0,0,0,0
197,BHAVNAGAR,MUMBAI,1410,1315,0,0,0,0
198,BHAVNAGAR,PUNE,1255,1060,0,0,0,0
199,BHOPAL,DELHI,23960,24574,13.464,109.87750000000001,11.72,22.613300000000002
200,BHOPAL,Goa,67,-,0,-,0,-
201,BHOPAL,HYDERABAD,6094,5678,0.002,0.121,0.715,2.115
202,BHOPAL,INDORE,197,5,0,0,0,0
203,BHOPAL,JABALPUR,551,278,0,0,0,0
204,BHOPAL,MUMBAI,15137,14719,16.3045,46.542,3.818,26.47173
205,BHOPAL,PUNE,4422,4355,0.05,2.947,0,0.191
206,BHOPAL,RAIPUR,2263,2157,0.01,0,0.741,0
207,BHOPAL,REWA,170,158,0,0,0,0
208,BHOPAL,UDAIPUR,-,5,-,0,-,0
209,BHOPAL,DATIA AIRPORT,2,8,0,0,0,0
210,BHUBANESWAR,CHANDIGARH,1086,849,1.142,4.458,0,0
211,BHUBANESWAR,CHENNAI,13753,13600,11.57,44.609,2.086,6.997
212,BHUBANESWAR,DABOLIM,2815,2251,0.44,0.286,0,0
213,BHUBANESWAR,DehraDun,1888,1720,0,0,0,0
214,BHUBANESWAR,DELHI,42642,47366,54.50235,458.1631142,9.75264,14.9848
215,BHUBANESWAR,DURGAPUR,576,454,0,0,0,0
216,BHUBANESWAR,Goa,-,267,-,0,-,0
217,BHUBANESWAR,GUWAHATI,5496,5165,25.276,1.709,0.004,0.626
218,BHUBANESWAR,HYDERABAD,27235,26317,7.463,41.531,0.767,8.209
219,BHUBANESWAR,INDORE,2308,2703,0.445,1.143,0,0
220,BHUBANESWAR,JAIPUR,2232,2484,0,0.312,0,0
221,BHUBANESWAR,JAMMU,48,43,0,0,0,0
222,BHUBANESWAR,JAMSHEDPUR,160,152,0,0,0,0
223,BHUBANESWAR,JEYPORE,519,516,0,0,0,0
224,BHUBANESWAR,JHARSUGUDA,518,628,0,0,0,0
225,BHUBANESWAR,KOCHI,4483,3398,0.866,0.147,0,0
226,BHUBANESWAR,KOLKATA,25297,24577,59.17368,55.54804,0.064,2.969
227,BHUBANESWAR,LUCKNOW,2899,2719,1.646,1.507,0,0.622
228,BHUBANESWAR,MUMBAI,24434,25064,25.985999999999997,85.54898,4.198,11.86
229,BHUBANESWAR,PATNA,6474,6083,1.879,0.47402,0.57,0.113
230,BHUBANESWAR,PORT BLAIR,3779,4726,20.388,0,0,0
231,BHUBANESWAR,PUNE,4980,4766,0.14100000000000001,17.375999999999998,0,0
232,BHUBANESWAR,RAIPUR,3328,3756,0.001,0.003,0,0
233,BHUBANESWAR,RANCHI,1707,1589,0,0.023,0,0.408
234,BHUBANESWAR,ROURKELA,893,834,0,0,0,0
235,BHUBANESWAR,Utkela,196,261,0,0,0,0
236,BHUBANESWAR,VARANASI,1178,1178,0,0,0,0
237,BHUBANESWAR,HINDON AIRPORT,1458,2041,0,0,0,0
238,BHUJ,DELHI,2108,2230,0,0.022,0,0
239,BHUJ,MUMBAI,6250,5708,0,0.346,0,0
240,BIKANER,DELHI,1317,1273,0,0.249,0,0
241,BIKANER,JAIPUR,99,97,0,0,0,0
242,BILASPUR,DELHI,553,403,0,0,0,0
243,BILASPUR,JABALPUR,429,334,0,0,0,0
244,BILASPUR,JAGDALPUR,120,229,0,0,0,0
245,BILASPUR,KOLKATA,326,265,0,0,0,0
246,BILASPUR,Ambikapur Airport,142,141,0,0,0,0
247,CHANDIGARH,CHENNAI,3727,3978,33.807,41.112,0,0.876
248,CHANDIGARH,DABOLIM,3456,2904,4.441,0.793,0,0.761
249,CHANDIGARH,DELHI,27835,29798,76.1193488,41.854658799999996,5.947999999999999,9.965309999999999
250,CHANDIGARH,DHARAMSALA,1377,1325,0,0,0,0
251,CHANDIGARH,Goa,40,167,0,0,0,0
252,CHANDIGARH,GUWAHATI,638,670,7.837,1.176,0,0
253,CHANDIGARH,HYDERABAD,10561,9990,62.416,45.558,0.436,4.704
254,CHANDIGARH,INDORE,1568,1621,16.862,0.638,0.24,0
255,CHANDIGARH,JAIPUR,2223,2694,0.031,0.159,0,0
256,CHANDIGARH,JAMMU,643,688,0.099,0,0,0
257,CHANDIGARH,KOLKATA,2639,2745,12.199,4.506,0,0.247
258,CHANDIGARH,LEH,968,961,1.2905,0.002,0.18700000000000003,0
259,CHANDIGARH,LUCKNOW,2438,2778,3.779,0.655,0,3.651
260,CHANDIGARH,MUMBAI,19789,22527,141.9225,120.8762102,1.2129999999999999,3.8294500000000005
261,CHANDIGARH,PATNA,2968,2784,5.262,0.138,0,0.543
262,CHANDIGARH,PUNE,4305,4182,31.464,11.922,0,0
263,CHANDIGARH,SILCHAR,1,-,0,-,0,-
264,CHANDIGARH,SRINAGAR,3734,3589,2.377,2.989,0.1,0.566
265,CHANDIGARH,UDAIPUR,-,184,-,0,-,0
266,CHENNAI,COIMBATORE,45504,44589,28.6258185,41.6755,3.07328,9.477
267,CHENNAI,DABOLIM,6500,6680,4.256,13.865,0.643,0.834
268,CHENNAI,DehraDun,1168,1176,1.114,64.887,0,0.407
269,CHENNAI,DELHI,87953,102755,1690.5065609000005,1509.9254970999998,56.05874,40.5784
270,CHENNAI,DURGAPUR,5011,4685,0.634,10.537,0,0
271,CHENNAI,Goa,8150,8256,1.218,47.248999999999995,0,0.709
272,CHENNAI,GUWAHATI,15018,15626,52.58,65.42398,6.915,2.252
273,CHENNAI,HYDERABAD,65787,66837,634.148,573.83,10.488,9.158
274,CHENNAI,INDORE,6027,7696,80.278,13.662,1.642,1.562
275,CHENNAI,JAIPUR,11421,12195,43.605,59.614000000000004,4.577,1.06
276,CHENNAI,Cuddapah,807,754,0.007,0,0,0
277,CHENNAI,KANNUR,1918,1815,0.174,0.005,0.031,0
278,CHENNAI,KOCHI,41209,39897,41.38,15.433,13.708,7.205
279,CHENNAI,KOLKATA,33540,32476,246.285,396.591,12.65,8.9
280,CHENNAI,KOZHIKODE,5861,5503,0.267,0.01,1.672,0
281,CHENNAI,KURNOOL,374,228,0.002,0,0,0
282,CHENNAI,LUCKNOW,3618,3712,40.916,16.188,2.948,4.155
283,CHENNAI,MADURAI,21940,20653,14.25365,27.525590900000005,13.973789999999996,7.9113299999999995
284,CHENNAI,MANGALORE,4267,4599,0.124,0.037,0.003,11.692
285,CHENNAI,MUMBAI,77053,87999,489.38065,629.5658000000001,46.068000000000005,39.01116000000001
286,CHENNAI,MYSORE,2126,1775,0.092,0,0,0
287,CHENNAI,PATNA,9831,9268,32.072,14.783000000000001,7.39,1.322
288,CHENNAI,PORT BLAIR,23083,23807,190.86944,79.479,26.19368,7.805
289,CHENNAI,PUNE,34234,36497,292.18023,273.41431,6.096,3.411
290,CHENNAI,RAIPUR,5934,5892,10.69,6.126,0.782,0.11
291,CHENNAI,RAJAHMUNDRY,2121,2167,0.003,0.001,0,0
292,CHENNAI,Rajkot International Airport,-,5,-,0,-,0
293,CHENNAI,RANCHI,5241,5165,31.343,5.044,2.371,0.427
294,CHENNAI,SALEM,1794,1923,0.043,0,0,0
295,CHENNAI,SHIRDI,5607,6011,0.478,1.244,0,0
296,CHENNAI,Shivamogga Airport,813,757,5.255,2.88,0,0
297,CHENNAI,SURAT,5209,6581,27.276000000000003,31.047,0.038,0.245
298,CHENNAI,TIRUCHIRAPALLY,19199,17175,0.187,0.084,0.14,0
299,CHENNAI,TRIVANDRUM,17020,15185,6.101,13.724,7.534,3.931
300,CHENNAI,TUTICORIN,13071,11095,0.486,0.026,0,0
301,CHENNAI,VARANASI,9261,10473,4.0280000000000005,30.676,0.395,0
302,CHENNAI,VIJAYAWADA,3686,3965,0.249,0.042,0,0
303,CHENNAI,VISAKHAPATNAM,15168,15689,24.484,19.07,5.818,1.905
304,CHENNAI,HINDON AIRPORT,1759,2675,0,0,0,0
305,COIMBATORE,DABOLIM,2098,2117,0.003,0,0,0
306,COIMBATORE,DELHI,15780,18962,140.7205,179.46695870000002,6.026,4.947
307,COIMBATORE,GUWAHATI,306,233,3.664,0.152,1.323,0
308,COIMBATORE,HYDERABAD,27041,27640,88.104,45.704,3.973,5.319
309,COIMBATORE,MUMBAI,31597,34073,112.4605,179.407357,4.452,4.97685
310,COIMBATORE,NASIK,53,46,0.001,0,0,0
311,COIMBATORE,PUNE,5149,5371,10.869,22.331,0,0.245
312,COIMBATORE,VISAKHAPATNAM,151,398,1.555,0,0,0
313,COOCH BEHAR,KOLKATA,257,260,0,0,0,0
314,DABOLIM,DELHI,40942,45507,56.706988800000005,198.02001589999998,2.05395,3.8592
315,DABOLIM,GORAKHPUR,-,105,-,0,-,0
316,DABOLIM,HYDERABAD,30216,31281,43.846,21.319,0.883,0.837
317,DABOLIM,INDORE,4456,4530,0.233,1.834,0.177,0
318,DABOLIM,JAIPUR,367,-,0,-,0,-
319,DABOLIM,KOCHI,4861,3675,13.48,0,0.215,0
320,DABOLIM,KOLKATA,5860,5016,4.686,13.537,1.358,0.149
321,DABOLIM,MUMBAI,63483,67471,58.43606,123.116,5.92996,15.212450000000008
322,DABOLIM,NAGPUR,680,-,0.023,-,0.009,-
323,DABOLIM,NASIK,1048,995,0,0,0,0
324,DABOLIM,PUNE,3347,4467,0.009,1.095,0.298,0
325,DABOLIM,RAIPUR,4131,5309,1.958,0,0.037,0
326,DABOLIM,SURAT,9644,11032,10.279,23.538,0.132,0.195
327,DABOLIM,HINDON AIRPORT,1443,2165,0,0,0,0
328,DARBHANGA,DELHI,15028,16030,30.3926,25.36363,0,0
329,DARBHANGA,Goa,-,59,-,0,-,0
330,DARBHANGA,HYDERABAD,4356,4915,1.328,0.226,0,0
331,DARBHANGA,KOLKATA,2052,2141,0,0.052,0,0
332,DARBHANGA,MUMBAI,7163,7780,28.0295,16.93765,0,0
333,DARBHANGA,PUNE,67,-,0,-,0,-
334,DehraDun,DELHI,34622,36842,21.519,14.3952,11.836,14.978
335,DehraDun,GUWAHATI,255,164,0.068,0,0,0
336,DehraDun,HYDERABAD,7646,6970,21.099,10.683,0.267,1.072
337,DehraDun,JAIPUR,2355,2699,0,0,0,0
338,DehraDun,KOLKATA,2413,2228,1.155,0.385,0.056,0
339,DehraDun,KULLU,174,96,0,0,0,0
340,DehraDun,LUCKNOW,3710,3763,0.001,0.261,0.372,1.307
341,DehraDun,MUMBAI,16554,16511,22.115,21.073,0.763,3.348
342,DehraDun,PITHORAGARH,322,293,0,0,0,0
343,DehraDun,PUNE,4164,4119,6.162,0.84,0.109,0.292
344,DELHI,Deoghar ,10001,8746,0.187,0,0,0
345,DELHI,DHARAMSALA,6187,4120,0.033,0,0,0
346,DELHI,DIBRUGARH,10333,9262,35.466,2.98,4.81,2.927
347,DELHI,DIMAPUR,4998,4405,9.671,24.226,3.06,4.382
348,DELHI,DURGAPUR,5038,3975,1.298,9.856,0,0
349,DELHI,GAYA,5131,4826,8.119,0,0,0
350,DELHI,Goa,55074,50170,109.944778,46.632540000000006,0,2.26
351,DELHI,GORAKHPUR,20940,19817,70.99889,70.62297,11.558,0
352,DELHI,GUWAHATI,67933,59783,278.5236498,278.83304999999996,12.002,6.26874
353,DELHI,GWALIOR,3975,4002,0.327,0,0,0
354,DELHI,HISSAR,96,113,0,0,0,0
355,DELHI,HUBLI,4749,3837,8.391,0.338,1.781,1.83
356,DELHI,HYDERABAD,140072,129994,1492.5163526,1167.166515,34.7604,24.505000000000003
357,DELHI,IMPHAL,11064,8601,74.326,95.316,7.564,7.637
358,DELHI,INDORE,44076,40462,370.76340460000006,122.257967,16.792690000000004,8.296
359,DELHI,Itanagar,3120,2917,0.737,0,0.605,0
360,DELHI,JABALPUR,5786,5432,0.636,0,1.45,0
361,DELHI,JAGDALPUR,274,429,0,0,0,0
362,DELHI,JAIPUR,20575,19677,41.744,24.61,42.709,6.861
363,DELHI,JAMMU,17164,14668,78.20609,5.2700000000000005,8.958,0
364,DELHI,JHARSUGUDA,5174,4688,0.05,0,0,0
365,DELHI,JODHPUR,6814,7015,7.5625,0.152,14.67,9.056
366,DELHI,KANNUR,6324,4291,1.212,0.087,0,0
367,DELHI,KANPUR,4648,5143,9.812,0,11.899,0
368,DELHI,KOCHI,41016,36309,537.6312651999999,222.20382,14.055399999999997,18.549990000000008
369,DELHI,KOLKATA,122010,104309,1542.5640818,1817.454412,46.43614000000001,31.941759999999988
370,DELHI,KOZHIKODE,6464,4261,16.278,1.535,2.245,0
371,DELHI,KULLU,274,126,0,0,0,0
372,DELHI,LEH,32926,25916,85.6792001,11.37213,15.795300000000001,9.164
373,DELHI,LUCKNOW,47272,44260,171.48621970000005,108.44630000000001,52.837920000000004,27.368
374,DELHI,MADURAI,5712,4078,26.014,58.963,3.001,1.421
375,DELHI,MANGALORE,9918,8588,14.8776,4.412,0,28.505
376,DELHI,MUMBAI,273585,264850,3811.6145902,3073.4848581999995,46.08030000000001,98.29652999999999
377,DELHI,NAGPUR,29453,26902,208.441594,71.176,13.171,14.669
378,DELHI,NASIK,6312,6154,9.837,49.931,1.976,0.328
379,DELHI,PANTNAGAR,3948,3378,0.23,0,0,0
380,DELHI,PATNA,63980,57086,409.06054340000003,105.08942,57.663030000000006,12.648320000000002
381,DELHI,PITHORAGARH,413,242,0,0,0,0
382,DELHI,PORT BLAIR,1679,1782,17.407806400000002,10.9895,0.0854,0.02128
383,DELHI,PUNE,119217,112178,1132.5185508999998,884.02064,18.649699999999996,3.5671799999999996
384,DELHI,RAIPUR,33594,33217,221.1135867,1.407,25.085,1.136
385,DELHI,RAJAHMUNDRY,4866,4349,1.43,1.283,0,0
386,DELHI,Rajkot International Airport,7662,6893,19.6455,0,4.1442,0
387,DELHI,RANCHI,43345,40224,454.6758,25.67796,1.372,6.679
388,DELHI,SHILLONG,695,506,0,0,0,0
389,DELHI,SHIRDI,4922,4831,1.877,0.129,0,0
390,DELHI,SIMLA,615,316,0,0,0,0
391,DELHI,SRINAGAR,44691,35722,346.1559578,258.130938,12.77693,19.414
392,DELHI,SURAT,25688,24473,102.24100000000001,139.73000000000002,6.329,4.858
393,DELHI,TIRUPATI,4586,3723,11.041,4.796,1.698,0.54
394,DELHI,TRIVANDRUM,19724,17144,54.787,6.474,11.231099999999996,9.177970000000006
395,DELHI,UDAIPUR,16127,16045,10.525,7.904,0.7975,0
396,DELHI,VADODARA,22542,24774,98.27449999999999,0.002,9.6023,0
397,DELHI,VARANASI,38238,35637,150.0796266,31.32529,26.3587,3.017
398,DELHI,VIJAYAWADA,13123,11927,67.3895,13.267499999999998,7.596299999999999,1.60215
399,DELHI,VISAKHAPATNAM,22819,21801,77.7433445,73.775,8.4537,2.381
400,DELHI,Ayodhya International Airport ,19422,18912,5.327500000000001,0.36683,0,0
401,Deoghar ,KOLKATA,1807,1354,0,0.014,0,0
402,Deoghar ,MUMBAI,2281,2420,0,0.035,0,0
403,DHARAMSALA,GORAKHPUR,4,-,0,-,0,-
404,DHARAMSALA,JAIPUR,55,108,0,0,0,0
405,DHARAMSALA,KULLU,-,25,-,0,-,0
406,DHARAMSALA,LUCKNOW,51,-,0,-,0,-
407,DHARAMSALA,SIMLA,122,121,0,0,0,0
408,DIBRUGARH,GUWAHATI,7558,9318,13.658,5.61606,3.269,6.342
409,DIBRUGARH,HYDERABAD,258,478,0.472,0.577,0,0
410,DIBRUGARH,IMPHAL,2190,1572,2.786,0,0,0
411,DIBRUGARH,KOLKATA,10016,9558,31.568,36.975,1.842,2.597
412,DIMAPUR,GUWAHATI,5767,6250,4.585,6.86444,0,1.091
413,DIMAPUR,IMPHAL,334,313,0,0,0,0
414,DIMAPUR,KOLKATA,4409,4670,8.698,23.604,4.375,1.417
415,DIU,Goa,313,295,0,0,0,0
416,DIU,KESHOD,18,25,0,0,0,0
417,DIU,MUMBAI,885,975,0,0,0,0
418,DIU,SURAT,1565,1593,0,0,0,0
419,DURGAPUR,GUWAHATI,577,659,0,0.001,0,0
420,DURGAPUR,HYDERABAD,4988,5019,3.063,0.148,0,0
421,DURGAPUR,KOLKATA,-,171,-,0,-,0
422,DURGAPUR,MUMBAI,3405,3560,7.944,0.233,0,0
423,GAYA,KOLKATA,4470,3875,1.748,0.471,0,0
424,GAYA,MUMBAI,-,364,-,0,-,0
425,Goa,HYDERABAD,28685,28526,12.27918,2.488,0.075,0.009
426,Goa,INDORE,4706,4802,0,0,0,0
427,Goa,JAIPUR,3920,4873,0.021,31.668,0,0.784
428,Goa,JALGAON,1857,1683,0,0,0,0
429,Goa,KOCHI,-,666,-,0.007,-,0
430,Goa,KOLKATA,2153,2307,0.319,0,0,0
431,Goa,LUCKNOW,3171,2736,4.487,0.004,0.029,0
432,Goa,MUMBAI,29567,30873,40.96141,36.1139801,0,0
433,Goa,NAGPUR,4574,4998,8.272,0.002,0.309,0
434,Goa,PUNE,13512,12577,36.357,23.418,0,0.02
435,Goa,RAIPUR,855,-,0.11,-,0,-
436,Goa,Rajkot International Airport,2028,2431,0,0,0,0
437,Goa,Shivamogga Airport,546,888,0,0,0,0
438,Goa,SURAT,2,-,0,-,0,-
439,Goa,VADODARA,1942,2312,0.023,0,0,0
440,Gondia ,HYDERABAD,1772,1337,0,0.034,0,0
441,GORAKHPUR,HYDERABAD,6566,7082,0,2.63,0,0.105
442,GORAKHPUR,KOLKATA,2207,2097,0,0,0,0
443,GORAKHPUR,MUMBAI,11203,11838,0,12.779770000000001,0,1.308
444,GUWAHATI,HYDERABAD,18133,17742,49.18132,52.885,0.578,4.312
445,GUWAHATI,IMPHAL,23424,21307,36.801,150.84,1.994,2.702
446,GUWAHATI,Itanagar,182,173,0,0,0,0
447,GUWAHATI,JAIPUR,4191,4659,1.228,4.197,0.021,0.383
448,GUWAHATI,KOLKATA,46142,48570,72.14338000000001,490.66483999999997,6.873,9.763
449,GUWAHATI,LUCKNOW,3387,4250,0.932,2.361,1.546,1.294
450,GUWAHATI,MUMBAI,16308,16940,41.63136,127.44800000000001,3.2569,11.08296
451,GUWAHATI,PATNA,1633,1686,1.76525,0.8432900000000001,0,0
452,GUWAHATI,PUNE,4946,4952,33.705,12.282,0.672,0.464
453,GUWAHATI,RANCHI,19,-,0,-,0,-
454,GUWAHATI,RUPSI,139,191,0,0,0,0
455,GUWAHATI,SILCHAR,3434,3950,13.827,0.002,6.568,0.078
456,GUWAHATI,TEZU,307,353,0,0,0,0
457,GUWAHATI,Ziro,27,19,0,0,0,0
458,GWALIOR,MUMBAI,4411,4405,0,0,0,0
459,HISSAR,Ayodhya International Airport ,278,155,0,0,0,0
460,HUBLI,HYDERABAD,1962,2011,0.06,0.077,0.607,0
461,HUBLI,MUMBAI,4206,4860,0.256,2.01,0.471,0
462,HUBLI,PUNE,854,924,0.001,0,0,0.222
463,HYDERABAD,INDORE,18061,22190,66.649,22.984,10.321,1.065
464,HYDERABAD,JABALPUR,4162,4281,0.021,0,0,0
465,HYDERABAD,JAGDALPUR,2140,1815,0.063,0,0,0
466,HYDERABAD,JAIPUR,17511,20067,58.231,115.536,4.047,1.344
467,HYDERABAD,JALGAON,1512,1567,0,0,0,0
468,HYDERABAD,JAMMU,164,197,0.153,0,0.039,0
469,HYDERABAD,JHARSUGUDA,2238,2303,0,0,0,0
470,HYDERABAD,JODHPUR,4261,4174,0.028,0.002,0.187,0.349
471,HYDERABAD,Cuddapah,1995,2050,0.052,0,0,0
472,HYDERABAD,KANNUR,2394,2187,0.001,0,0,0
473,HYDERABAD,KANPUR,2643,2496,0.091,0,0,0
474,HYDERABAD,KOCHI,44310,39153,40.517,37.71,6.956,8.704
475,HYDERABAD,KOLHAPUR,1864,1861,0.464,3.744,0,0
476,HYDERABAD,KOLKATA,47862,45110,259.052,375.37416,10.871,5.577
477,HYDERABAD,KOZHIKODE,6325,5747,1.661,0.194,0,0
478,HYDERABAD,LUCKNOW,16638,17744,54.339,21.687,4.934,1.23
479,HYDERABAD,MADURAI,9215,8096,7.812,28.898,5.938,0.677
480,HYDERABAD,MANGALORE,6093,5863,0.108,0.028,2.549,6.373
481,HYDERABAD,MUMBAI,86754,102279,651.335554,908.334334,14.954,28.58363
482,HYDERABAD,MYSORE,1910,1626,0.104,0,0,0
483,HYDERABAD,NAGPUR,5023,5388,0.307,0.15,1.015,0
484,HYDERABAD,NANDED,765,927,0,0,0,0
485,HYDERABAD,NASIK,2047,2010,0.173,0.38,0.949,0.087
486,HYDERABAD,PATNA,24703,22989,64.335,46.627449999999996,6.858,0.714
487,HYDERABAD,PONDICHERRY,2014,2008,0.045,0,0,0
488,HYDERABAD,PORT BLAIR,4949,5748,29.928,10.921,2.922,4.038
489,HYDERABAD,PUNE,35782,38931,73.94200000000001,81.05799999999999,3.19,3.03
490,HYDERABAD,RAIPUR,11946,13114,15.642,0,8.064,0
491,HYDERABAD,RAJAHMUNDRY,11966,11708,0.688,0.406,0,0
492,HYDERABAD,Rajkot International Airport,3204,3180,2.138,0,0,0
493,HYDERABAD,RANCHI,20223,20679,28.082,8.296000000000001,2.021,1.422
494,HYDERABAD,SALEM,1042,915,0.001,0,0,0
495,HYDERABAD,SHIRDI,8878,9758,0.474,1.596,0,0
496,HYDERABAD,Shivamogga Airport,3307,3082,2.88,5.255,0,0
497,HYDERABAD,SRINAGAR,459,310,0,0,0,0
498,HYDERABAD,SURAT,7016,7890,5.4990000000000006,53.118,1.314,0.783
499,HYDERABAD,TIRUCHIRAPALLY,5327,4407,1.84,0,5.205,0
500,HYDERABAD,TIRUPATI,36744,35646,7.3340000000000005,8.407,6.685,2.289
501,HYDERABAD,TRIVANDRUM,15819,15019,5.569,2.1939100000000002,3.02,1.876
502,HYDERABAD,UDAIPUR,4880,6557,1.113,0.215,0,0
503,HYDERABAD,VADODARA,6293,6755,40.914,0,0.68,0
504,HYDERABAD,VARANASI,36846,35890,7.931,43.3052,0.715,0.308
505,HYDERABAD,VIJAYAWADA,16345,17064,4.926,1.221,5.896,0.667
506,HYDERABAD,VISAKHAPATNAM,46623,44849,45.867999999999995,95.672,14.7,0.132
507,HYDERABAD,Ayodhya International Airport ,2532,2716,0,0,0,0
508,IMPHAL,KOLKATA,16872,17461,9.609,96.0524294,10.403,3.23957
509,IMPHAL,MUMBAI,161,212,20.201,0,0,0
510,IMPHAL,SHILLONG,628,524,0,0,0,0
511,IMPHAL,SILCHAR,465,464,0,0,0,0
512,INDORE,JABALPUR,2444,2930,0,0,0,0
513,INDORE,JAIPUR,3209,4172,0.008,0.187,0,0
514,INDORE,JAMMU,552,847,0.006,0,0,0
515,INDORE,JODHPUR,1361,1619,0,0,0,0
516,INDORE,KOLKATA,5368,5131,11.149,54.365,1.552,1.392
517,INDORE,LUCKNOW,1941,2081,0.01,0.045,0,0.145
518,INDORE,MUMBAI,28074,28788,149.6312689,126.4311574,7.664,14.776960000000003
519,INDORE,NAGPUR,2957,3287,0.036,0.069,0,0
520,INDORE,NASIK,769,887,0,0,0,0
521,INDORE,PUNE,12015,6691,149.106,17.005,0.621,0.489
522,INDORE,RAIPUR,5649,5053,2.556,0,0.418,0
523,INDORE,UDAIPUR,1125,1168,0.01,0,0,0
524,INDORE,VISAKHAPATNAM,51,97,0,0.002,0,0
525,Itanagar,KOLKATA,4184,4861,0,0.427,0,0
526,Itanagar,TEZU,16,23,0,0,0,0
527,JABALPUR,JAGDALPUR,301,159,0,0,0,0
528,JABALPUR,JAIPUR,6,-,0,-,0,-
529,JABALPUR,MUMBAI,4888,4747,0,0.205,0,0
530,JAGDALPUR,NAGPUR,49,-,0,-,0,-
531,JAIPUR,KOCHI,1160,-,2.394,-,0,-
532,JAIPUR,KOLKATA,17882,12143,105.718,53.24446,3.074,1.564
533,JAIPUR,KULLU,321,127,0,0,0,0
534,JAIPUR,LUCKNOW,2088,1869,0.02,0.135,0,0.432
535,JAIPUR,MUMBAI,35651,34048,216.1142103,229.51232009999998,5.588,26.331999999999997
536,JAIPUR,PUNE,7190,11348,25.133660000000003,38.53285,0,0
537,JAIPUR,SURAT,-,168,-,0,-,0
538,JAIPUR,UDAIPUR,1609,1324,0.012,0,0,0
539,JAIPUR,HINDON AIRPORT,846,451,0,0,0,0
540,JALGAON,MUMBAI,588,548,0,0,0,0
541,JALGAON,PUNE,1662,1659,0,0,0,0
542,JAMMU,KOLKATA,91,120,0,0,0,0
543,JAMMU,LEH,1117,1214,4.304,0,0.1949,0
544,JAMMU,MUMBAI,723,1101,0,7.679,0,1.15
545,JAMMU,SRINAGAR,16189,12363,5.74808,2.71889,0,1.758
546,JAMNAGAR,MUMBAI,2931,3185,2.283,2.539,0.8483299999999997,0
547,JAMSHEDPUR,KOLKATA,234,163,0,0,0,0
548,JEYPORE,VISAKHAPATNAM,112,108,0,0,0,0
549,JHARSUGUDA,KOLKATA,2116,2011,0,0.064,0,0
550,JHARSUGUDA,LUCKNOW,729,673,0,0,0,0
551,JHARSUGUDA,MUMBAI,3829,4591,0,0,0,0
552,JHARSUGUDA,RAIPUR,406,512,0,0,0,0
553,JODHPUR,MUMBAI,6889,6270,0.009,1.2125,0.9470400000000001,10.86431
554,JODHPUR,PUNE,3055,2448,3.736,0.176,0.256,0
555,JORHAT,KOLKATA,4874,5134,1.558,3.91,0,0
556,JORHAT,PASIGHAT,12,7,0,0,0,0
557,JORHAT,TEZU,33,18,0,0,0,0
558,Cuddapah,VIJAYAWADA,291,268,0,0,0,0
559,KANDLA,MUMBAI,653,625,0,0,0,0
560,KANNUR,KOCHI,1408,1561,0.063,0,0,0
561,KANNUR,KOZHIKODE,-,170,-,0,-,0
562,KANNUR,MUMBAI,5929,7379,0.115,1.999,0,0.224
563,KANNUR,TRIVANDRUM,1706,1142,0,0,0,0
564,KANPUR,MUMBAI,5265,5410,0,5.359,0,3.88
565,KHAJURAHO,DATIA AIRPORT,7,7,0,0,0,0
566,KOCHI,KOLKATA,1810,1912,0,0,0,0
567,KOCHI,KOZHIKODE,1015,1082,0,0,0,0
568,KOCHI,MUMBAI,49555,54529,127.33033,235.19120860000004,25.65291999999999,16.85721
569,KOCHI,PATNA,171,262,0.96,0.762,0,0
570,KOCHI,PUNE,9618,9409,16.836,41.572,0,0
571,KOCHI,RAIPUR,332,453,0.93,0,0,0
572,KOCHI,SALEM,916,994,0,0,0,0
573,KOCHI,TIRUCHIRAPALLY,212,156,0,0,0,0
574,KOCHI,TRIVANDRUM,1687,1615,0,0.002,0,0
575,KOCHI,VARANASI,203,429,0.18,0.031,0,1.052
576,KOLHAPUR,MUMBAI,1542,1642,0,0,0,0
577,KOLHAPUR,NAGPUR,598,642,0,0,0,0
578,KOLHAPUR,TIRUPATI,463,879,0,0,0,0
579,KOLHAPUR,VIJAYAWADA,24,14,0,0,0,0
580,KOLKATA,KOZHIKODE,-,153,-,0,-,0
581,KOLKATA,LILABARI,531,555,0,0,0,0
582,KOLKATA,LUCKNOW,9660,10325,47.575,52.481,2.148,2.364
583,KOLKATA,MUMBAI,99356,107134,1090.447091,962.9974700999999,20.33786,34.69846999999999
584,KOLKATA,NAGPUR,5043,5254,10.619,14.028,0.048,3.601
585,KOLKATA,PATNA,16680,16755,23.919,19.655,15.218,5.119
586,KOLKATA,PORT BLAIR,19523,23530,221.43358000000003,52.106,18.52018,9.159
587,KOLKATA,PUNE,20114,21920,154.8749,138.3074,3.09349,2.3905
588,KOLKATA,RAIPUR,12524,12848,29.313,0.009,3.779,0
589,KOLKATA,RAJAHMUNDRY,20,-,0,-,0,-
590,KOLKATA,RANCHI,8653,9153,3.38,3.942,2.422,1.299
591,KOLKATA,ROURKELA,213,250,0,0,0,0
592,KOLKATA,SHILLONG,2625,1661,0.021,0,0,0
593,KOLKATA,SILCHAR,14104,13762,47.0245,0.239,6.687150000000001,0
594,KOLKATA,SRINAGAR,921,1089,1.26295,8.426,0,0
595,KOLKATA,SURAT,5059,5479,37.526,51.706,0,0.013
596,KOLKATA,TIRUPATI,2,-,0,-,0,-
597,KOLKATA,VARANASI,8026,8562,2.015,31.441,0.346,0
598,KOLKATA,VISAKHAPATNAM,4667,4441,1.95,37.42,0,0
599,KOLKATA,HINDON AIRPORT,1808,2055,0,0,0,0
600,KOZHIKODE,MUMBAI,7298,7612,0,5.83218,0,4.289
601,KOZHIKODE,TRIVANDRUM,98,50,0,0,0,0
602,KOZHIKODE,VARANASI,64,-,0,-,0,-
603,KURNOOL,VISAKHAPATNAM,452,437,0,0.076,0,0
604,LEH,MUMBAI,1524,2518,0,0.409,0,0
605,LEH,SRINAGAR,478,336,0,0.022,0,0
606,LUCKNOW,MUMBAI,37839,38816,94.6583,260.2863859,9.563,25.1214
607,LUCKNOW,NAGPUR,-,8,-,0,-,0
608,LUCKNOW,PATNA,4292,3474,11.397,8.804,1.921,2.71
609,LUCKNOW,PUNE,6031,12590,63.058,63.61,0.346,0.623
610,LUCKNOW,RAIPUR,3496,4190,4.714,0.11,0.716,0
611,LUCKNOW,RANCHI,1248,1570,1.05,2.143,0.925,0
612,LUCKNOW,SILCHAR,114,167,0,0,0,0
613,LUCKNOW,SRINAGAR,38,-,0,-,0,-
614,LUDHIANA,HINDON AIRPORT,50,47,0,0,0,0
615,MADURAI,MUMBAI,5832,6662,10.785,8.084,0,5.305
616,MADURAI,VIJAYAWADA,86,98,0,0,0,0
617,Malvan,PUNE,919,1058,0,0,0,0
618,MANGALORE,MUMBAI,26088,26417,3.739,5.4046,55.106,3.114
619,MUMBAI,NAGPUR,32377,30899,138.8485,120.0275,49.03485999999999,11.6473
620,MUMBAI,PATNA,21377,20339,117.11461600000001,53.0515,17.489929999999998,2.1970899999999998
621,MUMBAI,PORBANDAR,374,366,0,0,0,0
622,MUMBAI,PUNE,85,77,0,0,0,0
623,MUMBAI,RAIPUR,16780,15834,110.91,1.304,15.051,0
624,MUMBAI,RAJAHMUNDRY,4757,4436,0.9,0.316,0,0
625,MUMBAI,Rajkot International Airport,15334,16379,8.693999999999999,0,5.21988,0
626,MUMBAI,RANCHI,13067,12247,92.05105,23.762620000000002,5.062,0.773
627,MUMBAI,SRINAGAR,9083,7144,41.486938,78.662,2.5128,1.416
628,MUMBAI,TIRUCHIRAPALLY,7940,6564,0.631,0.393,0,0
629,MUMBAI,TIRUPATI,5042,3941,0.167,17.321,0,0
630,MUMBAI,TRIVANDRUM,16470,15010,18.161,0.884,5.019259999999998,5.303500000000001
631,MUMBAI,UDAIPUR,22139,22454,17.982,0.857,0,0
632,MUMBAI,VADODARA,11727,14177,29.216,0.126,13.051169999999999,0
633,MUMBAI,VARANASI,46013,45453,110.48371499999999,42.04552,9.96881,0.55
634,MUMBAI,VIJAYAWADA,7715,7272,20.4285,1.9905,5.29476,0.14360000000000003
635,MUMBAI,VISAKHAPATNAM,9203,9329,23.075000000000003,27.398,4.174350000000001,1.305
636,MUMBAI,Ayodhya International Airport ,6914,6938,0.143,0,0,0
637,MUMBAI,HINDON AIRPORT,1486,1435,0,0,0,0
638,MUMBAI,Amravati Airport,479,460,0,0,0,0
639,NAGPUR,PATNA,163,-,0,-,0,-
640,NAGPUR,PUNE,14364,14697,8.114,26.375,7.943,2.554
641,NAGPUR,RAIPUR,241,-,0,-,0,-
642,NANDED,PUNE,1533,1511,0,0,0,0
643,NANDED,HINDON AIRPORT,1672,1872,0,0,0,0
644,PANTNAGAR,PITHORAGARH,148,100,0,0,0,0
645,PATNA,PUNE,5351,5527,0.663,18.983,0.873,1.365
646,PATNA,RANCHI,2961,3026,0.428,0.04,1.293,0
647,PATNA,HINDON AIRPORT,2393,3000,0,0,0,0
648,PORT BLAIR,VISAKHAPATNAM,1652,1575,0.246,2.3605,0,0
649,PUNE,RAIPUR,6032,6367,1.868,0.001,0.49,0
650,PUNE,Rajkot International Airport,1784,1880,0.184,0,0,0
651,PUNE,RANCHI,5328,5140,17.491,16.45,0.211,0.295
652,PUNE,SRINAGAR,10,-,0,-,0,-
653,PUNE,SURAT,2057,3010,3.704,3.959,0.388,0.089
654,PUNE,TRIVANDRUM,2886,2266,0.22,0.171,0.322,0
655,PUNE,VADODARA,2070,2132,0.102,0,0,0
656,PUNE,VARANASI,5470,5178,0.89,0.202,0.105,0
657,RAIPUR,Utkela,5,4,0,0,0,0
658,RAIPUR,VISAKHAPATNAM,706,986,0,0,0,0
659,RAIPUR,Ambikapur Airport,119,83,0,0,0,0
660,RAJAHMUNDRY,TIRUCHIRAPALLY,41,51,0,0,0,0
661,RAJAHMUNDRY,VISAKHAPATNAM,123,-,0,-,0,-
662,Shivamogga Airport,TIRUPATI,982,732,0,0,0,0
663,TIRUPATI,VIJAYAWADA,748,1056,0.319,0,2.083,0
664,TIRUPATI,VISAKHAPATNAM,1850,1995,0.001,0,0,0.119
665,VARANASI,VISAKHAPATNAM,968,881,1.475,0,0,0
666,VARANASI,HINDON AIRPORT,1255,1756,0,0,0,0
667,VIJAYAWADA,VISAKHAPATNAM,3796,2691,0,0.804,0,3.695
SUB TOTAL,,,7005288,7049536,34975.14901780002,33250.93132459997,1745.5805499999997,1552.2071299999996
TOTAL,,,14054824,,68226.08034239999,,3297.7876799999995,
