"City Pair wise  Passenger, Freight & Mail Traffic Statistics For September 2025 (Provisional)
( Scheduled Domestic Services )",Unnamed: 1,Unnamed: 2,Unnamed: 3,Unnamed: 4,Unnamed: 5,Unnamed: 6,Unnamed: 7,Unnamed: 8
"Passengers ( In Number ), Freight ( In Tonne ), Mail ( In  Tonne )",,,,,,,,
S.No.,CITY 1,CITY 2,"PASSENGERS 
TO CITY 2","PASSENGERS 
FROM CITY 2","FREIGHT 
TO CITY 2","FREIGHT 
FROM CITY 2","MAIL 
TO CITY 2","MAIL 
FROM CITY 2"
1,ADAMPUR,MUMBAI,2717,3132,0,0.035,0,0
2,ADAMPUR,HINDON AIRPORT,935,770,0,0,0,0
3,AGARTALA,BENGALURU,2887,4436,1.864,9.866,0,0.272
4,AGARTALA,CHENNAI,467,780,0.108,3.243,0,0
5,AGARTALA,DELHI,4616,6305,2.642,45.684,1.357,1.038
6,AGARTALA,DIBRUGARH,472,464,0.047,0.071,0,0
7,AGARTALA,GUWAHATI,11848,13739,1.791,45.942,1.32,1.92206
8,AGARTALA,HYDERABAD,2509,3092,0.349,2.986,0,0
9,AGARTALA,IMPHAL,1792,1913,2.263,1.909,0.007,0
10,AGARTALA,JAIPUR,7,32,0,0,0,0
11,AGARTALA,KOLKATA,28415,32333,15.22,313.94045,2.301,2.542
12,AGATTI ISLAND,BENGALURU,544,537,0,0.155,0,0
13,AGATTI ISLAND,Goa,1400,1711,0,0,0,0
14,AGATTI ISLAND,KOCHI,2178,3041,0,0.165,0,0
15,AGATTI ISLAND,KOZHIKODE,366,351,0,0,0,0
16,AGRA,AHMEDABAD,1442,1209,0.356,0,0,0
17,AGRA,BENGALURU,2212,2488,1.573,2.511,0,0
18,AGRA,HYDERABAD,1386,1734,1.44,4.798,0,0
19,AGRA,JAIPUR,2,-,0,-,0,-
20,AGRA,JODHPUR,-,60,-,0,-,0
21,AGRA,MUMBAI,1555,1699,0.044,0.847,0,0
22,AHMEDABAD,Kishangarh,1126,1613,0.159,0,0,0
23,AHMEDABAD,AMRITSAR,2202,2284,0.822,1.558,0,0
24,AHMEDABAD,BAGDOGRA,525,209,1.642,3.538,0,0
25,AHMEDABAD,BELGAUM,660,788,0,0,0,0
26,AHMEDABAD,BENGALURU,43120,50326,455.01059999999995,341.3706,0.313,9.4179
27,AHMEDABAD,BHOPAL,2288,2400,0.247,0.001,1.238,1.035
28,AHMEDABAD,BHUBANESWAR,4649,4843,24.335,4.95,0.298,1.17
29,AHMEDABAD,CHANDIGARH,6817,5599,25.961,19.562,1.083,0.521
30,AHMEDABAD,CHENNAI,12009,13647,165.268,136.05790000000002,1.004,6.657
31,AHMEDABAD,COIMBATORE,263,86,1.376,0.142,0,0.01
32,AHMEDABAD,DABOLIM,7143,8132,9.468,5.658,0,0.19
33,AHMEDABAD,DehraDun,4131,4030,4.504,0.048,0.085,0.171
34,AHMEDABAD,DELHI,91111,98981,1946.3369465,1747.1693802,9.301499999999997,15.855189999999997
35,AHMEDABAD,DIMAPUR,189,65,0.012,3.631,0.033,0
36,AHMEDABAD,DIU,2137,2063,0.076,0,0,0
37,AHMEDABAD,DURGAPUR,247,150,0.039,1.279,0,0
38,AHMEDABAD,Goa,11896,12812,45.833,3.4766399999999997,0.025,0
39,AHMEDABAD,GUWAHATI,3953,3790,33.127,10.918,0.113,0.51
40,AHMEDABAD,HYDERABAD,20015,23377,167.42000000000002,103.486,0.193,3.879
41,AHMEDABAD,INDORE,3805,4188,0.146,0.069,0.856,0.922
42,AHMEDABAD,JAIPUR,6265,6343,1.1,4.893,0.855,0
43,AHMEDABAD,JALGAON,21,19,0,0,0,0
44,AHMEDABAD,JAMMU,2512,1738,4.395,0,0,0
45,AHMEDABAD,JAMNAGAR,635,682,0,0,0,0
46,AHMEDABAD,JODHPUR,1333,1389,0.005,0.007,0.214,0
47,AHMEDABAD,KOCHI,5349,6680,35.649,12.491,1.067,2.17
48,AHMEDABAD,KOLKATA,19394,18930,217.58599999999998,129.34825999999998,0.325,4.077
49,AHMEDABAD,LUCKNOW,8788,8014,51.421,18.049,3.55,2.519
50,AHMEDABAD,MUMBAI,77727,82045,1046.28164,772.18679,14.883600000000001,36.04968
51,AHMEDABAD,NAGPUR,3131,3523,0.172,0.059,0.848,2.801
52,AHMEDABAD,NANDED,549,432,0,0,0,0
53,AHMEDABAD,NASIK,1951,2104,0.005,0,0,0
54,AHMEDABAD,PATNA,4997,4421,45.123,1.963,1.963,2.173
55,AHMEDABAD,PUNE,25082,26519,135.56996,153.20907,2.8899999999999997,1.5450000000000002
56,AHMEDABAD,RAIPUR,4236,4768,27.339,0.906,0.14,0
57,AHMEDABAD,Rajkot International Airport,-,208,-,0,-,0
58,AHMEDABAD,RANCHI,4063,4755,15.363,0.676,0.144,0.689
59,AHMEDABAD,SRINAGAR,61,-,0,-,0,-
60,AHMEDABAD,TRIVANDRUM,301,717,0.853,0,0,0
61,AHMEDABAD,VARANASI,4030,4258,5.575,5.328,0,0
62,AHMEDABAD,VISAKHAPATNAM,126,220,0.792,0.295,0,0
63,AHMEDABAD,Ayodhya International Airport ,2238,1764,0,0,0,0
64,AHMEDABAD,HINDON AIRPORT,3967,3961,0,0,0,0
65,AHMEDABAD,Purnia Airport ,559,519,0,0,0,0
66,AIZAWL,BENGALURU,212,200,4.717,3.267,0,0
67,AIZAWL,DELHI,4500,4512,13.49,27.546,0.017,0.989
68,AIZAWL,GUWAHATI,5359,5517,1.139,13.743,2.606,3.465
69,AIZAWL,IMPHAL,408,379,0,0,0,0
70,AIZAWL,KOLKATA,4805,4622,6.622,12.606,11.305,9.458
71,AIZAWL,SHILLONG,258,333,0,0,0,0
72,Kishangarh,LUCKNOW,812,458,0,0,0,0
73,Kishangarh,NAGPUR,975,1120,0,0,0,0
74,Kishangarh,PUNE,1097,1522,0,0,0,0
75,Kishangarh,HINDON AIRPORT,855,439,0,0,0,0
76,PRAYAGRAJ,BENGALURU,2041,2725,0.004,0.325,1.943,1.18
77,PRAYAGRAJ,BHUBANESWAR,785,900,0,0,0,0
78,PRAYAGRAJ,BILASPUR,181,214,0,0,0,0
79,PRAYAGRAJ,DELHI,4296,4620,0.132,1.34,0,18.2
80,PRAYAGRAJ,HYDERABAD,1416,1943,0,0.359,0.251,0
81,PRAYAGRAJ,INDORE,59,61,0,0,0,0
82,PRAYAGRAJ,MUMBAI,7622,8633,0.004,1.146,0.632,7.483
83,PRAYAGRAJ,RAIPUR,301,403,0.006,0,0,0
84,AMRITSAR,BENGALURU,3296,4116,5.463,4.736,0,3.593
85,AMRITSAR,DELHI,35878,39074,94.0615,40.2244992,0,0.002
86,AMRITSAR,GUWAHATI,164,35,0,0,0,0.003
87,AMRITSAR,HYDERABAD,1980,2587,13.801,0.378,0,0.111
88,AMRITSAR,INDORE,87,-,0,-,0,-
89,AMRITSAR,KOCHI,314,423,0.012,0.793,0,0
90,AMRITSAR,KOLKATA,1292,1324,1.699,0.414,0,0
91,AMRITSAR,KULLU,57,41,0,0,0,0
92,AMRITSAR,MUMBAI,9116,10424,14.0045,36.0880008,0,1.6462499999999998
93,AMRITSAR,PUNE,2828,3142,1.155,1.485,0,0.053
94,AMRITSAR,SIMLA,38,19,0,0,0,0
95,AMRITSAR,SRINAGAR,4189,4159,13.49,0.92,0,2.997
96,AURANGABAD,BENGALURU,2055,2023,0,0.608,0,1.251
97,AURANGABAD,COIMBATORE,26,15,0,0,0,0
98,AURANGABAD,DABOLIM,785,528,0,0.004,0,0
99,AURANGABAD,DELHI,8663,8940,0,127.79050000000001,0.131,5.699
100,AURANGABAD,HYDERABAD,1961,2033,0,0.092,0,0.058
101,AURANGABAD,MUMBAI,9948,9689,0,14.648,0.119,19.549
102,AURANGABAD,NAGPUR,-,156,-,0,-,0
103,BAGDOGRA,BENGALURU,25112,24337,89.42406,191.66413,0,6.9643999999999995
104,BAGDOGRA,BHUBANESWAR,585,534,0,0,0,0
105,BAGDOGRA,CHENNAI,6226,9489,15.16,13.566,0.87,0.577
106,BAGDOGRA,DELHI,35864,41881,216.37352,349.623695,0.319,8.023
107,BAGDOGRA,DIBRUGARH,3034,3152,0,0,0,0
108,BAGDOGRA,DURGAPUR,373,312,0,0,0,0
109,BAGDOGRA,GUWAHATI,1017,4013,2.6725600000000003,26.94587,0,0.29931
110,BAGDOGRA,HYDERABAD,11800,14639,23.129,11.263,0.972,0
111,BAGDOGRA,JAIPUR,5,-,0,-,0,-
112,BAGDOGRA,KOLKATA,18369,22501,57.7975,59.462990000000005,7.709,7.224
113,BAGDOGRA,MUMBAI,14036,14920,35.305,100.30711,1.328,1.5466
114,BAGDOGRA,PATNA,59,55,0,0,0,0
115,BAGDOGRA,PUNE,-,12,-,0,-,0
116,BAREILLY,BENGALURU,1779,2195,0,0.354,0,0
117,BAREILLY,MUMBAI,2395,2735,0,0.063,0,0
118,BELGAUM,BENGALURU,2619,3000,0.044,0.19,0,0
119,BELGAUM,DELHI,2712,2110,0.025,0.784,0,0
120,BELGAUM,HYDERABAD,2061,1994,0.109,0.044,0,0
121,BELGAUM,JAIPUR,759,602,0,0,0,0
122,BELGAUM,MUMBAI,1670,1679,0,0,0,0
123,BENGALURU,BHOPAL,10031,8218,24.607,10.617,12.078,2.124
124,BENGALURU,BHUBANESWAR,32213,27898,178.82632999999998,45.514700000000005,13.65906,0.542
125,BENGALURU,BIDAR ,1429,1378,0,0,0,0
126,BENGALURU,CHANDIGARH,21431,17275,91.062,90.5,10.913,0
127,BENGALURU,CHENNAI,69564,66653,533.8848655,491.64850000000007,18.48349,29.741419999999998
128,BENGALURU,COIMBATORE,17449,17448,41.836,37.897,2.606,2.476
129,BENGALURU,DABOLIM,33547,32286,57.199999999999996,31.168,0.799,0.89
130,BENGALURU,DARBHANGA,1339,554,0.188,1.72794,0,0
131,BENGALURU,DehraDun,8689,7287,16.163,2.382,4.86,0.821
132,BENGALURU,DELHI,195924,167605,4076.0166365999994,4212.7489205,22.5203,33.0346
133,BENGALURU,Deoghar ,4822,3583,0.005,0,0,0
134,BENGALURU,DIBRUGARH,247,256,1.196,0.096,0,0
135,BENGALURU,DURGAPUR,3929,2451,5.832,7.801,0,0
136,BENGALURU,Goa,26302,24023,15.243,128.205,0,0.042
137,BENGALURU,GORAKHPUR,10552,10308,36.77576,37.41766,1.177,0
138,BENGALURU,GUWAHATI,31841,25319,262.36734,38.72865,14.05672,3.55925
139,BENGALURU,GWALIOR,3445,2437,0,0,0,0
140,BENGALURU,HUBLI,3776,3665,1.033,0.673,0.114,1.173
141,BENGALURU,HYDERABAD,93294,86999,598.7982063000001,207.533588,30.198,17.6082
142,BENGALURU,IMPHAL,353,375,4.492,29.411,0,0
143,BENGALURU,INDORE,20895,18436,100.77900000000001,68.394,5.331,1.471
144,BENGALURU,JABALPUR,4559,3607,0.541,0,0,0
145,BENGALURU,JAIPUR,26324,21790,200.583,287.486,14.622,2.096
146,BENGALURU,JAMMU,2155,1877,2.3,0,0.091,0
147,BENGALURU,JHARSUGUDA,4032,3576,0.107,0,0,0
148,BENGALURU,JODHPUR,5134,4760,4.687,0.056,3.828,1.635
149,BENGALURU,KALABURAGI,1187,992,0,0,0,0
150,BENGALURU,KANNUR,5772,5222,0.316,0.195,0.5,0
151,BENGALURU,KANPUR,1928,1683,0.645,0.458,0,0
152,BENGALURU,KOCHI,59068,58368,221.96118,70.08736,24.332,9.563
153,BENGALURU,KOLHAPUR,1911,1836,0.861,1.227,0,0
154,BENGALURU,KOLKATA,93740,79408,844.25157,705.7009800000001,26.338900000000002,7.25741
155,BENGALURU,KOZHIKODE,15486,14891,7.604,0.138,2.193,0
156,BENGALURU,KURNOOL,154,164,0.08,0,0,0
157,BENGALURU,LUCKNOW,34979,29284,269.6948,38.898999999999994,21.266,4.386
158,BENGALURU,MADURAI,8294,8068,0.528,2.791,4.07,1.198
159,BENGALURU,Malvan,820,796,0,0,0,0
160,BENGALURU,MANGALORE,31678,32226,13.261,17.936,0.515,192.419
161,BENGALURU,MUMBAI,170427,158583,1643.2765577,1585.283544,12.1929,32.962089999999996
162,BENGALURU,NAGPUR,15408,14661,70.906,28.983,6.996,4.592
163,BENGALURU,NANDED,931,649,0,0,0,0
164,BENGALURU,NASIK,4154,4182,0.332,0.861,0.386,0.17
165,BENGALURU,PATNA,25855,18674,161.39182,13.074,25.96,3.975
166,BENGALURU,PONDICHERRY,2021,1984,0.267,0,0,0
167,BENGALURU,PORT BLAIR,8917,7876,66.676,18.497,1.865,0
168,BENGALURU,PUNE,76247,72684,575.1792899999999,301.507,12.54063,3.179
169,BENGALURU,RAIPUR,9566,8864,42.043,0.126,8.103,0
170,BENGALURU,RAJAHMUNDRY,3773,3381,0.288,0.47,0,0
171,BENGALURU,Rajkot International Airport,4535,3477,7.584,5.505,1.669,0
172,BENGALURU,RANCHI,19162,15300,415.39599999999996,36.888400000000004,8.503,1.977
173,BENGALURU,SALEM,1501,1657,0.187,0,0,0
174,BENGALURU,SHIRDI,5377,5053,3.901,0.026,0,0
175,BENGALURU,Shivamogga Airport,1124,931,0.494,0,0,0
176,BENGALURU,SRINAGAR,1662,1778,3.722,9.365,1.966,0.029
177,BENGALURU,SURAT,12468,11151,29.065,91.132,1.789,1.567
178,BENGALURU,TIRUCHIRAPALLY,10744,10899,0.959,0.078,2.527,0
179,BENGALURU,TIRUPATI,3118,3126,0.333,0.001,0.968,0
180,BENGALURU,TRIVANDRUM,28333,28477,29.603,3.49,10.675,4.794
181,BENGALURU,TUTICORIN,2002,1915,0.264,0.03,0,0
182,BENGALURU,UDAIPUR,4389,3963,4.396,0.116,0,0
183,BENGALURU,VADODARA,3946,3096,8.461,0,6.231,0
184,BENGALURU,VARANASI,31443,26764,52.59566,131.86223999999999,5.9632,0.31
185,BENGALURU,VIJAYAWADA,10836,10370,2.4539999999999997,0.088,3.573,0.309
186,BENGALURU,VISAKHAPATNAM,18212,17918,100.675,14.129,6.695,1.005
187,BENGALURU,Ayodhya International Airport ,4630,4244,0.028,0,0,0
188,BENGALURU,HINDON AIRPORT,19225,16870,0.015,0,0,0
189,BHATINDA,DELHI,478,456,0,0,0,0
190,BHATINDA,HINDON AIRPORT,9,17,0,0,0,0
191,BHOPAL,DELHI,19492,19634,18.729,131.6865,17.145850000000006,24.028099999999995
192,BHOPAL,HYDERABAD,2116,2091,0.069,0.016,0.415,1.445
193,BHOPAL,INDORE,-,8,-,0,-,0
194,BHOPAL,MUMBAI,13576,13523,24.3915,54.102000000000004,5.21957,28.05622
195,BHOPAL,PUNE,2898,3229,0,3.995,0,0.476
196,BHOPAL,RAIPUR,1326,1201,0,0,0.82,0
197,BHOPAL,REWA,139,116,0,0,0,0
198,BHOPAL,DATIA AIRPORT,23,56,0,0,0,0
199,BHUBANESWAR,CHANDIGARH,394,292,0.111,2.748,0,0
200,BHUBANESWAR,CHENNAI,7727,9529,1.274,31.463,2.164,7.085
201,BHUBANESWAR,DABOLIM,2003,1886,0.697,0.094,0,0.026
202,BHUBANESWAR,DehraDun,1635,1658,0,0,0,0
203,BHUBANESWAR,DELHI,43683,44381,61.82878000000001,769.8780555000001,9.40608,22.669160000000005
204,BHUBANESWAR,DURGAPUR,793,427,0.006,0,0,0
205,BHUBANESWAR,GUWAHATI,3440,3209,0.273,2.844,0,0.551
206,BHUBANESWAR,HYDERABAD,19126,22059,8.59572,52.2264,0.916,5.123
207,BHUBANESWAR,INDORE,2595,2795,0.029,0.39,0,0
208,BHUBANESWAR,JAIPUR,2659,2261,0,43.71782,0,0
209,BHUBANESWAR,JAMSHEDPUR,177,166,0,0,0,0
210,BHUBANESWAR,JEYPORE,493,496,0,0,0,0
211,BHUBANESWAR,JHARSUGUDA,1667,1495,0,0,0,0
212,BHUBANESWAR,KOCHI,607,90,0.048,0.019,0,0
213,BHUBANESWAR,KOLKATA,13821,13181,15.659,11.172,0,13.666
214,BHUBANESWAR,LUCKNOW,1293,924,0.103,0.761,0,0.382
215,BHUBANESWAR,MUMBAI,21751,22681,16.306,76.061,4.552,10.298
216,BHUBANESWAR,PATNA,2685,2572,0.287,0.025,0.429,0.931
217,BHUBANESWAR,PORT BLAIR,3363,2750,3.933,0.162,0,0
218,BHUBANESWAR,PUNE,4576,4556,0.322,34.936,0,0
219,BHUBANESWAR,RAIPUR,2225,2105,0.338,0,0,0
220,BHUBANESWAR,RANCHI,1871,1712,0.763,0.003,0,0.434
221,BHUBANESWAR,Utkela,152,192,0,0,0,0
222,BHUBANESWAR,VARANASI,1190,1246,0,0,0,0
223,BHUBANESWAR,VIJAYAWADA,9,-,0,-,0,-
224,BHUBANESWAR,VISAKHAPATNAM,1803,2350,0,0.005,0,0
225,BHUBANESWAR,HINDON AIRPORT,2151,2461,0,0,0,0
226,BHUJ,DELHI,3678,4001,0,0.1415,0,0
227,BHUJ,MUMBAI,4247,4250,0,0.093,0,0
228,BHUJ,SURAT,832,780,0,0,0,0
229,BIKANER,DELHI,1893,2052,0,0.188,0,0
230,BIKANER,JAIPUR,199,185,0,0,0,0
231,BILASPUR,DELHI,521,405,0,0,0,0
232,BILASPUR,JABALPUR,336,222,0,0,0,0
233,BILASPUR,JAGDALPUR,70,165,0,0,0,0
234,BILASPUR,KOLKATA,356,262,0,0,0,0
235,CHANDIGARH,CHENNAI,2807,3965,34.612,28.525,0,1.4
236,CHANDIGARH,DABOLIM,6361,6789,11.223,22.205,0,0.03
237,CHANDIGARH,DELHI,29890,31058,100.3705,72.4730558,10.732,17.17493
238,CHANDIGARH,DHARAMSALA,1075,924,0,0,0,0
239,CHANDIGARH,GUWAHATI,700,800,9.354,0.799,0,0.196
240,CHANDIGARH,HISSAR,42,56,0,0,0,0
241,CHANDIGARH,HYDERABAD,8756,9603,113.165,53.61,0.555,1.928
242,CHANDIGARH,INDORE,1722,1551,11.008,2.443,0.394,0.216
243,CHANDIGARH,JAIPUR,3874,4091,0.001,0.03,0,0
244,CHANDIGARH,JAMMU,878,967,0,0,1.375,0
245,CHANDIGARH,KOLKATA,12095,12124,51.063621499999996,91.74882810000001,0.8680000000000001,0.7237800000000001
246,CHANDIGARH,LEH,527,1047,0.241,1.625,0,0
247,CHANDIGARH,LUCKNOW,2851,3642,4.107,0.078,0,3.473
248,CHANDIGARH,MUMBAI,22186,24655,123.3505,194.2269615,2.678,5.7051300000000005
249,CHANDIGARH,PATNA,2179,1906,4.586,0.022,0.026,0.765
250,CHANDIGARH,PUNE,5029,5545,32.689,40.464,0,0
251,CHANDIGARH,SILCHAR,-,5,-,0,-,0
252,CHANDIGARH,SRINAGAR,9750,9036,11.073,3.889,4.477,0.74
253,CHANDIGARH,UDAIPUR,-,173,-,0,-,0
254,CHENNAI,COIMBATORE,34025,34110,32.604,114.222,3.296,13.73
255,CHENNAI,DABOLIM,3633,3698,3.337,1.535,0.553,0.289
256,CHENNAI,DehraDun,653,705,0.968,3.958,0,0.514
257,CHENNAI,DELHI,95295,80885,2407.2819996999997,1735.4049200000004,57.19278999999998,38.08540000000001
258,CHENNAI,DURGAPUR,3020,2276,0.141,3.288,0,0
259,CHENNAI,Goa,8587,8830,0.465,34.925000000000004,0,0.705
260,CHENNAI,GUWAHATI,15357,13268,39.643,36.723,7.837,2.368
261,CHENNAI,HYDERABAD,65560,62248,690.9733599999998,632.5419999999998,16.183,17.599
262,CHENNAI,INDORE,6740,6234,41.496,136.628,1.661,1.431
263,CHENNAI,JAIPUR,6394,5875,37.568,82.148,5.596,0.551
264,CHENNAI,Cuddapah,527,541,0.382,0,0,0
265,CHENNAI,KANNUR,2381,2549,0.693,0.03,0.084,0
266,CHENNAI,KOCHI,29739,31239,52.41718,25.543,12.406,6.674
267,CHENNAI,KOLKATA,40650,34014,204.526,267.6212,16.596,4.51
268,CHENNAI,KOZHIKODE,3549,3800,0.153,0.02,1.483,0
269,CHENNAI,LUCKNOW,3642,2939,43.346,20.655,3.183,2.201
270,CHENNAI,MADURAI,16142,15826,1.23,22.451,1.551,4.839
271,CHENNAI,MANGALORE,2945,3077,0.021,0.001,0,6.969
272,CHENNAI,MUMBAI,88133,77208,722.5146089,709.0359973000001,45.81803999999999,31.697440000000004
273,CHENNAI,MYSORE,1358,1214,0.394,0,0,0
274,CHENNAI,PATNA,9213,6922,26.418,1.534,7.867,2.222
275,CHENNAI,PORT BLAIR,17117,15125,131.411,69.456,17.678,5.612
276,CHENNAI,PUNE,31675,30312,286.00952,233.59704000000002,5.22,2.76
277,CHENNAI,RAIPUR,4968,3058,14.475,2.657,1.005,0
278,CHENNAI,RAJAHMUNDRY,1325,1212,0,0.001,0,0
279,CHENNAI,Rajkot International Airport,5,-,0,-,0,-
280,CHENNAI,RANCHI,5629,3424,19.989,3.56,2.494,0.637
281,CHENNAI,SALEM,1654,1957,0.032,0,0,0
282,CHENNAI,SHIRDI,5062,4885,0.35,2.046,0,0
283,CHENNAI,Shivamogga Airport,971,814,0.98439,0.865,0,0
284,CHENNAI,SURAT,3393,2537,16.164,16.747,0.187,0.224
285,CHENNAI,TIRUCHIRAPALLY,11712,12368,0.293,0.104,0.126,0
286,CHENNAI,TRIVANDRUM,10937,11485,9.978,10.597,6.089,4.019
287,CHENNAI,TUTICORIN,10957,10596,0.472,0.081,0,0
288,CHENNAI,VARANASI,6218,5389,3.228,20.804,0.391,0
289,CHENNAI,VIJAYAWADA,3562,3532,0.535,0.197,0,0
290,CHENNAI,VISAKHAPATNAM,11126,9831,28.254,12.174,7.594,1.554
291,CHENNAI,HINDON AIRPORT,7657,5907,0.105,0,0,0
292,COIMBATORE,DABOLIM,2063,2003,0.004,0.001,0,0
293,COIMBATORE,DELHI,19242,17450,258.9995,234.0344773,3.745,3.851
294,COIMBATORE,GUWAHATI,133,122,1.999,0.004,1.334,0
295,COIMBATORE,HYDERABAD,20287,18512,88.783,20.993,2.212,3.296
296,COIMBATORE,MUMBAI,25618,23870,211.9815,180.460093,5.263,5.538570000000001
297,COIMBATORE,NASIK,42,23,0,0,0,0
298,COIMBATORE,PUNE,5303,4500,11.028,44.247,0,0.337
299,COIMBATORE,VISAKHAPATNAM,23,128,0,0,0,0
300,COOCH BEHAR,KOLKATA,215,203,0,0,0,0
301,DABOLIM,DELHI,36709,34676,82.226,75.60249999999999,1.402,3.1712
302,DABOLIM,HYDERABAD,29456,29293,21.663,22.365,0.532,1.178
303,DABOLIM,INDORE,4005,3580,0.441,0.212,0.126,0
304,DABOLIM,KOCHI,4106,4425,7.017,0.082,0.295,0.005
305,DABOLIM,KOLKATA,5885,4675,17.959,10.67135,0.92,0.07
306,DABOLIM,LUCKNOW,5879,4925,3.845,0.733,0.211,0.091
307,DABOLIM,MUMBAI,64130,62876,66.6047879,80.8078611,4.44804,13.083470000000005
308,DABOLIM,NAGPUR,621,-,0.028,-,0.024,-
309,DABOLIM,NASIK,983,901,0,0,0,0
310,DABOLIM,PUNE,4019,3995,0.165,0.927,0.385,0
311,DABOLIM,RAIPUR,4470,4540,3.886,0,0.965,0
312,DABOLIM,SURAT,5888,5207,6.047,26.61,0.173,0.152
313,DABOLIM,HINDON AIRPORT,7282,8218,0,0.04531,0,0
314,DARBHANGA,DELHI,14268,15500,0.21,6.7629399999999995,0,0
315,DARBHANGA,HYDERABAD,2569,4400,0,0.143,0,0
316,DARBHANGA,KOLKATA,1512,1511,0,0.027,0,0
317,DARBHANGA,MUMBAI,10232,12355,0,27.37574,0,0
318,DARBHANGA,PUNE,5,-,0,-,0,-
319,DehraDun,DELHI,19670,21553,2.153,7.549,9.537,26.809
320,DehraDun,GUWAHATI,162,32,0.116,0,0,0.025
321,DehraDun,HYDERABAD,3694,4403,1.669,5.114,0.303,1.47
322,DehraDun,JAIPUR,1999,2079,0,0,0,0
323,DehraDun,KOLKATA,2138,2070,2.478,0.268,0.114,0
324,DehraDun,KULLU,15,11,0,0,0,0
325,DehraDun,LUCKNOW,3104,3566,0.147,0.166,0.469,1.651
326,DehraDun,MUMBAI,7763,7835,3.718,11.84,0.491,3.331
327,DehraDun,PITHORAGARH,53,75,0,0,0,0
328,DehraDun,PUNE,3366,3907,2.337,3.415,0.35,0.235
329,DELHI,Deoghar ,6270,5180,0.17,0,0,0
330,DELHI,DHARAMSALA,7217,5315,0.21,0,0,0
331,DELHI,DIBRUGARH,7722,6868,41.852,3.018,4.137,2.42
332,DELHI,DIMAPUR,3614,3415,4.142,14.373,3.692,3.739
333,DELHI,DURGAPUR,5125,3785,23.263,20.225,0,0
334,DELHI,GAYA,8444,7742,0.599,0,0,0
335,DELHI,Goa,46583,47865,171.07241700000003,122.2776846,0.09,9.29098
336,DELHI,GORAKHPUR,16407,15103,49.97955,29.37276,15.766,0
337,DELHI,GUWAHATI,56753,54164,1035.7452862,133.12073000000004,6.9319999999999995,9.15214
338,DELHI,GWALIOR,2326,2383,0.228,0,0,0
339,DELHI,HISSAR,45,56,0,0,0,0
340,DELHI,HUBLI,3413,3257,6.204,1.236,1.582,0.447
341,DELHI,HYDERABAD,112842,122256,1818.6718675,1281.6238623000002,28.891,16.826999999999998
342,DELHI,IMPHAL,7912,7814,74.506,94.83,8.211,7.825
343,DELHI,INDORE,40453,41650,515.1533308,201.42525999999998,13.713999999999999,6.4
344,DELHI,Itanagar,3907,3645,2.049,0,0,0
345,DELHI,JABALPUR,5457,5131,0.512,0,3.549,0
346,DELHI,JAGDALPUR,243,378,0,0,0,0
347,DELHI,JAIPUR,20589,21241,24.57677,129.565,48.576,4.949
348,DELHI,JAMMU,27700,24237,100.06925,5.8800799999999995,16.583,0
349,DELHI,JHARSUGUDA,3863,3710,0.641,0,0,0
350,DELHI,JODHPUR,8955,8903,8.803,0.102,11.325999999999999,7.723
351,DELHI,JORHAT,992,934,0.72,0,0,0
352,DELHI,KANNUR,2264,2521,0.874,0.38,0,0
353,DELHI,KANPUR,2518,2747,0.357,0,9.292,0
354,DELHI,KOCHI,33000,39391,437.4268781999999,272.1526013,20.883880000000012,26.014190000000003
355,DELHI,KOLKATA,105742,94777,1970.7649956,2182.2828002999995,40.68483,30.96864
356,DELHI,KOZHIKODE,3522,4384,6.859,0.74,1.811,0
357,DELHI,KULLU,181,86,0,0,0,0
358,DELHI,LEH,36074,43053,128.76128,107.04078,16.6144,17.160600000000006
359,DELHI,LUCKNOW,45681,45660,226.34582899999998,133.80244720000002,56.3223,15.594999999999999
360,DELHI,MADURAI,3881,4068,16.972,70.633,1.262,0.971
361,DELHI,MANGALORE,8660,9878,14.36,9.902,0,40.496
362,DELHI,MUMBAI,248779,254492,4185.36767,3874.3224536,50.663,86.43241000000005
363,DELHI,NAGPUR,21912,23918,260.277,112.64500000000001,13.222,13.001
364,DELHI,NASIK,4062,3944,11.733,1.085,0.709,0.298
365,DELHI,PANTNAGAR,2552,2150,0.07,0,0,0
366,DELHI,PATNA,56797,47251,477.9382008999999,34.831505,54.789060000000006,18.176819999999996
367,DELHI,PITHORAGARH,261,216,0,0,0,0
368,DELHI,PORT BLAIR,3220,3225,58.11005799999999,22.9735,1.1053,0.009720000000000001
369,DELHI,PUNE,104237,111611,1346.2954311999997,1169.9912547000001,22.2934,2.57433
370,DELHI,RAIPUR,27917,28174,272.71500000000003,4.748,18.475,0.19
371,DELHI,RAJAHMUNDRY,2596,2508,0.791,0.199,0,0
372,DELHI,Rajkot International Airport,10555,9354,28.421499999999998,11.838000000000001,8.538,0.188
373,DELHI,RANCHI,36424,32720,526.601,53.4438,9.062,4.747
374,DELHI,SHILLONG,589,473,0,0,0,0
375,DELHI,SHIRDI,4545,4620,4.593,4.084,0,0
376,DELHI,SILCHAR,317,135,0.421,0,0,0
377,DELHI,SIMLA,163,98,0,0,0,0
378,DELHI,SRINAGAR,69433,72187,496.987677,237.902697,12.42107,94.749
379,DELHI,SURAT,21160,20417,58.881,100.213,4.465,2.398
380,DELHI,TIRUCHIRAPALLY,1825,1788,0.691,0.153,0,0
381,DELHI,TIRUPATI,10006,10409,67.26373959999998,32.772946,0.535,0
382,DELHI,TRIVANDRUM,16985,19593,78.832015,45.522,7.3886,8.731650000000002
383,DELHI,UDAIPUR,19777,19444,5.715000000000001,0.246,0.43560000000000004,0
384,DELHI,VADODARA,21448,19985,121.7715,0,8.436000000000003,0
385,DELHI,VARANASI,29940,26786,112.1012558,44.6274,17.49537,2.288
386,DELHI,VIJAYAWADA,10416,12253,85.245,2.4699999999999998,11.0138,0.7087
387,DELHI,VISAKHAPATNAM,18499,19459,124.4104785,17.3925,7.45269,2.273
388,DELHI,Ayodhya International Airport ,9937,9334,0.40800000000000003,0,0,0
389,Deoghar ,KOLKATA,1430,1150,0,0.034,0,0
390,Deoghar ,MUMBAI,1390,2049,0,0.046,0,0
391,DHARAMSALA,GORAKHPUR,1,-,0,-,0,-
392,DHARAMSALA,JAIPUR,54,47,0,0,0,0
393,DIBRUGARH,GUWAHATI,7564,8612,16.142,2.026,1.772,5.351
394,DIBRUGARH,HYDERABAD,83,257,0.081,0.436,0,0
395,DIBRUGARH,KOLKATA,10395,11639,30.37,36.96932,1.784,2.788
396,DIMAPUR,GUWAHATI,6067,5512,0.399,12.5379,1.2,0.098
397,DIMAPUR,IMPHAL,501,487,0,0,0,0
398,DIMAPUR,KOLKATA,3855,3741,20.073,44.143,4.72,1.088
399,DIU,Goa,570,707,0,0,0,0
400,DIU,MUMBAI,512,539,0,0,0,0
401,DIU,SURAT,1201,870,0,0,0,0
402,DURGAPUR,GUWAHATI,303,327,0,0,0,0
403,DURGAPUR,HYDERABAD,3204,4166,6.147,2.724,0,0
404,DURGAPUR,MUMBAI,1906,2819,5.615,0.691,0,0
405,GAYA,KOLKATA,3645,3936,0,0.006,0,0
406,Goa,HYDERABAD,21743,21173,5.727,0.447,0,0
407,Goa,INDORE,3901,4239,0,0,0,0
408,Goa,JAIPUR,5441,5356,0.263,36.183,0,0.747
409,Goa,JALGAON,1517,1462,0,0,0,0
410,Goa,KOLKATA,1393,1143,0.678,0,0,0
411,Goa,Malvan,3,1,0,0,0,0
412,Goa,MUMBAI,35572,36231,53.828829999999996,48.377269999999996,0,9.26598
413,Goa,NAGPUR,3818,3784,14.389,0,0,0
414,Goa,PUNE,13634,12948,59.77793,7.60832,0,0
415,Goa,Rajkot International Airport,2739,2266,0.097,0,0,0
416,Goa,Shivamogga Airport,1120,1192,0,0,0,0
417,Goa,SHOLAPUR,565,544,0,0,0,0
418,Goa,VADODARA,1526,1311,0,0,0,0
419,Gondia ,HYDERABAD,796,824,0,0.151,0,0
420,Gondia ,INDORE,297,321,0,0,0,0
421,GORAKHPUR,HYDERABAD,4933,6502,0,1.112,0,1.117
422,GORAKHPUR,KOLKATA,1232,1326,0,0,0,0
423,GORAKHPUR,MUMBAI,8866,10945,0,8.10694,0,1.394
424,GUWAHATI,HYDERABAD,12429,12442,18.72797,49.509,1.942,2.965
425,GUWAHATI,IMPHAL,21407,21411,128.93439,19.825,3.306,3.616
426,GUWAHATI,Itanagar,172,174,0,0,0,0
427,GUWAHATI,JAIPUR,4585,4846,12.15726,6.848,0.064,0.336
428,GUWAHATI,KOLKATA,38246,39057,181.77655,534.1273799999999,7.326,8.156
429,GUWAHATI,LUCKNOW,2552,3407,1.066,15.946,1.712,1.43
430,GUWAHATI,MUMBAI,17802,19136,52.254999999999995,148.71821,3.3598299999999997,11.58754
431,GUWAHATI,PATNA,4799,4871,0.7010000000000001,1.20756,0,0
432,GUWAHATI,PUNE,3008,3518,8.8,10.081,0.976,0.438
433,GUWAHATI,RUPSI,201,223,0,0,0,0
434,GUWAHATI,SILCHAR,4555,4582,30.842,0.007,8.794,0
435,GUWAHATI,TEZU,124,134,0,0,0,0
436,GUWAHATI,Ziro,54,40,0,0,0,0
437,GWALIOR,MUMBAI,3366,3704,0,0.007,0,0
438,HISSAR,JAIPUR,75,36,0,0,0,0
439,HISSAR,Ayodhya International Airport ,154,118,0,0,0,0
440,HUBLI,HYDERABAD,1262,1247,0.023,0.037,0.441,0
441,HUBLI,MUMBAI,4470,4282,0.928,0.637,0.797,0
442,HUBLI,PUNE,979,985,0.001,0,0,0.269
443,HYDERABAD,INDORE,12666,11944,43.577,19.325,4.861,1.082
444,HYDERABAD,JABALPUR,2021,1909,0,0,0,0
445,HYDERABAD,JAGDALPUR,1970,1618,0.065,0,0,0
446,HYDERABAD,JAIPUR,20310,16281,43.76,157.838,4.007,1.472
447,HYDERABAD,JALGAON,1290,1193,0,0,0,0
448,HYDERABAD,JAMMU,-,336,-,0,-,0
449,HYDERABAD,JHARSUGUDA,1922,1780,0,0,0,0
450,HYDERABAD,JODHPUR,3607,3394,0.379,0,1.062,0.46
451,HYDERABAD,Cuddapah,1694,1959,0.292,0,0,0
452,HYDERABAD,KANNUR,1961,1987,0.002,0,0,0
453,HYDERABAD,KANPUR,2070,1771,0.001,0.624,0,0
454,HYDERABAD,KOCHI,35780,39805,49.663,36.520880000000005,2.38,8.218
455,HYDERABAD,KOLHAPUR,1647,1785,1.158,6.681,0,0
456,HYDERABAD,KOLKATA,45032,35283,200.69165,246.80092000000002,12.267,4.769
457,HYDERABAD,KOZHIKODE,8318,11987,1.2560000000000002,4.556,0,0
458,HYDERABAD,LUCKNOW,15776,11130,26.725,12.316,2.945,1.609
459,HYDERABAD,MADURAI,5727,5700,8.659,35.85,6.026,0.684
460,HYDERABAD,Malvan,1078,900,0,0,0,0
461,HYDERABAD,MANGALORE,5749,5879,0.137,0.006,2.209,0.306
462,HYDERABAD,MUMBAI,94788,93040,598.5664999999999,1087.5721739,22.277,32.200859999999984
463,HYDERABAD,MYSORE,2039,1716,0.062,0,0,0
464,HYDERABAD,NAGPUR,3830,3992,0.248,0.053,1.115,0
465,HYDERABAD,NANDED,281,369,0,0,0,0
466,HYDERABAD,NASIK,1959,1795,0.033,0,0.124,0.128
467,HYDERABAD,PATNA,22822,13552,67.77716,5.233,5.483,1.425
468,HYDERABAD,PONDICHERRY,2074,1815,0.074,0,0,0
469,HYDERABAD,PORT BLAIR,3895,3526,30.92,6.24,2.243,0
470,HYDERABAD,PUNE,30897,34022,53.080999999999996,80.08,3.765,3.094
471,HYDERABAD,RAIPUR,9080,8167,15.183,1.025,8.146,0
472,HYDERABAD,RAJAHMUNDRY,11161,10711,0.801,0.779,0,0
473,HYDERABAD,Rajkot International Airport,2432,2003,0.5,2.115,0,0
474,HYDERABAD,RANCHI,10505,8378,24.847,3.966,1.325,2.044
475,HYDERABAD,SALEM,763,773,0.021,0,0,0
476,HYDERABAD,SHIRDI,6940,7210,0.233,3.5,0,0
477,HYDERABAD,Shivamogga Airport,3701,3481,0.865,0.98439,0,0
478,HYDERABAD,SRINAGAR,2607,2306,2.518,0.736,0.228,3.073
479,HYDERABAD,SURAT,5194,4909,9.129,56.04,1.104,0.523
480,HYDERABAD,TIRUCHIRAPALLY,8588,8661,5.737,0.326,6.451,0
481,HYDERABAD,TIRUPATI,29183,28735,8.397,17.018,7.518,1.66
482,HYDERABAD,TRIVANDRUM,9238,10353,4.513,5.731,4.195,2.608
483,HYDERABAD,TUTICORIN,42,-,0,-,0,-
484,HYDERABAD,UDAIPUR,3841,3736,1.47,0.067,0,0
485,HYDERABAD,VADODARA,3802,3467,12.713,0,0.735,0
486,HYDERABAD,VARANASI,20638,18638,5.537999999999999,37.157,1.169,0.301
487,HYDERABAD,VIJAYAWADA,15632,14119,5.5,1.244,8.524,0.637
488,HYDERABAD,VISAKHAPATNAM,40085,38004,45.077000000000005,39.215,13.269,0.052
489,HYDERABAD,Ayodhya International Airport ,2548,2302,0,0,0,0
490,IMPHAL,KOLKATA,14412,13408,40.332,64.782,12.683,4.691
491,IMPHAL,MUMBAI,139,181,18.169,0.01,0,0
492,IMPHAL,SHILLONG,679,549,0,0,0,0
493,IMPHAL,SILCHAR,265,252,0,0,0,0
494,INDORE,JABALPUR,1389,2166,0.001,0,0,0
495,INDORE,JAIPUR,2793,2425,0.038,0.023,0.421,0
496,INDORE,KOLKATA,4941,4483,31.644,28.602,1.553,1.646
497,INDORE,LUCKNOW,1896,1804,0.011,0.052,0.027,1.619
498,INDORE,MUMBAI,26515,26761,91.901,118.142,5.183,8.876
499,INDORE,NAGPUR,1597,1866,0.069,0.046,0.293,0
500,INDORE,PUNE,10110,10986,17.915,51.244,1.143,0.565
501,INDORE,RAIPUR,4882,4643,3.281,0.004,0.635,0
502,INDORE,VISAKHAPATNAM,88,142,0.02,0,0,0
503,INDORE,HINDON AIRPORT,1323,1750,0,0,0,0
504,Itanagar,KOLKATA,3645,3929,0,0.587,0,0
505,Itanagar,TEZU,8,16,0,0,0,0
506,Itanagar,Ziro,-,9,-,0,-,0
507,JABALPUR,JAGDALPUR,189,102,0,0,0,0
508,JABALPUR,MUMBAI,4007,4334,0,0.618,0,0
509,JAIPUR,JODHPUR,34,-,0,-,0,-
510,JAIPUR,KOCHI,646,589,3.354,0.478,0,0
511,JAIPUR,KOLKATA,13831,14261,145.97,79.70749,2.602,0.358
512,JAIPUR,KULLU,45,26,0,0,0,0
513,JAIPUR,LUCKNOW,1638,1706,0.034,0.029,0,1.151
514,JAIPUR,MUMBAI,41271,42789,426.783403,294.3272584,4.69,22.048080000000002
515,JAIPUR,PUNE,9410,10209,55.96496,11.53264,0,0
516,JAIPUR,SURAT,3317,3331,7.713,4.489,0,0.119
517,JAIPUR,UDAIPUR,2613,2464,0,0,0,0
518,JAIPUR,VARANASI,533,460,0,0,0,0
519,JALGAON,MUMBAI,311,208,0,0,0,0
520,JALGAON,PUNE,1428,1695,0,0,0,0
521,JAMMU,KOLKATA,533,797,0,1.403,0,0
522,JAMMU,LEH,877,1412,2.549,0.146,0,0
523,JAMMU,MUMBAI,1010,1168,0,8.511,0,2.303
524,JAMMU,SRINAGAR,25931,23715,28.060599999999997,1.332,0,7.475
525,JAMNAGAR,MUMBAI,3434,4057,0.981,10.5395,1.3327899999999997,0
526,JAMNAGAR,SURAT,625,783,0,0,0,0
527,JAMSHEDPUR,KOLKATA,234,167,0,0,0,0
528,JEYPORE,VISAKHAPATNAM,114,119,0,0,0,0
529,JHARSUGUDA,KOLKATA,1414,1276,0,0,0,0
530,JHARSUGUDA,LUCKNOW,755,838,0,0,0,0
531,JHARSUGUDA,MUMBAI,2971,3667,0,0.117,0,0
532,JHARSUGUDA,RAIPUR,473,569,0,0,0,0
533,JODHPUR,MUMBAI,9541,10459,0.132,4.531,1.6867299999999998,17.66308
534,JODHPUR,PUNE,3580,4084,1.446,0.689,0.4,5.791
535,JORHAT,KOLKATA,3547,3980,2.666,18.736,0,0
536,JORHAT,TEZU,28,21,0,0,0,0
537,Cuddapah,VIJAYAWADA,257,221,0,0,0,0
538,KANDLA,MUMBAI,1267,1562,0,0,0,0
539,KANNUR,KOCHI,1108,1776,0.094,0.003,0,0
540,KANNUR,MUMBAI,2841,2101,0.196,1.267,0,0.235
541,KANNUR,TRIVANDRUM,1205,1262,0,0.001,0,0
542,KANPUR,MUMBAI,3420,3247,1.111,3.556,0,1.961
543,KHAJURAHO,DATIA AIRPORT,9,13,0,0,0,0
544,KOCHI,KOLKATA,867,814,0.772,2,0.286,0.032
545,KOCHI,KOZHIKODE,561,552,0.003,0.005,0,0
546,KOCHI,LUCKNOW,536,230,2.872,0.084,0,0.281
547,KOCHI,MUMBAI,55266,45218,118.2395,275.48981,24.74888,13.947000000000003
548,KOCHI,NAGPUR,-,20,-,0,-,0
549,KOCHI,PATNA,-,108,-,0.086,-,0
550,KOCHI,PUNE,9078,7998,15.156,8.586,0,0
551,KOCHI,RAIPUR,392,462,1.245,0.101,0,0
552,KOCHI,SALEM,622,593,0,0,0,0
553,KOCHI,TRIVANDRUM,1704,1878,0.006,0.011,0,0
554,KOCHI,VARANASI,91,320,0,0.203,0,0
555,KOLHAPUR,MUMBAI,1731,1914,0,0,0,0
556,KOLHAPUR,TIRUPATI,454,866,0,0,0,0
557,KOLHAPUR,VIJAYAWADA,30,39,0.007,0,0,0
558,KOLKATA,LILABARI,243,290,0,0,0,0
559,KOLKATA,LUCKNOW,8265,8640,57.696,31.297,1.995,0.991
560,KOLKATA,MUMBAI,92256,106648,761.3780932000001,1228.9026929000001,25.05991,28.68003
561,KOLKATA,NAGPUR,5048,5031,11.15,27.752,0.052,4.43
562,KOLKATA,PATNA,9446,9527,27.454,15.147,26.881,6.001
563,KOLKATA,PORT BLAIR,21608,20269,192.75161,75.099,35.532399999999996,10.209
564,KOLKATA,PUNE,18484,20584,84.8933,213.06134,3.48496,2.715
565,KOLKATA,RAIPUR,7740,8197,27.978,0.708,3.137,0
566,KOLKATA,RANCHI,7805,8208,5.475,14.116,3.638,1.76
567,KOLKATA,SHILLONG,1816,1348,0.148,0,0,0
568,KOLKATA,SILCHAR,10016,8981,64.524,0.234,1.883,0
569,KOLKATA,SRINAGAR,3813,3807,0.38,8.767,0.08,0
570,KOLKATA,SURAT,4346,5279,38.48,70.552,0,0.125
571,KOLKATA,VARANASI,5648,5920,2.426,38.936,2.854,0.204
572,KOLKATA,VIJAYAWADA,1,-,0,-,0,-
573,KOLKATA,VISAKHAPATNAM,4246,5070,1.526,7.475,0,0
574,KOLKATA,HINDON AIRPORT,6740,7582,0.04531,0,0,0
575,KOLKATA,Purnia Airport ,836,816,0.02,0,0,0
576,KOZHIKODE,MUMBAI,7275,5169,0.009,5.0242,0,5.561
577,KOZHIKODE,VARANASI,27,-,0,-,0,-
578,KURNOOL,VIJAYAWADA,241,319,0,0.002,0,0
579,KURNOOL,VISAKHAPATNAM,205,267,0,0,0,0
580,LEH,MUMBAI,1576,1536,0,0.973,0,0
581,LEH,SRINAGAR,746,376,0,0.0035,0,0
582,LUCKNOW,MUMBAI,37422,42804,54.165499999999994,204.8308973,6.234,21.98196
583,LUCKNOW,PATNA,3962,3311,13.998,0.29,3.07,1.537
584,LUCKNOW,PUNE,5120,5399,34.541,30.978,0.261,0.601
585,LUCKNOW,RAIPUR,1869,2072,3.026,0.061,1.132,0
586,LUCKNOW,RANCHI,1046,1231,0.585,0.512,0.527,0
587,LUCKNOW,SILCHAR,101,99,0,0,0,0
588,LUCKNOW,VARANASI,688,1464,0.019,0,0,0
589,LUDHIANA,HINDON AIRPORT,17,27,0,0,0,0
590,MADURAI,MUMBAI,11961,11513,68.6035,38.536914100000004,2.8070200000000005,6.08986
591,MADURAI,VIJAYAWADA,49,44,0,0,0,0
592,Malvan,PUNE,1322,1315,0,0,0,0
593,MANGALORE,MUMBAI,23977,20749,4.799,3.211,17.65,2.946
594,MUMBAI,NAGPUR,32451,33306,176.6485,129.277,43.323769999999996,11.028239999999998
595,MUMBAI,PATNA,15053,12798,99.1101893,22.457,16.18374,3.1420699999999995
596,MUMBAI,PORBANDAR,374,354,0,0,0,0
597,MUMBAI,PUNE,149,-,0,-,0,-
598,MUMBAI,RAIPUR,14260,14650,100.766,5.465,13.893,0
599,MUMBAI,RAJAHMUNDRY,3327,4019,1.41,0.106,0,0
600,MUMBAI,Rajkot International Airport,24889,23138,18.070500000000003,39.6625,11.360779999999998,0.599
601,MUMBAI,RANCHI,9921,8978,29.671,8.379,4.528,0.772
602,MUMBAI,SRINAGAR,9122,9233,60.44751,22.9815,3.26844,1.368
603,MUMBAI,SURAT,-,225,-,0,-,0
604,MUMBAI,TIRUCHIRAPALLY,1729,1956,0.659,0,0,0
605,MUMBAI,TIRUPATI,5027,5043,0.443,2.477,0,0
606,MUMBAI,TRIVANDRUM,12560,16221,23.3705,15.8705,5.231230000000002,5.147379999999999
607,MUMBAI,UDAIPUR,24325,22438,15.438500000000001,0.298,0,0
608,MUMBAI,VADODARA,13905,14949,29.2435,0,11.120009999999999,0
609,MUMBAI,VARANASI,38194,36068,122.65301349999999,29.904220000000002,6.63988,0.555
610,MUMBAI,VIJAYAWADA,5880,6821,31.811999999999998,5.2025,7.901719999999999,0.12539999999999996
611,MUMBAI,VISAKHAPATNAM,9274,9357,15.193,3.321,1.774,1.528
612,MUMBAI,Ayodhya International Airport ,9494,8961,0.541,0,0,0
613,MUMBAI,HINDON AIRPORT,6553,5347,0,0,0,0
614,MUMBAI,Amravati Airport,312,311,0,0,0,0
615,NAGPUR,PUNE,12843,13564,9.499,49.309,7.49,3.013
616,NAGPUR,RAIPUR,-,179,-,0,-,0
617,NANDED,PUNE,723,658,0,0,0,0
618,NANDED,HINDON AIRPORT,1078,1364,0,0,0,0
619,PANTNAGAR,PITHORAGARH,22,34,0,0,0,0
620,PATNA,PUNE,3976,4952,2.58,16.937,1.348,0.906
621,PATNA,RANCHI,2370,2051,0.016,0.259,1.634,0
622,PATNA,HINDON AIRPORT,5677,7399,0,0,0,0
623,PORT BLAIR,VISAKHAPATNAM,1239,1423,0.14600000000000002,0.478,0,0
624,PUNE,RAIPUR,5055,5532,4.406,0,0.484,0
625,PUNE,Rajkot International Airport,2913,2430,0.782,2.842,0,0
626,PUNE,RANCHI,4746,3453,24.563,6.341,0.297,0.355
627,PUNE,SRINAGAR,1,-,0,-,0,-
628,PUNE,SURAT,2880,2611,3.147,7.108,0.256,0.054
629,PUNE,TRIVANDRUM,2440,2687,1.032,0.312,0.287,0
630,PUNE,VADODARA,2050,1735,0.471,0,0.11,0
631,PUNE,VARANASI,4765,4170,1.314,0.791,0.054,0
632,PUNE,VIJAYAWADA,7,-,0,-,0,-
633,RAIPUR,Utkela,12,13,0,0,0,0
634,RAIPUR,VISAKHAPATNAM,846,932,0,0,0,0
635,RAJAHMUNDRY,TIRUCHIRAPALLY,19,12,0,0,0,0
636,Rajkot International Airport,SURAT,111,-,0,-,0,-
637,Shivamogga Airport,TIRUPATI,1267,806,0,0,0,0
638,TIRUPATI,VIJAYAWADA,1235,891,0.021,0.018,4.364,0
639,TIRUPATI,VISAKHAPATNAM,1595,1570,0.011,0.018,0,0.208
640,VARANASI,VISAKHAPATNAM,321,486,0.056,0,0,0
641,VARANASI,HINDON AIRPORT,6287,6877,0,0,0,0
642,VIJAYAWADA,VISAKHAPATNAM,4955,2422,0,0.178,0,1.342
SUB TOTAL,,,6380565,6262976,42391.55747989997,37278.8077059,1800.8780600000011,1694.89342
TOTAL,,,12643541,,79670.36518579998,,3495.7714800000012,
