"City Pair wise  Passenger, Freight & Mail Traffic Statistics For August  2025 (Provisional)
( Scheduled Domestic Services )",Unnamed: 1,Unnamed: 2,Unnamed: 3,Unnamed: 4,Unnamed: 5,Unnamed: 6,Unnamed: 7,Unnamed: 8
"Passengers ( In Number ), Freight ( In Tonne ), Mail ( In  Tonne )",,,,,,,,
S.No.,CITY 1,CITY 2,"PASSENGERS 
TO CITY 2","PASSENGERS 
FROM CITY 2","FREIGHT 
TO CITY 2","FREIGHT 
FROM CITY 2","MAIL 
TO CITY 2","MAIL 
FROM CITY 2"
1,ADAMPUR,MUMBAI,3097,2941,0,0.035,0,0
2,ADAMPUR,HINDON AIRPORT,1055,863,0,0,0,0
3,AGARTALA,BENGALURU,3826,3621,1.818,9.12,0,0.188
4,AGARTALA,CHENNAI,547,799,0.003,0.554,0,0
5,AGARTALA,DELHI,5492,5466,0.806,42.257,1.888,1.347
6,AGARTALA,DIBRUGARH,426,351,0.086,0.083,0,0
7,AGARTALA,GUWAHATI,13079,13551,1.2770000000000001,36.531000000000006,1.447,0.9518
8,AGARTALA,HYDERABAD,2869,2814,3.019,1.122,0,0
9,AGARTALA,IMPHAL,1804,2120,1.479,5.772,0,0
10,AGARTALA,JAIPUR,27,29,0,0,0,0
11,AGARTALA,KOLKATA,32519,32126,16.717,263.99093,3.199,1.118
12,AGARTALA,VIJAYAWADA,1,-,0,-,0,-
13,AGATTI ISLAND,BENGALURU,112,83,0,0.014,0,0
14,AGATTI ISLAND,Goa,1333,1667,0,0,0,0
15,AGATTI ISLAND,KOCHI,1786,2209,0,0.02,0,0
16,AGRA,AHMEDABAD,1827,1606,0.175,0,0,0
17,AGRA,BENGALURU,2807,2903,1.82,2.78,0,0
18,AGRA,HYDERABAD,1829,2045,0.138,2.587,0,0
19,AGRA,MUMBAI,2041,2007,1.371,0.388,0,0
20,AHMEDABAD,Kishangarh,1016,1586,0.054,0,0,0
21,AHMEDABAD,AMRITSAR,2960,3022,0.632,1.155,0,0
22,AHMEDABAD,BAGDOGRA,4084,4801,24.46469,26.217579999999998,0,0
23,AHMEDABAD,BELGAUM,757,834,0,0,0,0
24,AHMEDABAD,BENGALURU,42511,43062,391.89951,282.47567000000004,0.09999999999999999,9.98456
25,AHMEDABAD,BHOPAL,2316,2272,0.134,0.025,0.068,0.673
26,AHMEDABAD,BHUBANESWAR,4931,5179,18.519,4.482,0.004,1.133
27,AHMEDABAD,CHANDIGARH,6967,5884,23.62,12.524,1.05,0.66
28,AHMEDABAD,CHENNAI,13498,14010,157.398,120.231,1.119,6.391
29,AHMEDABAD,DABOLIM,8711,8015,5.243,5.305,0.002,0.201
30,AHMEDABAD,DehraDun,4484,4511,4.009,0.163,0,0.085
31,AHMEDABAD,DELHI,93875,98353,1747.5241381999997,1547.0211600999999,13.112799999999986,16.6648
32,AHMEDABAD,DIMAPUR,219,106,0.194,6.153,0.006,0
33,AHMEDABAD,DIU,2612,2232,0.097,0,0,0
34,AHMEDABAD,DURGAPUR,147,163,0.817,5.288,0,0
35,AHMEDABAD,Goa,15568,14909,53.68421,13.337499999999999,0.108,0.132
36,AHMEDABAD,GUWAHATI,3344,3587,41.546,8.961,0.329,0.699
37,AHMEDABAD,HYDERABAD,24356,23930,180.514,103.672,0.05,3.476
38,AHMEDABAD,INDORE,3835,3917,0.161,0.086,0,0.256
39,AHMEDABAD,JAIPUR,6313,6585,0.859,5.521,0.187,0
40,AHMEDABAD,JAMMU,2518,2314,4.44,0,0,0
41,AHMEDABAD,JAMNAGAR,301,207,0,0,0,0
42,AHMEDABAD,JODHPUR,1210,1278,0.012,0,0.073,0
43,AHMEDABAD,KOCHI,3380,3767,27.804,11.886,0.808,1.594
44,AHMEDABAD,KOLHAPUR,376,381,0,0,0,0
45,AHMEDABAD,KOLKATA,21297,23843,287.33388,133.12304,0.929,3.69759
46,AHMEDABAD,LUCKNOW,9083,9401,41.518,18.683,4.614,2.674
47,AHMEDABAD,MUMBAI,83863,82783,1051.87798,690.63546,22.98749999999999,41.04303999999999
48,AHMEDABAD,NAGPUR,3362,3466,0.223,0.08,0.035,2.611
49,AHMEDABAD,NANDED,708,741,0,0,0,0
50,AHMEDABAD,NASIK,2224,2040,0.002,0,0,0
51,AHMEDABAD,PATNA,5168,5779,48.2274,1.97,2.09,1.847
52,AHMEDABAD,PUNE,24444,25832,125.82084,90.78952000000001,4.1579999999999995,1.221
53,AHMEDABAD,RAIPUR,5015,5312,25.138,0,0,0
54,AHMEDABAD,RANCHI,4222,5506,14.316,1.15,0.003,0.866
55,AHMEDABAD,SRINAGAR,592,394,0.072,0,0.032,0
56,AHMEDABAD,SURAT,17,196,0,0,0,0
57,AHMEDABAD,VARANASI,5029,5725,5.879,6.345,0,0
58,AHMEDABAD,Ayodhya International Airport ,2208,1868,0,0,0,0
59,AHMEDABAD,HINDON AIRPORT,4496,3796,0,0,0,0
60,AIZAWL,BENGALURU,138,185,4.535,1.772,0,0
61,AIZAWL,DELHI,4679,4568,15.664,31.823,0.026,1.044
62,AIZAWL,GUWAHATI,6147,5810,2.297,31.409,2.072,4.048
63,AIZAWL,IMPHAL,270,314,0,0,0,0
64,AIZAWL,KOLKATA,5735,5177,10.11,17.818,9.609,11.079
65,AIZAWL,SHILLONG,268,219,0,0,0,0
66,Kishangarh,LUCKNOW,762,718,0,0,0,0
67,Kishangarh,NAGPUR,1195,1283,0,0,0,0
68,Kishangarh,PUNE,1412,1702,0,0,0,0
69,Kishangarh,HINDON AIRPORT,683,793,0,0,0,0
70,PRAYAGRAJ,BENGALURU,2825,2692,0,0.967,1.384,0.833
71,PRAYAGRAJ,BHUBANESWAR,835,820,0,0,0,0
72,PRAYAGRAJ,BILASPUR,329,355,0,0,0,0
73,PRAYAGRAJ,DELHI,4791,5122,0.639,1.652,0,18.657
74,PRAYAGRAJ,HYDERABAD,1770,1951,0.003,0.481,0.287,0
75,PRAYAGRAJ,INDORE,97,42,0,0,0,0
76,PRAYAGRAJ,MUMBAI,8517,8548,0.004,1.468,0.814,3.278
77,PRAYAGRAJ,RAIPUR,441,465,0,0,0,0
78,AMRITSAR,BENGALURU,3977,5015,6.008,3.161,0,3.428
79,AMRITSAR,DELHI,37179,37323,66.53450000000001,21.8345,0,0
80,AMRITSAR,GUWAHATI,205,-,0,-,0,-
81,AMRITSAR,HYDERABAD,3235,3332,2.743,0.799,0,0.035
82,AMRITSAR,KOCHI,670,740,0.103,0.013,0,0
83,AMRITSAR,KOLKATA,1381,1264,2.954,0.566,0,0
84,AMRITSAR,KULLU,21,30,0,0,0,0
85,AMRITSAR,MUMBAI,10541,10938,11.104,22.500500000000002,0,3.2558599999999993
86,AMRITSAR,PUNE,4039,3563,1.122,0.922,0,0.066
87,AMRITSAR,SIMLA,38,15,0,0,0,0
88,AMRITSAR,SRINAGAR,4948,4428,3.599,0.779,0,0.826
89,AURANGABAD,BENGALURU,2027,2112,0,1.189,0,0.266
90,AURANGABAD,COIMBATORE,52,35,0,0,0,0
91,AURANGABAD,DABOLIM,721,573,0,0,0,0
92,AURANGABAD,DELHI,8826,9954,0,116.0575,0,5.007
93,AURANGABAD,HYDERABAD,2131,2223,0,0.17,0,0
94,AURANGABAD,MUMBAI,10232,10166,0,8.506,0,18.182
95,BAGDOGRA,BENGALURU,26328,22734,125.29823999999999,276.48198,0,4.795
96,BAGDOGRA,BHUBANESWAR,627,584,0,0,0,0
97,BAGDOGRA,CHENNAI,5827,5352,5.156,10.409,0.378,1.086
98,BAGDOGRA,DELHI,36482,36584,135.74397000000002,242.5762699,0.9982,7.5649999999999995
99,BAGDOGRA,DIBRUGARH,2399,2941,1.08,0,0,0
100,BAGDOGRA,DURGAPUR,289,300,0.021,0,0,0
101,BAGDOGRA,GUWAHATI,984,4201,1.2678,41.01807,0,0
102,BAGDOGRA,HYDERABAD,11354,11000,26.306,10.381,0.763,0.037
103,BAGDOGRA,KOLKATA,19722,18505,37.98785,78.55030000000001,5.965,5.603
104,BAGDOGRA,LEH,-,3,-,0,-,0
105,BAGDOGRA,MUMBAI,14832,14554,43.045,111.94636,0.902,1.69235
106,BAGDOGRA,PATNA,27,56,0,0,0,0
107,BAGDOGRA,PUNE,-,11,-,0,-,0
108,BAREILLY,BENGALURU,2093,2124,0,0.307,0,0
109,BAREILLY,MUMBAI,2819,2788,0,0.103,0,0
110,BELGAUM,BENGALURU,2549,2696,0.124,0.103,0,0
111,BELGAUM,DELHI,1693,1810,0.083,0.979,0,0
112,BELGAUM,HYDERABAD,1824,1839,0.064,0.19,0,0
113,BELGAUM,JAIPUR,602,582,0,0,0,0
114,BELGAUM,MUMBAI,1702,1484,0,0,0,0
115,BENGALURU,BHOPAL,9295,8895,26.462,12.421,10.783,3.128
116,BENGALURU,BHUBANESWAR,29628,30261,186.4932,44.598420000000004,12.729399999999998,0.212
117,BENGALURU,BIDAR ,1235,1139,0,0,0,0
118,BENGALURU,CHANDIGARH,15675,14925,126.5295005,149.74156,10.776,1.2400000000000004
119,BENGALURU,CHENNAI,59789,62171,592.2298838,555.5419997,19.214,28.374889999999997
120,BENGALURU,COIMBATORE,17344,17766,37.154,44.37,0.1,2.379
121,BENGALURU,DABOLIM,31489,31266,62.355000000000004,59.52799999999999,1.232,0.827
122,BENGALURU,DARBHANGA,810,743,0.577,0,0,0
123,BENGALURU,DehraDun,8895,8511,8.635,7.312,4.413,0.863
124,BENGALURU,DELHI,196656,191087,3675.1112688,4202.9946721,19.2904,24.3735
125,BENGALURU,Deoghar ,4613,4975,0.023,0,0,0
126,BENGALURU,DIBRUGARH,337,340,1.132,0.439,0,0.017
127,BENGALURU,DURGAPUR,3333,3546,16.613,6.49,0,0
128,BENGALURU,Goa,24464,23611,14.271,68.974,0,0.013
129,BENGALURU,GORAKHPUR,10845,10791,33.42736,48.9046,1.2435,0.31
130,BENGALURU,GUWAHATI,30150,26399,320.90379999999993,44.997150000000005,12.55668,2.81209
131,BENGALURU,GWALIOR,4086,4107,0,0,0,0
132,BENGALURU,HUBLI,3940,3858,0.259,0.861,0.126,1.355
133,BENGALURU,HYDERABAD,101005,102754,602.2399723999999,234.6725562,26.451,16.7427
134,BENGALURU,IMPHAL,719,682,3.596,35.23,0,0
135,BENGALURU,INDORE,21398,21558,105.496,76.547,5.739,1.414
136,BENGALURU,JABALPUR,4566,4669,0.036,0.1,0,0
137,BENGALURU,JAIPUR,28086,26976,69.589,146.957,13.739,1.85
138,BENGALURU,JAMMU,1854,2105,2.587,0,0.2,0
139,BENGALURU,JHARSUGUDA,3031,3042,0.002,0,0,0
140,BENGALURU,JODHPUR,3818,3325,2.082,0.01,4.178,1.05
141,BENGALURU,KALABURAGI,1105,1008,0,0,0,0
142,BENGALURU,KANNUR,5657,4655,0.176,0.024,0.382,0
143,BENGALURU,KANPUR,1723,2039,0.979,0.795,0,0
144,BENGALURU,KOCHI,57855,58678,192.27386,68.0736,16.652,12.719
145,BENGALURU,KOLHAPUR,2124,1957,0.421,0.529,0,0
146,BENGALURU,KOLKATA,82232,83220,880.30684,707.2569500000001,20.9803,6.99693
147,BENGALURU,KOZHIKODE,12110,12358,6.458,0.354,2.385,0
148,BENGALURU,KURNOOL,249,276,0.059,0,0,0
149,BENGALURU,LUCKNOW,32529,33409,110.6446,56.707,20.363,4.23
150,BENGALURU,MADURAI,8109,8001,0.744,3.373,1.971,0.904
151,BENGALURU,Malvan,783,601,0,0,0,0
152,BENGALURU,MANGALORE,34328,34128,13.7,16.612000000000002,0.802,166.234
153,BENGALURU,MUMBAI,171829,167982,1589.4065593999999,1683.347761,15.23202,27.373789999999993
154,BENGALURU,NAGPUR,19003,17153,72.156,30.514,5.46,4.153
155,BENGALURU,NANDED,1294,1129,0,0,0,0
156,BENGALURU,NASIK,5185,4923,0.328,2.726,0.366,0.172
157,BENGALURU,PATNA,23347,23401,155.524,15.584,20.575,4.125
158,BENGALURU,PONDICHERRY,2050,1924,0.084,0,0,0
159,BENGALURU,PORT BLAIR,4270,4028,41.666,16.054,0,0
160,BENGALURU,PUNE,79106,76484,357.13558,313.54623,10.7182,2.645
161,BENGALURU,RAIPUR,10889,11093,35.993,0.002,7.299,0
162,BENGALURU,RAJAHMUNDRY,3778,3807,0.329,0.003,0,0
163,BENGALURU,Rajkot International Airport,3832,3318,11.252,1.015,1.665,0
164,BENGALURU,RANCHI,17922,18294,303.54499999999996,30.583899999999996,7.118,1.683
165,BENGALURU,SALEM,1459,1487,0.05,0,0,0
166,BENGALURU,SHIRDI,5556,5390,1.991,0,0,0
167,BENGALURU,Shivamogga Airport,753,686,0.174,0,0,0
168,BENGALURU,SRINAGAR,1407,2756,5.352,5.879,1.48,0
169,BENGALURU,SURAT,14699,14078,31.29,84.557,1.796,1.201
170,BENGALURU,TIRUCHIRAPALLY,10257,9914,0.141,0.299,1.484,0
171,BENGALURU,TIRUPATI,3593,3580,0.035,0.001,0.853,0
172,BENGALURU,TRIVANDRUM,29802,30320,66.02600000000001,43.768,11.418,5.762
173,BENGALURU,TUTICORIN,2179,2217,0.055,0.001,0,0
174,BENGALURU,UDAIPUR,2584,2558,2.468,0.16,0,0
175,BENGALURU,VADODARA,2871,2722,2.749,0,5.193,0
176,BENGALURU,VARANASI,26708,26331,57.386,134.05266,7.8142,0.21
177,BENGALURU,VIDYANAGAR,207,202,0,0,0,0
178,BENGALURU,VIJAYAWADA,10920,11458,2.134,0.125,3.339,0.296
179,BENGALURU,VISAKHAPATNAM,21593,23022,111.509,21.293,7.802,0.769
180,BENGALURU,Ayodhya International Airport ,8391,7860,0.022,0,0,0
181,BENGALURU,HINDON AIRPORT,17784,17328,0,0,0,0
182,BHATINDA,DELHI,451,516,0,0,0,0
183,BHATINDA,HINDON AIRPORT,46,23,0,0,0,0
184,BHOPAL,DELHI,20628,20545,18.151,122.6195,17.718759999999996,29.143600000000006
185,BHOPAL,HYDERABAD,2283,2114,0.001,0.023,0.478,0.895
186,BHOPAL,MUMBAI,15980,15667,22.753,47.466499999999996,5.66006,28.476020000000002
187,BHOPAL,PUNE,4399,4638,0,2.603,0,0.517
188,BHOPAL,RAIPUR,885,878,0,0,0.379,0
189,BHOPAL,REWA,134,144,0,0,0,0
190,BHOPAL,DATIA AIRPORT,58,82,0,0,0,0
191,BHUBANESWAR,CHANDIGARH,368,261,0.671,0.724,0,0
192,BHUBANESWAR,CHENNAI,7971,7973,1.926,34.12,2.025,8.585
193,BHUBANESWAR,DABOLIM,1946,1543,0.002,1.689,0,0.005
194,BHUBANESWAR,DehraDun,1330,1349,0.004,0,0,0
195,BHUBANESWAR,DELHI,46197,45368,36.25218,525.9954781,10.63054,12.219899999999999
196,BHUBANESWAR,DURGAPUR,524,608,0.002,0,0,0
197,BHUBANESWAR,GUWAHATI,2276,2610,0.5,2.422,0,0.663
198,BHUBANESWAR,HYDERABAD,20599,21799,6.268,67.088,1.319,5.673
199,BHUBANESWAR,INDORE,2852,2986,0.043,0.438,0,0
200,BHUBANESWAR,JAIPUR,2833,2695,0,19.73782,0,0
201,BHUBANESWAR,JAMSHEDPUR,150,180,0,0,0,0
202,BHUBANESWAR,JEYPORE,423,490,0,0,0,0
203,BHUBANESWAR,JHARSUGUDA,649,743,0,0,0,0
204,BHUBANESWAR,KOCHI,3011,3192,8.61461,1.8880000000000001,0,0
205,BHUBANESWAR,KOLKATA,14533,14251,17.544,11.655,0,19.04
206,BHUBANESWAR,LUCKNOW,2680,2767,0.174,3.7040000000000006,0,0.885
207,BHUBANESWAR,MUMBAI,21860,22192,15.208,61.04,4.921,11.235
208,BHUBANESWAR,PATNA,1795,1984,1.13,0.087,0.292,0.559
209,BHUBANESWAR,PORT BLAIR,3006,2773,7.416,0.118,0,0
210,BHUBANESWAR,PUNE,4510,4131,0.66,9.112,0,0
211,BHUBANESWAR,RAIPUR,1995,2154,0,0,0,0
212,BHUBANESWAR,RANCHI,1921,1831,0,0.002,0,0.57
213,BHUBANESWAR,Utkela,87,83,0,0,0,0
214,BHUBANESWAR,VARANASI,1409,1282,0,0,0,0
215,BHUBANESWAR,VISAKHAPATNAM,1451,1546,0.004,0.051,0,0
216,BHUBANESWAR,HINDON AIRPORT,3297,3390,0,0,0,0
217,BHUJ,DELHI,3848,4110,0,0.015,0,0
218,BHUJ,MUMBAI,4899,4682,0,0.011,0,0
219,BHUJ,SURAT,134,309,0,0,0,0
220,BIKANER,DELHI,1990,2072,0,0.151,0,0
221,BILASPUR,DELHI,586,401,0,0,0,0
222,BILASPUR,INDORE,56,-,0,-,0,-
223,BILASPUR,JABALPUR,441,354,0,0,0,0
224,BILASPUR,JAGDALPUR,127,231,0,0,0,0
225,BILASPUR,KOLKATA,317,295,0,0,0,0
226,CHANDIGARH,CHENNAI,3155,3647,27.606,21.817,0,1.028
227,CHANDIGARH,DABOLIM,7167,7225,16.942,20.564,0,0.5
228,CHANDIGARH,DehraDun,129,-,0,-,0,-
229,CHANDIGARH,DELHI,32361,31285,71.698591,40.1598796,7.897999999999999,12.321860000000003
230,CHANDIGARH,DHARAMSALA,570,632,0,0,0,0
231,CHANDIGARH,GUWAHATI,785,900,10.074,0.5,0,0
232,CHANDIGARH,HISSAR,44,56,0,0,0,0
233,CHANDIGARH,HYDERABAD,10813,10532,107.826,47.464,0.541,2.076
234,CHANDIGARH,INDORE,2115,1870,16.757,0.376,0.339,0.005
235,CHANDIGARH,JAIPUR,4012,3692,0.077,0.069,0,0
236,CHANDIGARH,JAMMU,811,1105,0,0,0,0
237,CHANDIGARH,KOLKATA,13599,14046,53.01721259999999,92.5909424,0,0.72435
238,CHANDIGARH,LEH,713,811,0.3015,2.473,0,0
239,CHANDIGARH,LUCKNOW,3401,4214,7.513,1.549,0,3.599
240,CHANDIGARH,MUMBAI,25374,25960,173.892,153.50935779999998,2.987000000000001,3.92956
241,CHANDIGARH,PATNA,1636,1531,3.749,0.001,0,0.466
242,CHANDIGARH,PUNE,6615,6266,31.931,35.181,0,0
243,CHANDIGARH,SRINAGAR,8404,8763,0.645,0.02,1.171,0.718
244,CHANDIGARH,UDAIPUR,-,228,-,0,-,0
245,CHENNAI,COIMBATORE,36598,35995,31.465,81.64,2.389,13.669
246,CHENNAI,DABOLIM,3577,3697,2.312,1.353,0.591,0.138
247,CHENNAI,DehraDun,442,626,1.576,0.806,0,0.454
248,CHENNAI,DELHI,92144,88771,1369.6404894000002,1335.5472079,49.606099999999984,41.52681
249,CHENNAI,DURGAPUR,2747,3310,0.393,2.351,0,0
250,CHENNAI,Goa,9214,9311,2.68392,29.876,0,0.352
251,CHENNAI,GUWAHATI,14963,15280,39.859,30.959,6.452,2.394
252,CHENNAI,HYDERABAD,67025,65886,528.64973,584.3499999999999,15.341,13.579
253,CHENNAI,INDORE,6831,6816,32.588,141.84,1.555,1.256
254,CHENNAI,JAIPUR,6887,6542,40.656,80.493,4.478,0.765
255,CHENNAI,Cuddapah,673,739,0.081,0,0,0
256,CHENNAI,KANNUR,3439,2830,0.016,0.002,0,0
257,CHENNAI,KOCHI,29411,30024,67.66492,24.231,13.785,7.492
258,CHENNAI,KOLKATA,40682,40903,305.95628,311.19889,14.793,3.443
259,CHENNAI,KOZHIKODE,3982,3994,0.141,0.07,1.113,0
260,CHENNAI,LUCKNOW,3985,4074,39.842,14.738,1.698,2.165
261,CHENNAI,MADURAI,16725,16155,1.418,26.069,1.637,5.303
262,CHENNAI,MANGALORE,1880,1855,0.058,0.004,0,4.46
263,CHENNAI,MUMBAI,87122,84697,651.2673719,660.5115925,43.78976,31.9944
264,CHENNAI,MYSORE,1005,933,0.084,0,0,0
265,CHENNAI,PATNA,8337,8000,22.854,4.244,5.075,1.879
266,CHENNAI,PORT BLAIR,19744,19306,228.29889000000003,96.693,25.71839,6.762
267,CHENNAI,PUNE,30926,32185,234.09717,222.73130999999998,6.833,2.315
268,CHENNAI,RAIPUR,5217,4756,10.859,7.623,1.193,0.077
269,CHENNAI,RAJAHMUNDRY,1026,1124,0.056,0,0,0
270,CHENNAI,RANCHI,5171,5281,12.739,4.606,2.78,2.048
271,CHENNAI,SALEM,1621,1897,0.053,0,0,0
272,CHENNAI,SHIRDI,6039,5709,0.385,9.255,0,0
273,CHENNAI,Shivamogga Airport,826,936,0.6420899999999998,1.242,0,0
274,CHENNAI,SURAT,3534,3298,39.878,18.303,0.053,0.395
275,CHENNAI,TIRUCHIRAPALLY,16685,15187,0.408,0.109,0.18,0
276,CHENNAI,TRIVANDRUM,11487,11266,7.92,15.322,6.943,4.501
277,CHENNAI,TUTICORIN,12522,12299,0.67,0.253,0,0
278,CHENNAI,VARANASI,8410,8673,2.116,12.71,0.224,0.008
279,CHENNAI,VIJAYAWADA,3638,4144,0.582,0.047,0.024,0
280,CHENNAI,VISAKHAPATNAM,10858,11311,22.2,8.494,5.798,1.746
281,CHENNAI,HINDON AIRPORT,8592,8011,0,0,0,0
282,COIMBATORE,DABOLIM,1963,1996,0.008,0,0,0
283,COIMBATORE,DELHI,17528,17772,205.598,200.56653600000004,2.575,3.465
284,COIMBATORE,GUWAHATI,132,222,1.83,0.003,1.93,0
285,COIMBATORE,HYDERABAD,20440,19805,102.262,38.389,2.931,3.196
286,COIMBATORE,MUMBAI,21990,21752,160.7285,168.67344029999998,4.384,6.247300000000001
287,COIMBATORE,NASIK,69,37,0,0,0,0
288,COIMBATORE,PUNE,5297,4893,7.268,39.319,0,0.254
289,COIMBATORE,VIJAYAWADA,3,-,0,-,0,-
290,COOCH BEHAR,KOLKATA,216,209,0,0,0,0
291,DABOLIM,DELHI,30281,30795,81.6723048,111.332313,1.283,3.7270000000000003
292,DABOLIM,HYDERABAD,27178,29948,23.498,18.231,0.516,0.311
293,DABOLIM,INDORE,4016,3882,0.823,1.53,0.109,0
294,DABOLIM,KOCHI,4400,4359,11.439,1.111,0.278,0
295,DABOLIM,KOLKATA,6330,5850,12.994,19.607,0.927,0.076
296,DABOLIM,LUCKNOW,3809,4161,3.498,0.299,0.183,0.034
297,DABOLIM,MUMBAI,61498,64650,77.58399700000001,89.99053,4.84154,12.807769999999994
298,DABOLIM,NAGPUR,597,-,0.157,-,0.015,-
299,DABOLIM,NASIK,1000,911,0,0,0,0
300,DABOLIM,PUNE,3987,4027,0.991,0.485,0.341,0
301,DABOLIM,RAIPUR,4803,4982,5.682,0,0.037,0
302,DABOLIM,SURAT,5869,5539,15.824,18.77,0.111,0.167
303,DABOLIM,HINDON AIRPORT,7835,8854,0,0,0,0
304,DARBHANGA,DELHI,14792,14704,0,4.4177100000000005,0,0
305,DARBHANGA,HYDERABAD,3810,3456,0,0.289,0,0
306,DARBHANGA,KOLKATA,1758,1550,0,0.007,0,0
307,DARBHANGA,MUMBAI,12139,11847,0,25.95456,0,0
308,DARBHANGA,PUNE,-,1,-,0,-,0
309,DehraDun,DELHI,22607,24742,2.756,11.988,10.397,26.827
310,DehraDun,GUWAHATI,340,-,0.218,-,0,-
311,DehraDun,HYDERABAD,3721,4024,1.404,7.026,0.362,4.03
312,DehraDun,JAIPUR,1655,1620,0,0.028,0,0
313,DehraDun,KOLKATA,2377,2337,2.067,0.011,0.122,0
314,DehraDun,KULLU,37,23,0,0,0,0
315,DehraDun,LUCKNOW,3311,3404,0.001,0.326,0.559,1.259
316,DehraDun,MUMBAI,8994,8890,0.885,11.654,0.568,4.169
317,DehraDun,PITHORAGARH,86,115,0,0,0,0
318,DehraDun,PUNE,3835,3745,1.309,2.339,0.222,0.322
319,DELHI,Deoghar ,5093,5224,0.263,0,0,0
320,DELHI,DHARAMSALA,3530,2638,0.087,0,0,0
321,DELHI,DIBRUGARH,6816,7042,46.008,1.099,3.445,3.106
322,DELHI,DIMAPUR,2783,2868,2.377,13.073,2.685,2.414
323,DELHI,DURGAPUR,4436,4355,0.473,14.877,0,0
324,DELHI,GAYA,4663,4501,0.286,0,0,0
325,DELHI,Goa,41807,41044,182.8204877,138.89268760000002,0.203,1.55896
326,DELHI,GORAKHPUR,18095,16819,62.5946,27.53936,15.996,0
327,DELHI,GUWAHATI,57176,58141,521.2276325000001,280.75381999999996,6.68512,10.51079
328,DELHI,GWALIOR,1997,1957,0.151,0,0,0
329,DELHI,HISSAR,128,100,0,0,0,0
330,DELHI,HUBLI,2911,2491,5.563,1.329,0,0.326
331,DELHI,HYDERABAD,118151,119617,1413.9077412,1015.8437060000001,24.403000000000002,17.3
332,DELHI,IMPHAL,8386,8832,80.255,141.444,5.329,5.289
333,DELHI,INDORE,46509,47117,383.5192391,178.682167,10.951,7.071
334,DELHI,Itanagar,2769,2956,1.426,0.263,0,0
335,DELHI,JABALPUR,5701,5493,0.413,0,0,0
336,DELHI,JAGDALPUR,284,490,0,0,0,0
337,DELHI,JAIPUR,22362,22113,40.61745,91.74473,47.052,5.635
338,DELHI,JAMMU,23248,20315,109.44569999999999,32.152680000000004,10.197,0
339,DELHI,JHARSUGUDA,2875,2992,0.02,0,0,0
340,DELHI,JODHPUR,10247,9741,8.245,0.023,21.035999999999998,9.359
341,DELHI,KANNUR,1944,1422,0.627,0.091,0,0
342,DELHI,KANPUR,2053,2449,1.028,0.005,4.499,0
343,DELHI,KOCHI,39537,39565,545.5997693999998,276.4305044,21.562499999999993,35.46399000000001
344,DELHI,KOLKATA,98650,98227,1786.8381633,2013.1800392000005,38.16714000000001,26.58026
345,DELHI,KOZHIKODE,2916,2796,7.035,1.366,0.404,0
346,DELHI,KULLU,49,63,0,0,0,0
347,DELHI,LEH,37612,40134,103.19169000000002,42.59227,13.657,15.21
348,DELHI,LUCKNOW,44531,43929,204.900392,123.7503261,59.66296,21.989
349,DELHI,MADURAI,3481,3297,13.601,46.495,0.664,0.494
350,DELHI,MANGALORE,9951,10035,19.851,11.427,0,37.446
351,DELHI,MUMBAI,256618,251212,4381.403084299999,3294.7410154,38.997,74.44576999999998
352,DELHI,NAGPUR,25234,26013,249.9715,81.23349999999999,11.661,12.964
353,DELHI,NASIK,2785,2576,11.826,0.734,0.504,0.208
354,DELHI,PANTNAGAR,1819,1591,0.252,0,0,0
355,DELHI,PATNA,55239,55454,433.9893787,43.0995,52.38495999999999,16.830899999999993
356,DELHI,PITHORAGARH,152,139,0,0,0,0
357,DELHI,PORT BLAIR,2673,2999,41.2345,43.225,2.3589999999999987,0.00657
358,DELHI,PUNE,116794,112133,1378.5496777000003,1095.7014178999998,9.4179,2.25837
359,DELHI,RAIPUR,28526,28009,263.06,1.802,20.351,0.358
360,DELHI,RAJAHMUNDRY,1665,1775,0.477,0.009,0,0
361,DELHI,Rajkot International Airport,11007,9819,23.124,3.173,7.259,0
362,DELHI,RANCHI,34312,34783,492.612,55.53302,8.691,5.501
363,DELHI,SHILLONG,503,481,0,0,0,0
364,DELHI,SHIRDI,5661,5752,10.298,4.034,0,0
365,DELHI,SIMLA,141,81,0,0,0,0
366,DELHI,SRINAGAR,62492,68149,400.75663600000007,201.818643,15.53283,23.252
367,DELHI,SURAT,21958,21175,115.65899999999999,95.035,3.907,3.688
368,DELHI,TIRUPATI,10841,10754,45.082171800000005,23.505727400000005,0.193,0
369,DELHI,TRIVANDRUM,19987,19862,92.1113,36.2653207,8.4765,10.349870000000005
370,DELHI,UDAIPUR,20578,20121,8.497,0.254,0,0
371,DELHI,VADODARA,23998,21489,116.661,0,9.1015,0
372,DELHI,VARANASI,31629,32254,166.0997869,43.142480000000006,13.63734,2.05
373,DELHI,VIJAYAWADA,12040,13022,75.82,3.005,7.4971000000000005,0.6584999999999999
374,DELHI,VISAKHAPATNAM,20529,20981,130.44134029999998,21.5915,5.847999999999999,1.996
375,DELHI,Ayodhya International Airport ,5115,4832,0.359,0,0,0
376,Deoghar ,KOLKATA,1760,1356,0,0.036,0,0
377,Deoghar ,MUMBAI,1906,1865,0,0.035,0,0
378,DHARAMSALA,JAIPUR,38,32,0,0,0,0
379,DHARAMSALA,SIMLA,5,2,0,0,0,0
380,DIBRUGARH,GUWAHATI,8321,8993,12.442,0.718,2.104,5.387
381,DIBRUGARH,HYDERABAD,156,541,0.008,0.428,0,0
382,DIBRUGARH,KOLKATA,12914,12751,36.674,34.33098,2.022,2.99
383,DIMAPUR,GUWAHATI,7369,6301,1.407,11.276299999999999,2.634,0
384,DIMAPUR,IMPHAL,355,423,0,0,0,0
385,DIMAPUR,KOLKATA,4549,4076,19.315,40.631,4.634,1.355
386,DIU,Goa,671,723,0,0,0,0
387,DIU,MUMBAI,259,339,0,0,0,0
388,DIU,SURAT,1368,1233,0,0,0,0
389,DURGAPUR,GUWAHATI,347,331,0,0,0,0
390,DURGAPUR,HYDERABAD,3069,2700,6.249,3.311,0,0
391,DURGAPUR,LUCKNOW,130,-,0,-,0,-
392,DURGAPUR,MUMBAI,3067,2555,1.63,0.158,0,0
393,GAYA,KOLKATA,3522,3597,0,0.215,0,0
394,Goa,HYDERABAD,21358,22189,11.853,0.405,0,0
395,Goa,INDORE,4259,4485,4.147,1.789,0,0
396,Goa,JAIPUR,5724,5788,0.667,34.512,0,0.365
397,Goa,JALGAON,1482,1486,0,0,0,0
398,Goa,Malvan,3,12,0,0,0,0
399,Goa,MUMBAI,28707,31069,56.75231,39.34017,0.071,1.45096
400,Goa,NAGPUR,4142,4180,6.656,0.231,0,0
401,Goa,PUNE,13393,13486,47.50253,3.3634999999999997,0,0
402,Goa,Rajkot International Airport,2453,2437,0,0,0,0
403,Goa,Shivamogga Airport,821,881,0,0,0,0
404,Goa,SHOLAPUR,743,806,0,0,0,0
405,Goa,VADODARA,1487,1781,0,0,0,0
406,Gondia ,HYDERABAD,686,614,0,0.181,0,0
407,GORAKHPUR,HYDERABAD,5829,6234,0,1.24,0,0.878
408,GORAKHPUR,KOLKATA,1246,1147,0,0,0,0
409,GORAKHPUR,MUMBAI,10459,11177,0,9.5992,0,1.006
410,GUWAHATI,HYDERABAD,9234,8309,10.856,25.427,1.247,3.423
411,GUWAHATI,IMPHAL,21819,23077,113.69027,25.921,2.657,2.781
412,GUWAHATI,Itanagar,168,175,0,0,0,0
413,GUWAHATI,JAIPUR,5214,4769,0.781,5.451,0,0.246
414,GUWAHATI,KOLKATA,39834,37649,82.78219,535.06554,6.796,7.08
415,GUWAHATI,LUCKNOW,3013,3420,1.444,12.811,2.617,1.124
416,GUWAHATI,MUMBAI,16417,15694,52.282,128.80585,3.88159,10.13723
417,GUWAHATI,PATNA,5689,4211,1.5481600000000002,1.1033600000000001,0,0
418,GUWAHATI,PUNE,2819,2626,3.928,10.538,0.782,0.294
419,GUWAHATI,RUPSI,135,166,0,0,0,0
420,GUWAHATI,SILCHAR,4112,4563,13.419,0,7.129,0
421,GUWAHATI,TEZU,57,51,0,0,0,0
422,GUWAHATI,VIJAYAWADA,5,-,0,-,0,-
423,GUWAHATI,Ziro,31,25,0,0,0,0
424,GWALIOR,MUMBAI,4672,4978,0,0.008,0,0
425,HISSAR,Ayodhya International Airport ,342,179,0,0,0,0
426,HUBLI,HYDERABAD,805,772,0.08,0.004,0.353,0
427,HUBLI,MUMBAI,4721,4714,1.518,2.029,1.03,0
428,HUBLI,PUNE,849,835,0,0,0,0.239
429,HYDERABAD,INDORE,15742,15856,35.709,26.598,3.754,1.043
430,HYDERABAD,JABALPUR,2145,2145,0,0,0,0
431,HYDERABAD,JAGDALPUR,2099,1860,0.034,0,0,0
432,HYDERABAD,JAIPUR,20727,19539,48.684999999999995,248.26600000000002,4.668,1.791
433,HYDERABAD,JALGAON,1665,1564,0,0,0,0
434,HYDERABAD,JAMMU,735,1588,0.226,0,0.052,0
435,HYDERABAD,JHARSUGUDA,1977,2097,0,0,0,0
436,HYDERABAD,JODHPUR,3480,3186,0.605,0,0,0.74
437,HYDERABAD,Cuddapah,1670,1973,0.097,0,0,0
438,HYDERABAD,KANNUR,1793,1725,0.009,0,0,0
439,HYDERABAD,KANPUR,2242,2308,0.62,1.251,0,0
440,HYDERABAD,KOCHI,28651,28409,53.499,37.6145,2.959,10.102
441,HYDERABAD,KOLHAPUR,1755,1769,0.213,4.36,0,0
442,HYDERABAD,KOLKATA,44064,45513,170.515,314.65129,15.233,5.033
443,HYDERABAD,KOZHIKODE,7779,9000,1.1420000000000001,2.71,0,0
444,HYDERABAD,LUCKNOW,14185,14236,47.666000000000004,62.495000000000005,3.356,1.359
445,HYDERABAD,MADURAI,4569,4725,6.775,40.88,5.012,0.34
446,HYDERABAD,Malvan,757,706,0,0,0,0
447,HYDERABAD,MANGALORE,5167,5211,0.118,0.016,2.014,0.849
448,HYDERABAD,MUMBAI,100673,98070,630.0265006,955.327053,21.207,25.43235
449,HYDERABAD,MYSORE,1845,1580,0.067,0,0,0
450,HYDERABAD,NAGPUR,4049,4163,0.437,0.033,1.134,0
451,HYDERABAD,NANDED,606,634,0,0,0,0
452,HYDERABAD,NASIK,2077,1900,0.043,0,0.224,0.09
453,HYDERABAD,PATNA,20722,18857,44.014,6.576,5.989,1.826
454,HYDERABAD,PONDICHERRY,1988,1815,0,0,0,0
455,HYDERABAD,PUNE,35263,34857,38.802,74.767,4.32,3.012
456,HYDERABAD,RAIPUR,8576,9085,16.566,0.072,8.087,0
457,HYDERABAD,RAJAHMUNDRY,11536,11907,0.187,0.555,0,0
458,HYDERABAD,Rajkot International Airport,2243,2202,7.329,0,0,0
459,HYDERABAD,RANCHI,11854,13393,13.485,3.043,1.779,2.106
460,HYDERABAD,SALEM,928,824,0.001,0,0,0
461,HYDERABAD,SHIRDI,7900,8743,0.087,2.874,0,0
462,HYDERABAD,Shivamogga Airport,3863,3426,1.4144,0.8144899999999998,0,0
463,HYDERABAD,SRINAGAR,1788,1739,1.071,0.123,0.136,0
464,HYDERABAD,SURAT,5250,5268,13.364,54.689,1.34,0.772
465,HYDERABAD,TIRUCHIRAPALLY,8947,8114,6.484,0.312,6.809,0
466,HYDERABAD,TIRUPATI,33529,32827,8.4871,22.307,5.639,2.103
467,HYDERABAD,TRIVANDRUM,10554,10622,3.702,5.232,3.593,3.189
468,HYDERABAD,TUTICORIN,23,-,0,-,0,-
469,HYDERABAD,UDAIPUR,3471,3648,1.006,0,0,0
470,HYDERABAD,VADODARA,3609,3638,10.797,0,0.691,0
471,HYDERABAD,VARANASI,18750,18952,3.518,43.194,1.438,0.343
472,HYDERABAD,VIJAYAWADA,14745,15181,1.507,1.669,6.807,0.719
473,HYDERABAD,VISAKHAPATNAM,42375,42872,36.869,36.814,14.146,0
474,HYDERABAD,Ayodhya International Airport ,2118,2435,0,0,0,0
475,IMPHAL,KOLKATA,16724,13908,48.372,92.37727,12.909,3.71
476,IMPHAL,MUMBAI,228,194,21.758,0,0,0
477,IMPHAL,SHILLONG,801,557,0,0,0,0
478,IMPHAL,SILCHAR,199,190,0,0,0,0
479,INDORE,JABALPUR,1442,2156,0,0,0,0
480,INDORE,JAIPUR,2528,2525,0.044,0.105,0.188,0
481,INDORE,KOLKATA,5017,5127,36.235,24.885,1.915,1.059
482,INDORE,LUCKNOW,2145,2089,0.041,0.019,0,1.583
483,INDORE,MUMBAI,28183,28088,116.675,100.638,6.245,9.72
484,INDORE,NAGPUR,2113,2162,0.154,0.001,0.087,0
485,INDORE,PUNE,12372,12299,13.000000000000002,32.228,1.024,0.509
486,INDORE,RAIPUR,5953,5530,1.128,0,0.684,0
487,INDORE,VISAKHAPATNAM,115,168,0,0.005,0,0
488,INDORE,HINDON AIRPORT,3473,4914,0,0,0,0
489,Itanagar,KOLKATA,4307,4289,0,0.876,0,0
490,Itanagar,TEZU,9,17,0,0,0,0
491,Itanagar,Ziro,-,16,-,0,-,0
492,JABALPUR,JAGDALPUR,196,144,0,0,0,0
493,JABALPUR,MUMBAI,4778,4540,0,0.038,0,0
494,JAIPUR,KOCHI,711,747,4.84,0.318,0,0
495,JAIPUR,KOLKATA,15800,16227,120.327,76.90382,3.355,0.129
496,JAIPUR,KULLU,80,60,0,0,0,0
497,JAIPUR,LUCKNOW,2023,2061,0.064,0.077,0,0.237
498,JAIPUR,MUMBAI,44500,44060,293.22019309999996,157.9727089,5.602,25.369249999999997
499,JAIPUR,PUNE,12204,12282,61.39864,14.47425,0.024,0
500,JAIPUR,SURAT,3970,4006,6.27,3.504,0,0.348
501,JAIPUR,UDAIPUR,2292,2193,0.025,0.034,0,0
502,JAIPUR,VARANASI,3292,3793,0,0,0,0
503,JALGAON,MUMBAI,249,193,0,0,0,0
504,JALGAON,PUNE,1698,1857,0,0,0,0
505,JAMMU,KOLKATA,654,1102,0.122,0.003,0,0
506,JAMMU,LEH,1032,1244,1.317,3.975,0,0
507,JAMMU,MUMBAI,1863,2205,0,6.283,0,0.77
508,JAMMU,SRINAGAR,20265,19259,20.02039,2.624,0,3.177
509,JAMNAGAR,MUMBAI,4017,4551,0.2465,5.776,1.857609999999999,0
510,JAMNAGAR,SURAT,215,264,0,0,0,0
511,JAMSHEDPUR,KOLKATA,212,128,0,0,0,0
512,JEYPORE,VISAKHAPATNAM,86,60,0,0,0,0
513,JHARSUGUDA,KOLKATA,1234,1290,0,0.005,0,0
514,JHARSUGUDA,LUCKNOW,708,709,0,0,0,0
515,JHARSUGUDA,MUMBAI,3672,3758,0,0,0,0
516,JHARSUGUDA,RAIPUR,492,531,0,0,0,0
517,JODHPUR,MUMBAI,9394,10041,0.163,2.2145,2.04344,9.96445
518,JODHPUR,PUNE,3847,4441,2.078,0.194,0.651,0.738
519,JORHAT,KOLKATA,4480,4855,1.533,12.539,0,0
520,JORHAT,TEZU,16,22,0,0,0,0
521,Cuddapah,VIJAYAWADA,316,311,0,0,0,0
522,KANDLA,MUMBAI,1083,1169,0,0,0,0
523,KANNUR,KOCHI,929,1486,0.078,0.002,0,0
524,KANNUR,MUMBAI,4067,4279,0.231,0.959,0,0.285
525,KANNUR,TRIVANDRUM,1714,1934,0,0,0,0
526,KANPUR,MUMBAI,4599,4428,1.3,4.478,0,3.469
527,KANPUR,VIJAYAWADA,1,-,0,-,0,-
528,KHAJURAHO,DATIA AIRPORT,76,82,0,0,0,0
529,KOCHI,LUCKNOW,566,278,0.088,0.452,0,0.472
530,KOCHI,MUMBAI,52676,51781,152.046,294.10434999999995,29.628590000000003,21.5829
531,KOCHI,PATNA,-,220,-,0.136,-,0
532,KOCHI,PUNE,8103,8032,7.299,15.586,0,0.043
533,KOCHI,RAIPUR,508,674,0.403,0.105,0,0
534,KOCHI,SALEM,283,349,0,0,0,0
535,KOCHI,TRIVANDRUM,1649,1386,0,0.017,0,0
536,KOCHI,VARANASI,-,460,-,9.291,-,0
537,KOLHAPUR,MUMBAI,1680,1935,0,0,0,0
538,KOLHAPUR,TIRUPATI,491,869,0,0,0,0
539,KOLHAPUR,VIJAYAWADA,34,33,0,0,0,0
540,KOLKATA,LILABARI,186,151,0,0,0,0
541,KOLKATA,LUCKNOW,6563,7911,52.913,32.837,2.456,1.486
542,KOLKATA,MUMBAI,90815,90205,703.3191300000001,1031.2530341000001,20.24005,24.999360000000003
543,KOLKATA,NAGPUR,6603,5351,8.962,25.248,0.059,4.459
544,KOLKATA,PATNA,9207,8696,25.083,9.752,28.006,5.59
545,KOLKATA,PORT BLAIR,16482,13475,166.55773,77.124,32.32743,9.198
546,KOLKATA,PUNE,20388,21016,95.2836,185.24007,3.34923,2.2009
547,KOLKATA,RAIPUR,7392,7669,27.378,0.021,3.372,0
548,KOLKATA,RANCHI,8203,8379,3.051,3.257,5.446,1.752
549,KOLKATA,SHILLONG,1836,1345,0.05,0,0,0
550,KOLKATA,SILCHAR,10505,10283,51.682,0.235,1.461,0
551,KOLKATA,SRINAGAR,3029,2702,1.089,7.542,0.087,0
552,KOLKATA,SURAT,5157,4831,23.933,65.023,0,0.009
553,KOLKATA,VARANASI,9041,9314,1.502,33.345,0.065,0
554,KOLKATA,VISAKHAPATNAM,4876,3837,1.821,15.924,0,0
555,KOLKATA,HINDON AIRPORT,8891,8699,0,0,0,0
556,KOZHIKODE,MUMBAI,7141,6841,0.002,4.7648600000000005,0,6.256
557,KURNOOL,VIJAYAWADA,283,311,0,0,0,0
558,KURNOOL,VISAKHAPATNAM,324,325,0,0,0,0
559,LEH,MUMBAI,2642,3222,0,2.829,0,0
560,LEH,SRINAGAR,751,523,0,0.256,0,0
561,LUCKNOW,MUMBAI,37374,38218,56.4415,184.1261457,5.417,26.89275
562,LUCKNOW,PATNA,4123,3864,9.284,0.72,3.517,3.205
563,LUCKNOW,PUNE,6375,5541,35.121,29.506,0.195,0.565
564,LUCKNOW,RAIPUR,2271,2322,2.016,0.002,0.394,0
565,LUCKNOW,RANCHI,1254,1205,0.776,0.258,1.02,0
566,LUCKNOW,SILCHAR,169,185,0.013,0,0,0
567,LUCKNOW,VARANASI,644,1347,0,0,0,0
568,LUDHIANA,HINDON AIRPORT,22,43,0,0,0,0
569,MADURAI,MUMBAI,13138,13851,53.5339993,24.758976699999998,2.2556499999999997,9.32734
570,MADURAI,VIJAYAWADA,72,-,0,-,0,-
571,Malvan,PUNE,1072,1595,0,0,0,0
572,MANGALORE,MUMBAI,25637,24426,5.63,22.12271,32.7,2.963
573,MUMBAI,NAGPUR,31060,31323,148.057,122.85300000000001,44.918669999999985,11.44577
574,MUMBAI,PATNA,14803,14376,81.19172370000001,22.92,9.59704,2.9951799999999995
575,MUMBAI,PORBANDAR,295,285,0,0,0,0
576,MUMBAI,RAIPUR,15334,15822,96.194,0.138,13.586,0
577,MUMBAI,RAJAHMUNDRY,3743,4595,1.132,0.408,0,0
578,MUMBAI,Rajkot International Airport,23505,22806,14.3155,2.534,10.78797,0
579,MUMBAI,RANCHI,9473,9470,22.934,10.21,4.262,1.018
580,MUMBAI,SRINAGAR,11809,14922,61.875600000000006,21.4545,2.5865,1.921
581,MUMBAI,SURAT,240,463,0,0,0,0
582,MUMBAI,TIRUCHIRAPALLY,3942,3870,2.871,0.002,0.091,0
583,MUMBAI,TIRUPATI,5693,5028,0.106,0.014,0,0
584,MUMBAI,TRIVANDRUM,15357,15425,84.305,9.7035,5.742519999999995,5.601769999999998
585,MUMBAI,UDAIPUR,23975,23308,15.6675,0.803,0,0
586,MUMBAI,VADODARA,13410,14932,23.969,0,13.15922,0
587,MUMBAI,VARANASI,38369,39498,96.3901429,28.253300000000003,7.00016,0.632
588,MUMBAI,VIJAYAWADA,7042,8175,24.430999999999997,3.0955000000000004,9.69983,0.2036
589,MUMBAI,VISAKHAPATNAM,9077,9314,13.153,2.734,3.082,1.952
590,MUMBAI,Ayodhya International Airport ,8770,9353,0.28900000000000003,0,0,0
591,MUMBAI,HINDON AIRPORT,5101,4218,0,0,0,0
592,MUMBAI,Amravati Airport,243,236,0,0,0,0
593,NAGPUR,PUNE,14253,15463,8.414,67.222,8.063,2.326
594,NANDED,PUNE,972,902,0,0,0,0
595,NANDED,HINDON AIRPORT,1587,1369,0,0,0,0
596,PANTNAGAR,PITHORAGARH,36,43,0,0,0,0
597,PATNA,PUNE,4802,4622,0.147,23.838,1.122,0.877
598,PATNA,RANCHI,2650,2503,0.098,2.329,1.75,0.001
599,PATNA,HINDON AIRPORT,8417,7862,0,0,0,0
600,PORBANDAR,SURAT,-,43,-,0,-,0
601,PORT BLAIR,VISAKHAPATNAM,1478,1519,0.667,0.709,0,0
602,PUNE,RAIPUR,6330,6392,4.914,0,0.458,0
603,PUNE,Rajkot International Airport,2758,2947,0.008,1.046,0,0
604,PUNE,RANCHI,4611,4680,14.264,7.304,0.224,0.544
605,PUNE,SURAT,3328,3201,4.398,11.241,0.461,0.153
606,PUNE,TRIVANDRUM,2364,2310,0.562,0.183,0.125,0
607,PUNE,VADODARA,2304,2213,0.63,0,0.199,0
608,PUNE,VARANASI,5089,5060,4.767,0.185,0.081,0
609,RAIPUR,Utkela,111,84,0,0,0,0
610,RAIPUR,VISAKHAPATNAM,913,965,0,0,0,0
611,RAJAHMUNDRY,TIRUCHIRAPALLY,47,39,0,0,0,0
612,Shivamogga Airport,TIRUPATI,1249,969,0,0,0,0
613,SURAT,VADODARA,-,54,-,0,-,0
614,TIRUPATI,VIJAYAWADA,1589,1370,0.011,0,2.137,0
615,TIRUPATI,VISAKHAPATNAM,1750,2012,0.001,0.003,0,0.147
616,VARANASI,VISAKHAPATNAM,316,463,0.052,0.065,0,0
617,VARANASI,HINDON AIRPORT,8426,8638,0.102,0,0,0
618,VIJAYAWADA,VISAKHAPATNAM,4640,3154,0.019,0.394,0,3.524
SUB TOTAL,,,6480300,6468337,38473.98504030001,34642.597109700015,1707.0916999999995,1545.51626
TOTAL,,,12948637,,73116.58215000003,,3252.6079599999994,
