"City Pair wise  Passenger, Freight & Mail Traffic Statistics For December 2025 (Provisional)
( Scheduled Domestic Services )",Unnamed: 1,Unnamed: 2,Unnamed: 3,Unnamed: 4,Unnamed: 5,Unnamed: 6,Unnamed: 7,Unnamed: 8
"Passengers ( In Number ), Freight ( In Tonne ), Mail ( In  Tonne )",,,,,,,,
S.No.,CITY 1,CITY 2,"PASSENGERS 
TO CITY 2","PASSENGERS 
FROM CITY 2","FREIGHT 
TO CITY 2","FREIGHT 
FROM CITY 2","MAIL 
TO CITY 2","MAIL 
FROM CITY 2"
1,ADAMPUR,DELHI,17,10,0,0,0,0
2,ADAMPUR,MUMBAI,4475,4289,0,0.315,0,0
3,ADAMPUR,NANDED,347,-,0,-,0,-
4,ADAMPUR,Ghaziabad,1303,1715,0,0,0,0
5,AGARTALA,AHMEDABAD,32,93,0.176,0.142,0,0
6,AGARTALA,BAGDOGRA,3077,4414,0,0,0,0
7,AGARTALA,BENGALURU,3528,3572,39.119,5.291,0,0.612
8,AGARTALA,CHENNAI,336,338,0,0.034,0,0
9,AGARTALA,DELHI,6113,7329,17.076,32.423,0.901,1.752
10,AGARTALA,DIBRUGARH,1150,420,0,0.005,0,0
11,AGARTALA,GUWAHATI,9347,9356,6.393000000000001,55.048,1.80664,4.642130000000001
12,AGARTALA,HYDERABAD,3305,3250,3.228,5.745,0,0
13,AGARTALA,IMPHAL,1713,1451,1.837,19.992,0.174,0
14,AGARTALA,KOLKATA,34342,36165,19.695,203.118,4.637,0.871
15,AGARTALA,SILCHAR,693,280,0.778,0,0,0
16,AGATTI ISLAND,BENGALURU,766,997,0,0.255,0,0
17,AGATTI ISLAND,Goa,1444,1886,0,0,0,0
18,AGATTI ISLAND,KOCHI,2353,2811,0,0.043,0,0
19,AGATTI ISLAND,KOZHIKODE,428,573,0,0,0,0
20,AGRA,AHMEDABAD,2118,1929,0,0,0,0
21,AGRA,BENGALURU,6119,5638,1.602,2.711,0,0
22,AGRA,HYDERABAD,2167,1988,1.66,1.006,0,0
23,AGRA,MUMBAI,2788,2676,0.013,0.445,0,0
24,AHMEDABAD,Kishangarh,1321,1606,0.187,0,0,0
25,AHMEDABAD,AMRITSAR,3499,3999,0.17,0.156,0.002,0
26,AHMEDABAD,BAGDOGRA,5454,5650,16.60932,17.42163,3.795,0.068
27,AHMEDABAD,BELGAUM,1995,1792,0,0,0,0
28,AHMEDABAD,BENGALURU,47189,46199,307.61749,275.65426,2.497,8.19763
29,AHMEDABAD,BHOPAL,3850,4296,0.016,0.018,0.937,0.848
30,AHMEDABAD,BHUBANESWAR,4347,4300,21.154,2.206,3.086,1.09
31,AHMEDABAD,BHUJ,86,65,0,0,0,0
32,AHMEDABAD,CHANDIGARH,8411,9488,16.407,25.568,0.993,1.683
33,AHMEDABAD,CHENNAI,21886,21545,205.86198000000002,230.66527,1.222,3.449
34,AHMEDABAD,COIMBATORE,3892,3807,19.503,21.815,0,0.816
35,AHMEDABAD,DABOLIM,16307,15574,13.785,7.526,0,0.211
36,AHMEDABAD,DehraDun,4466,4585,8.114,0.399,0.444,0.178
37,AHMEDABAD,DELHI,92637,101955,1784.4337899,1522.5940606000001,5.678999999999999,22.606199999999998
38,AHMEDABAD,DIBRUGARH,135,154,2.714,1.828,0,0.071
39,AHMEDABAD,DIU,2512,2545,0.073,0,0,0
40,AHMEDABAD,DURGAPUR,61,91,0.035,3.96,0,0
41,AHMEDABAD,Goa,10700,10651,14.559000000000001,7.8709999999999996,0,0.25
42,AHMEDABAD,GUWAHATI,4839,4667,23.107,10.812,0.801,0.133
43,AHMEDABAD,HYDERABAD,22758,21513,147.021,88.51,1.854,2.976
44,AHMEDABAD,INDORE,6306,6707,0.088,0.073,0.5,0.794
45,AHMEDABAD,JAIPUR,10101,11270,1.168,2.521,0.735,0
46,AHMEDABAD,JALGAON,444,448,0,0,0,0
47,AHMEDABAD,JAMMU,2199,2652,1.926,0,0,0
48,AHMEDABAD,JAMNAGAR,1117,1023,0,0,0,0
49,AHMEDABAD,JODHPUR,1379,1854,0,0,0,0
50,AHMEDABAD,KESHOD,70,55,0,0,0,0
51,AHMEDABAD,KOCHI,5136,4710,37.573,19.912,1.606,2.377
52,AHMEDABAD,KOLKATA,25851,25172,233.5823,140.13313,4.115,5.6521099999999995
53,AHMEDABAD,LUCKNOW,11820,12982,42.026,14.932,0.072,2.376
54,AHMEDABAD,MUMBAI,77193,75919,791.3258900000001,790.0354099,16.9297,31.085884000000004
55,AHMEDABAD,NAGPUR,4409,4457,0.014,0.015,0.139,3.265
56,AHMEDABAD,NANDED,1754,1696,0,0,0,0
57,AHMEDABAD,NASIK,2219,2207,0.007,0,0,0
58,AHMEDABAD,PATNA,5156,5038,31.388,2.728,2.184,2.504
59,AHMEDABAD,PORT BLAIR,541,462,0,0,0,0
60,AHMEDABAD,PUNE,20423,20724,88.78054,94.78023,3.8553300000000004,1.445
61,AHMEDABAD,RAIPUR,3670,4651,9.925,0.871,1.049,0.102
62,AHMEDABAD,RANCHI,4715,4885,13.768,1.857,1.052,0.799
63,AHMEDABAD,SRINAGAR,5211,5049,0.688,2.578,0.684,0
64,AHMEDABAD,UDAIPUR,-,9,-,0.4,-,0
65,AHMEDABAD,VARANASI,5768,7712,10.12302,7.29132,0,0.042
66,AHMEDABAD,VISAKHAPATNAM,125,190,0.529,0.107,0,0
67,AHMEDABAD,Ayodhya,4929,5024,0,0.31660000000000005,0,0
68,AHMEDABAD,Ghaziabad,4036,4618,0,0,0,0
69,AHMEDABAD,Purnea,2666,2643,0,0,0,0
70,AIZAWL,CHANDIGARH,-,3,-,0,-,0
71,AIZAWL,DELHI,4199,6367,24.951,15.01,0.002,0.747
72,AIZAWL,GUWAHATI,4109,5253,0.38,8.669,5.146,8.325
73,AIZAWL,KOLKATA,4555,4699,18.159,9.705,13.823,6.77
74,AIZAWL,LUCKNOW,71,50,0,0,0,0
75,AIZAWL,SHILLONG,125,400,0,0,0,0
76,Kishangarh,LUCKNOW,872,984,0,0,0,0
77,Kishangarh,NAGPUR,1345,1568,0,0,0,0
78,Kishangarh,PUNE,1517,1768,0,0,0,0
79,Kishangarh,Ghaziabad,831,793,0,0,0,0
80,PRAYAGRAJ,BENGALURU,5049,4031,0,0.313,1.341,0.873
81,PRAYAGRAJ,BHUBANESWAR,941,883,0,0.002,0,0.299
82,PRAYAGRAJ,BILASPUR,357,385,0,0,0,0
83,PRAYAGRAJ,DELHI,5050,4521,0.012,1.13,0,16.063
84,PRAYAGRAJ,HYDERABAD,1233,1138,0.026,0.221,0.566,0.427
85,PRAYAGRAJ,MUMBAI,10599,9620,0,1.4849999999999999,0.924,3.201
86,AMRITSAR,BENGALURU,4450,5135,2.389,4.127,0,2.119
87,AMRITSAR,CHENNAI,166,339,0.913,0.579,0,0
88,AMRITSAR,DELHI,44790,47143,21.984,18.991999999999997,0,0.021829999999999995
89,AMRITSAR,GUWAHATI,23,15,0,0,0,0
90,AMRITSAR,HYDERABAD,5840,4324,9.036,0.408,0,0.114
91,AMRITSAR,KOLKATA,1844,1609,0.752,0.073,0,0
92,AMRITSAR,KULLU,241,135,0,0,0,0
93,AMRITSAR,MUMBAI,13752,14121,2.2195,24.346999999999998,0,2.4362790000000003
94,AMRITSAR,PUNE,2678,2468,0.003,1.202,0,0.005
95,AMRITSAR,SRINAGAR,5520,4011,2.782,0.043,0,0.766
96,AURANGABAD,BENGALURU,1663,1660,0,0.936,0,0.648
97,AURANGABAD,COIMBATORE,27,36,0,0,0,0
98,AURANGABAD,DABOLIM,774,724,0,0,0,0
99,AURANGABAD,DELHI,13020,13487,0,108.470904,0,3.4864999999999995
100,AURANGABAD,HYDERABAD,2572,1879,0,0.056,0,0.598
101,AURANGABAD,MUMBAI,7135,7872,0,3.906,0,11.492
102,BAGDOGRA,BENGALURU,21393,16607,56.31715,12.016,0.01549,2.497
103,BAGDOGRA,BHUBANESWAR,590,635,0,0,0,0.067
104,BAGDOGRA,CHENNAI,5678,5831,13.763,6.075,1.214,0.345
105,BAGDOGRA,DELHI,54231,61982,100.88884,264.88696,4.822,4.2250000000000005
106,BAGDOGRA,DIBRUGARH,5062,4336,1.798,1.233,0,0
107,BAGDOGRA,DURGAPUR,499,498,0.003,0,0,0
108,BAGDOGRA,GUWAHATI,-,5554,-,30.81397,-,0.92279
109,BAGDOGRA,HYDERABAD,14334,14880,38.019999999999996,8.7,0.843,0.562
110,BAGDOGRA,IMPHAL,4554,3339,0,0,0,0
111,BAGDOGRA,KOLKATA,24077,24066,47.952,29.352000000000004,8.239,8.536
112,BAGDOGRA,MUMBAI,25008,25933,49.57311,84.01288,2.127,4.6277
113,BAREILLY,BENGALURU,1854,1634,0,0.01,0,0
114,BAREILLY,MUMBAI,2991,2697,0,0.473,0,0
115,BELGAUM,BENGALURU,5068,5260,0.046,0.416,0,0
116,BELGAUM,DELHI,4102,4211,0.001,0.681,0,0
117,BELGAUM,HYDERABAD,1955,2125,0.016,0.009,0,0
118,BELGAUM,JAIPUR,659,696,0,0,0,0
119,BELGAUM,MUMBAI,1559,1637,0,0,0,0
120,BENGALURU,BHOPAL,11700,13095,30.238,9.167,7.237,2.246
121,BENGALURU,BHUBANESWAR,39044,36703,248.20737000000003,72.258,13.575569999999999,0
122,BENGALURU,BIDAR ,1480,1525,0,0,0,0
123,BENGALURU,CHANDIGARH,24667,25942,149.81099999999998,168.137,10.007,0
124,BENGALURU,CHENNAI,56177,58492,675.9764094999999,572.2855599999998,19.5155,22.649
125,BENGALURU,COIMBATORE,15638,13520,20.384,15.065,7.563,2.326
126,BENGALURU,DABOLIM,45535,43469,47.02199999999999,61.504000000000005,1.229,0.765
127,BENGALURU,DARBHANGA,307,711,0.127,0,0,0
128,BENGALURU,DehraDun,9318,10010,10.705,3.07,5.901,1
129,BENGALURU,DELHI,202828,218748,4004.7122529,4761.923633099999,24.997920000000004,39.377069999999996
130,BENGALURU,Deoghar ,4893,5191,0.497,0,0,0
131,BENGALURU,DIBRUGARH,227,165,0.005,0.001,0,0
132,BENGALURU,DURGAPUR,5353,5401,9.942,19.549,0,0
133,BENGALURU,Goa,33583,31514,4.611,19.095,0,0.212
134,BENGALURU,GORAKHPUR,9949,10229,62.77439,63.82224,2.3110999999999997,0.253
135,BENGALURU,GUWAHATI,37505,30628,217.7237,288.71236999999996,13.57221,4.49596
136,BENGALURU,GWALIOR,4625,4906,0,0,0,0
137,BENGALURU,HUBLI,3951,4057,0.462,0.614,0.355,1.235
138,BENGALURU,HYDERABAD,91015,87372,614.4549999999999,167.03500000000003,39.57,20.458
139,BENGALURU,IMPHAL,409,349,3.872,28.48,0.002,0
140,BENGALURU,INDORE,18583,19126,66.688,49.014,5.211,1.692
141,BENGALURU,JABALPUR,4372,4570,0.267,0.322,2.082,0
142,BENGALURU,JAIPUR,32127,33349,201.964,268.493,12.191,1.864
143,BENGALURU,JAISALMER,3673,4193,0.08,0,0,0
144,BENGALURU,JAMMU,2646,2730,2.558,0,0.285,0
145,BENGALURU,JHARSUGUDA,4928,5141,0.438,0,0,0
146,BENGALURU,JODHPUR,11015,11285,8.056,3.199,2.48,1.999
147,BENGALURU,KANNUR,6145,4986,0.516,0.005,0.015,0
148,BENGALURU,KANPUR,4231,4914,1.181,0.905,0,0
149,BENGALURU,KHAJURAHO,-,35,-,0,-,0
150,BENGALURU,KOCHI,60344,52762,246.14400000000006,88.04499999999999,24.143,9.749
151,BENGALURU,KOLHAPUR,1912,1869,0.286,0.218,0,0
152,BENGALURU,KOLKATA,79004,78293,795.6996200000001,774.3939999999999,20.34038,11.20875
153,BENGALURU,KOZHIKODE,20057,15840,20.755,0.171,1.033,0
154,BENGALURU,KURNOOL,151,171,0.2,0,0,0
155,BENGALURU,LUCKNOW,27389,29138,154.94,102.526,16.517,1.986
156,BENGALURU,MADURAI,6608,6092,0.513,2.353,3.769,0.885
157,BENGALURU,Malvan,1791,1596,0,0,0,0
158,BENGALURU,MANGALORE,36919,34480,8.623000000000001,43.394999999999996,8.416,166.95
159,BENGALURU,MUMBAI,157165,164190,1637.3107111000002,1842.4635655,17.193450000000002,31.171550999999987
160,BENGALURU,NAGPUR,25186,27010,39.114,14.783,5.244,7.14
161,BENGALURU,NANDED,2050,1903,0,0,0,0
162,BENGALURU,NASIK,5577,5859,0.288,0.108,0.67,0.187
163,BENGALURU,PATNA,25701,25372,118.52071999999998,33.45246,19.201,3.023
164,BENGALURU,PONDICHERRY,1910,1951,0.366,0,0,0
165,BENGALURU,PORT BLAIR,18292,17752,29.772,6.955,0.542,0
166,BENGALURU,PUNE,67007,67148,362.47773,224.96841999999998,13.438009999999998,3.47
167,BENGALURU,RAIPUR,12030,11627,33.864,1.278,6.782,1.018
168,BENGALURU,RAJAHMUNDRY,2057,2078,0.481,0,0,0
169,BENGALURU,Rajkot,5904,5985,7.825,6.382,2.213,0
170,BENGALURU,RANCHI,20349,20123,83.261,12.605999999999998,5.408,2.103
171,BENGALURU,SALEM,1358,1322,0.131,0,0,0
172,BENGALURU,SHIRDI,5834,6023,0.071,0.001,0,0
173,BENGALURU,Shivamogga,1569,1271,0.099,0,0,0
174,BENGALURU,SILCHAR,224,165,0.311,0,0,0
175,BENGALURU,SRINAGAR,5506,6291,5.557,10.432,0.483,0.026
176,BENGALURU,SURAT,14064,14835,13.969,70.953,0.961,2.056
177,BENGALURU,TIRUCHIRAPALLY,8910,9001,0.9149999999999999,0.538,1.58,0
178,BENGALURU,TIRUPATI,1912,1917,0.163,0.046,1.004,0
179,BENGALURU,TRIVANDRUM,32256,30661,29.919,30.73,10.881,6.876
180,BENGALURU,TUTICORIN,1845,1713,0.205,0.005,0,0
181,BENGALURU,UDAIPUR,15514,15707,4.681,0.123,0,0
182,BENGALURU,VADODARA,4620,4762,5.034,0,4.133,0
183,BENGALURU,VARANASI,33956,35359,54.66729,121.14911999999998,7.00422,0.473
184,BENGALURU,VIDYANAGAR,1071,1742,0,0,0,0
185,BENGALURU,VIJAYAWADA,12390,12254,7.221999999999999,0.133,3.378,0.364
186,BENGALURU,VISAKHAPATNAM,19792,19104,22.179,1.247,6.363,0.82
187,BENGALURU,Ayodhya,4960,6481,0,0,0,0
188,BENGALURU,Ghaziabad,9994,10379,0,0,0,0
189,BHATINDA,DELHI,557,543,0,0,0,0
190,BHOPAL,CHENNAI,-,106,-,0,-,0
191,BHOPAL,DABOLIM,5080,4785,0.043,0.196,0,3.037
192,BHOPAL,DELHI,25144,26402,14.696,149,21.77812,26.116356000000003
193,BHOPAL,HYDERABAD,3151,2742,0.002,0.175,0.767,0.488
194,BHOPAL,INDORE,-,2,-,0,-,0
195,BHOPAL,JABALPUR,22,-,0,-,0,-
196,BHOPAL,MUMBAI,17070,16116,12.453,56.563,5.02883,19.950625
197,BHOPAL,PUNE,4159,4211,0.001,1.595,0,0.36
198,BHOPAL,RAIPUR,2037,2061,0,0.043,1.089,0
199,BHUBANESWAR,CHANDIGARH,476,417,0.196,1.191,0,0
200,BHUBANESWAR,CHENNAI,9115,9429,1.694,23.712,2.272,6.629
201,BHUBANESWAR,DehraDun,1233,1342,0.002,0,0.035,0.005
202,BHUBANESWAR,DELHI,55986,58738,49.174379,671.3476390999999,8.860147,15.97542
203,BHUBANESWAR,DIMAPUR,85,71,0,0,0,0
204,BHUBANESWAR,DURGAPUR,1081,1094,0,0,0,0
205,BHUBANESWAR,Goa,1258,1200,0.01,0.004,0,0
206,BHUBANESWAR,GUWAHATI,4387,4415,0.933,10.273,0.215,1.121
207,BHUBANESWAR,HYDERABAD,24270,23259,4.469,29.397000000000002,2.569,7.8
208,BHUBANESWAR,INDORE,2121,2420,0.133,1.331,0.069,0
209,BHUBANESWAR,JAIPUR,2717,2865,0.306,29.741999999999997,0,0
210,BHUBANESWAR,JAMMU,115,72,0,0,0.053,0
211,BHUBANESWAR,JAMSHEDPUR,190,195,0,0,0,0
212,BHUBANESWAR,JEYPORE,530,532,0,0,0,0
213,BHUBANESWAR,JHARSUGUDA,1710,1795,0,0,0,0
214,BHUBANESWAR,KOCHI,4294,3378,0.313,4.603,0,0
215,BHUBANESWAR,KOLKATA,15056,15285,6.126,13.173,4.511,11.6
216,BHUBANESWAR,LUCKNOW,3036,3484,1.221,7.4910000000000005,1.538,0.879
217,BHUBANESWAR,MUMBAI,23417,24522,19.839999999999996,138.301,7.103,7.887
218,BHUBANESWAR,PATNA,1736,2074,0.145,0.137,0.626,0.396
219,BHUBANESWAR,PORT BLAIR,2266,1672,6.088,0,0,0
220,BHUBANESWAR,PUNE,4732,4759,3.261,22.992,0,0
221,BHUBANESWAR,RAIPUR,3804,3617,0.042,0.264,0.004,0.407
222,BHUBANESWAR,RANCHI,2071,2147,0.038,0,0.289,0.604
223,BHUBANESWAR,ROURKELA,130,144,0,0,0,0
224,BHUBANESWAR,Utkela,214,302,0,0,0,0
225,BHUBANESWAR,VARANASI,1796,1744,0,0,0.009,0
226,BHUBANESWAR,VISAKHAPATNAM,2195,2179,0.501,0,0.064,0
227,BHUJ,DELHI,5055,5293,0,0.1615,0,0
228,BHUJ,MUMBAI,9314,9498,0,0.468,0,0
229,BHUJ,SURAT,414,504,0,0,0,0
230,BIKANER,DELHI,1539,1419,0,0.09,0,0
231,BIKANER,JAIPUR,147,132,0,0,0,0
232,BILASPUR,DELHI,474,569,0,0,0,0
233,BILASPUR,JABALPUR,339,208,0,0,0,0
234,BILASPUR,KOLKATA,360,311,0,0,0,0
235,CHANDIGARH,CHENNAI,6472,5774,48.415,30.645,0.055,7.446
236,CHANDIGARH,DABOLIM,6341,5866,3.838,4.759,0,0.201
237,CHANDIGARH,DELHI,38422,37050,115.73976699999999,102.27232264,17.677,21.992933999999998
238,CHANDIGARH,DHARAMSALA,1299,1218,0,0,0,0
239,CHANDIGARH,Goa,4997,4853,0.057,1.514,0,0.003
240,CHANDIGARH,GUWAHATI,608,506,6.841,0.374,0,0.203
241,CHANDIGARH,HISSAR,15,17,0,0,0,0
242,CHANDIGARH,HYDERABAD,11664,10844,43.968,42.678,0.548,4.299
243,CHANDIGARH,INDORE,4480,4320,16.131,3.279,0.738,0.839
244,CHANDIGARH,JAIPUR,6606,6861,0.001,0.017,0,0
245,CHANDIGARH,KOCHI,253,219,1.528,0.267,0,0
246,CHANDIGARH,KOLKATA,6671,6662,22.071,7.164,0,0.781
247,CHANDIGARH,LEH,2463,3394,4.355698,0.3,0.602,0
248,CHANDIGARH,LUCKNOW,4461,4344,6.942,0.492,0.187,3.234
249,CHANDIGARH,MUMBAI,23304,22501,141.7449872,183.0804584,3.2659999999999996,12.565141999999996
250,CHANDIGARH,PATNA,4074,3962,6.155,0.022,0.616,1.486
251,CHANDIGARH,PUNE,5001,3549,21.789,21.201,0,0
252,CHANDIGARH,SRINAGAR,7117,6803,1.85,1.051,0.515,0.749
253,CHANDIGARH,UDAIPUR,184,154,0,0,0,0
254,CHENNAI,COIMBATORE,33663,32239,24.046,31.54,2.193,7.969
255,CHENNAI,DABOLIM,5397,5651,7.679,10.315,0.393,0.615
256,CHENNAI,DehraDun,247,369,0.566,3.625,0.023,0.526
257,CHENNAI,DELHI,87184,94205,2866.1754175,2362.4962087,36.663059999999994,51.24162299999999
258,CHENNAI,DURGAPUR,3864,4119,1.694,4.887,0,0
259,CHENNAI,Goa,4914,4847,14.025,6.953,0,0.084
260,CHENNAI,GUWAHATI,15259,14237,21.646,41.802,5.305,2.481
261,CHENNAI,HYDERABAD,52998,55439,559.2548899999999,369.2859000000001,12.542,16.433
262,CHENNAI,INDORE,6441,6816,40.858,43.751,3.906,0.849
263,CHENNAI,JAIPUR,9650,10432,56.17315,69.951,4.257,1.075
264,CHENNAI,JAMMU,105,95,0.587,0,0,0
265,CHENNAI,Cuddapah,527,604,0.082,0,0,0
266,CHENNAI,KANNUR,1203,1100,0.01,0.007,0,0
267,CHENNAI,KANPUR,126,95,0,0,0,0
268,CHENNAI,KOCHI,33045,28232,48.87366,25.23448,13.452,6.599
269,CHENNAI,KOLKATA,51775,50233,231.84535999999997,260.17179999999996,8.074,5.479
270,CHENNAI,KOZHIKODE,4250,3854,0.178,0.005,1.938,0
271,CHENNAI,LUCKNOW,4178,4201,30.323,15.547,7.27,1.558
272,CHENNAI,MADURAI,19027,20002,3.25514219,25.84624911,6.101,6.046
273,CHENNAI,MANGALORE,2167,2132,0.013,0.002,0,0.962
274,CHENNAI,MUMBAI,94214,100208,573.48642309,772.7208214099999,30.87161,34.228437
275,CHENNAI,MYSORE,1927,1724,0.014,0,0,0
276,CHENNAI,PATNA,7262,8022,35.05476,8.030149999999999,3.227,0.533
277,CHENNAI,PORT BLAIR,30400,28128,145.35490000000001,145.76366000000002,40.66209,0
278,CHENNAI,PUNE,31039,31237,339.323,173.687,5.009,3.774
279,CHENNAI,RAIPUR,5474,4740,10.337,8.151,1.061,0.793
280,CHENNAI,RAJAHMUNDRY,2152,2221,0.002,0.002,0,0
281,CHENNAI,RANCHI,5540,5724,22.747,2.551,1.499,0.714
282,CHENNAI,SALEM,1667,1755,0.096,0,0,0
283,CHENNAI,SHIRDI,4328,4108,2.251,0.264,0,0
284,CHENNAI,Shivamogga,1057,921,1.79354,5.349,0,0
285,CHENNAI,SURAT,2798,2971,4.048,18.933,0.27,0.3
286,CHENNAI,TIRUCHIRAPALLY,10025,9600,0.662,4.739,0.187,0
287,CHENNAI,TRIVANDRUM,15344,14041,12.031,10.258,6.212,4.218
288,CHENNAI,TUTICORIN,8415,7892,0.29,0.551,0,0
289,CHENNAI,VADODARA,1019,1007,0.293,0,0,0
290,CHENNAI,VARANASI,3779,4278,1.635,14.563,0.417,0.175
291,CHENNAI,VIJAYAWADA,3643,3974,0.924,0,0,0
292,CHENNAI,VISAKHAPATNAM,15631,14860,26.783,6.039,7.273,2.107
293,CHENNAI,Ayodhya,-,90,-,0,-,0
294,CHENNAI,Ghaziabad,3480,3589,0,0,0,0
295,COIMBATORE,DABOLIM,2080,2178,0.006,0,0,0
296,COIMBATORE,DELHI,16955,19079,192.43734899999998,213.9424338,3.5,3.7651769999999996
297,COIMBATORE,DURGAPUR,43,34,0.152,0,0,0
298,COIMBATORE,GUWAHATI,209,184,0.964,0.954,0.988,0
299,COIMBATORE,HYDERABAD,20531,22257,37.421,25.524,3.117,4.244
300,COIMBATORE,JAIPUR,188,163,0.84,1.071,0,0
301,COIMBATORE,KOCHI,-,189,-,0,-,0
302,COIMBATORE,KOLKATA,-,94,-,1.231,-,0
303,COIMBATORE,LUCKNOW,35,-,0,-,0,-
304,COIMBATORE,MUMBAI,20807,22228,185.923651,187.63558270000001,5.038,6.703602999999999
305,COIMBATORE,NASIK,45,24,0,0,0,0
306,COIMBATORE,PUNE,4609,4645,25.822,21.488,0,0.284
307,COIMBATORE,SHIRDI,83,166,0,0,0,0
308,COOCH BEHAR,KOLKATA,203,213,0,0,0,0
309,DABOLIM,DELHI,56829,60723,100.28862000000001,264.05816849999997,1.5038699999999998,2.3397499999999996
310,DABOLIM,HYDERABAD,20560,21593,31.332,15.446,0.647,4.049
311,DABOLIM,INDORE,7789,8266,1.774,4.818,0.113,0
312,DABOLIM,JAIPUR,4787,5159,1.616,1.551,0.137,0
313,DABOLIM,KOCHI,4569,4408,17.167,12.638,1.166,0
314,DABOLIM,KOLKATA,4789,4831,12.131,9.934,1.01,0.058
315,DABOLIM,LUCKNOW,4930,5443,4.255,3.199,0.39,0.238
316,DABOLIM,MUMBAI,53805,60503,76.8651014,81.0941567,3.897128,13.222020999999994
317,DABOLIM,NASIK,1142,1233,0,0,0,0
318,DABOLIM,PUNE,4129,4221,2.133,0.893,0.005,0
319,DABOLIM,RAIPUR,5331,5451,7.929,0.001,0.683,0.008
320,DABOLIM,SURAT,4647,4754,3.335,21.981,0.148,0.161
321,DARBHANGA,DELHI,12489,12203,2.47525,17.48546,0,0
322,DARBHANGA,HYDERABAD,3940,3888,0,0.396,0,0
323,DARBHANGA,KOLKATA,1138,922,0,0.001,0,0
324,DARBHANGA,MUMBAI,9554,9498,0.81896,33.19674,0,0
325,DehraDun,DELHI,20741,21636,3.409,7.143,10.619,24.213
326,DehraDun,GUWAHATI,164,14,0.032,0.1,0.099,0.009
327,DehraDun,HYDERABAD,4600,4568,2.876,3.261,0.35,2.38
328,DehraDun,INDORE,255,307,0,0,0,0
329,DehraDun,JAIPUR,3206,2945,0,0.012,0,0
330,DehraDun,KOLKATA,2675,2386,4.71,0.117,0.164,0
331,DehraDun,KULLU,183,97,0,0,0,0
332,DehraDun,LUCKNOW,3131,3065,0.009,0.256,0.551,1.344
333,DehraDun,MUMBAI,12946,12142,3.001,7.6,1.032,2.803
334,DehraDun,PUNE,4325,3901,1.791,4.321,0.41,0.306
335,DELHI,Deoghar ,8350,7506,0.386,0,0,0
336,DELHI,DHARAMSALA,5663,4751,0.214,0,0,0
337,DELHI,DIBRUGARH,8907,7750,28.511,3.809,4.052,2.496
338,DELHI,DIMAPUR,5324,4717,10.119,13.623,4.559,8.932
339,DELHI,DURGAPUR,5184,4655,22.67,22.785,0,0
340,DELHI,GAYA,8231,8692,0.069,0,0,0
341,DELHI,Goa,54060,49985,166.389706,72.97766999999999,1.6600000000000001,0
342,DELHI,GORAKHPUR,19867,19828,84.05485999999999,55.31409,8.382,0.4211
343,DELHI,GUWAHATI,72466,62921,809.3548651,199.83105999999998,21.727746,10.175320000000001
344,DELHI,GWALIOR,3141,3362,0.485,0,0,0
345,DELHI,HUBLI,5161,4101,7.162,3.593,0.181,0.44
346,DELHI,HYDERABAD,133107,120788,1533.2540630600001,1045.3135737,32.388095,17.647
347,DELHI,IMPHAL,15382,13613,83.75800000000001,189.621,9.21,8.205
348,DELHI,INDORE,45284,43361,303.20834734999994,212.31466318000003,11.708400000000001,6.2916799999999995
349,DELHI,Itanagar,5017,4214,1.111,0.049,0,0
350,DELHI,JABALPUR,8863,7857,1.385,2.171,7.731,0
351,DELHI,JAGDALPUR,364,444,0,0,0,0
352,DELHI,JAIPUR,27798,27545,43.787588,101.09505000000001,16.362629000000002,7.924
353,DELHI,JAISALMER,13200,12969,0.143,0,0,0
354,DELHI,JAMMU,23180,21759,61.98788999999999,12.7725,4.209,0
355,DELHI,JHARSUGUDA,5084,4472,0.144,0,0,0
356,DELHI,JODHPUR,17997,17575,14.2075,0.349,24.75066,12.119
357,DELHI,JORHAT,3119,2769,0.121,0.066,0,0
358,DELHI,KANNUR,4018,3108,0.891,0.329,0.108,0
359,DELHI,KANPUR,3595,4202,1.146,0,12.123,0
360,DELHI,KHAJURAHO,2786,2771,0.127,0,0,0
361,DELHI,KOCHI,41323,38868,429.663412,350.98116749999997,18.591064999999993,13.702145999999999
362,DELHI,KOLKATA,128356,124376,1752.5534864,2183.6451100599998,51.450621000000005,32.761573
363,DELHI,KOZHIKODE,6330,5258,9.367,1.355,1.378,0
364,DELHI,KULLU,584,323,0,0,0,0
365,DELHI,LEH,21368,23948,140.6097534,23.99736,33.141892,21.076
366,DELHI,LUCKNOW,58453,60176,234.0851085,90.040546,52.880029,19.014905999999996
367,DELHI,MADURAI,6047,5219,19.736,79.038,1.213,1.733
368,DELHI,MANGALORE,15575,13328,10.819,4.748,0,47.99
369,DELHI,MUMBAI,304512,275378,6245.2610004,3390.7514439999995,43.91040000000001,106.15976899999998
370,DELHI,NAGPUR,34076,26310,218.9211375,68.4205,12.160899999999998,16.776
371,DELHI,NASIK,9962,8311,31.938,3.194,0.721,0.429
372,DELHI,PANTNAGAR,2042,1898,0.113,0,0,0
373,DELHI,PATNA,59943,59757,407.2956372,62.42225,39.846902,17.211031999999996
374,DELHI,PITHORAGARH,451,298,0,0,0,0
375,DELHI,PORT BLAIR,14940,12446,54.799675199999996,23.059,0.853,0.00568
376,DELHI,PUNE,119639,114344,1495.2960054999999,1435.1294705999999,18.11369,2.5312899999999994
377,DELHI,RAIPUR,37610,35782,282.79192609999996,22.005,20.8058,6.709
378,DELHI,RAJAHMUNDRY,4473,2826,3.421,0.086,0,0
379,DELHI,Rajkot,18789,16930,35.759,45.863,8.65555,0.767
380,DELHI,RANCHI,38806,36862,506.326,64.69400000000002,9.478,5.288
381,DELHI,REWA,680,730,0,0,0,0
382,DELHI,SHILLONG,687,578,0.0335,0,0,0
383,DELHI,SHIRDI,5241,4712,0.872,1.909,0,0
384,DELHI,SILCHAR,180,217,0,0,0,0
385,DELHI,SRINAGAR,72405,73157,364.63832360000004,407.216738,7.83773,49.788
386,DELHI,SURAT,26547,21371,52.865,85.038,3.677,3.868
387,DELHI,TIRUCHIRAPALLY,4659,3690,7.223,0.09,0.005,0
388,DELHI,TIRUPATI,5061,3854,30.169,8.937,0.81,0.304
389,DELHI,TRIVANDRUM,19497,18525,120.04752540000001,31.203000000000003,7.7629680000000025,8.900979999999997
390,DELHI,UDAIPUR,48977,45565,53.14057,12.536529999999999,0.9188999999999999,0
391,DELHI,VADODARA,26825,22529,81.5745,0,6.875210000000001,0
392,DELHI,VARANASI,40768,43758,208.2723992,58.609970000000004,14.63133,2.927
393,DELHI,VIJAYAWADA,13136,10838,62.323499999999996,7.7455,10.444088,0.6529999999999999
394,DELHI,VISAKHAPATNAM,21163,19203,117.391279,4.8795,6.4551099999999995,1.918
395,DELHI,Ayodhya,16803,17720,0.625,0.34439999999999993,0,0
396,DELHI,Purnea,4390,4290,0.396,0,0,0
397,Deoghar ,KOLKATA,840,703,0,0.004,0,0
398,Deoghar ,MUMBAI,2316,2084,0,0.211,0,0
399,DHARAMSALA,JAIPUR,20,50,0,0,0,0
400,DHARAMSALA,LUCKNOW,86,-,0,-,0,-
401,DIBRUGARH,GUWAHATI,10335,11145,4.036,4.37,3.251,6.033
402,DIBRUGARH,KOLKATA,8741,9746,19.973,24.387,1.852,3.635
403,DIMAPUR,GUWAHATI,6547,7838,8.761999999999999,9.231,0.07,0.25
404,DIMAPUR,IMPHAL,624,597,0,0,0,0
405,DIMAPUR,KOLKATA,4328,5019,18.64,15.089,6.281,2.715
406,DIU,Goa,489,452,0,0,0,0
407,DIU,KESHOD,21,15,0,0,0,0
408,DIU,MUMBAI,1414,1422,0,0,0,0
409,DIU,SURAT,1902,1816,0,0,0,0
410,DURGAPUR,HYDERABAD,5069,4730,5.931,0.712,0,0
411,DURGAPUR,MUMBAI,2490,2491,0,0.407,0,0
412,DURGAPUR,VARANASI,306,406,0,0,0,0
413,GAYA,KOLKATA,3283,2017,0,0.733,0,0
414,Goa,HYDERABAD,38102,38867,24.201999999999998,12.804,0.011,0.003
415,Goa,JAIPUR,4369,5031,1.601,25.9,0,0.12
416,Goa,JALGAON,1883,1854,0,0,0,0
417,Goa,KOLKATA,5209,5123,22.432,2.586,0.036,0
418,Goa,MUMBAI,36537,42727,47.77513,41.677859999999995,0.777,0
419,Goa,NAGPUR,5697,6406,0.178,0.093,0,0
420,Goa,PUNE,18319,19595,78.46019,20.23919,0.6709999999999999,0
421,Goa,Rajkot,3879,3836,0,0.188,0,0
422,Goa,Shivamogga,1643,1632,0,0,0,0
423,Goa,SHOLAPUR,888,968,0,0,0,0
424,Goa,SURAT,621,713,0,2.892,0,0.011
425,Goa,UDAIPUR,97,-,0.4,-,0,-
426,Goa,VADODARA,3660,3907,0.113,0,0,0
427,Gondia ,HYDERABAD,1144,983,0,0.132,0,0
428,Gondia ,INDORE,467,652,0,0,0,0
429,GORAKHPUR,HYDERABAD,5990,5337,0,1.219,0,1.017
430,GORAKHPUR,KOLKATA,2076,1824,0,0,0,0
431,GORAKHPUR,MUMBAI,8935,8417,0,10.6999,0,0.79
432,GORAKHPUR,PUNE,-,49,-,0,-,0
433,GUWAHATI,HYDERABAD,19566,20718,58.272,57.923,2.081,4.905
434,GUWAHATI,IMPHAL,18362,16191,80.428,64.854,6.215,5.585
435,GUWAHATI,Itanagar,92,49,0,0,0,0
436,GUWAHATI,JAIPUR,9315,10784,2.493,14.095,0.587,0.427
437,GUWAHATI,KOLKATA,42902,44314,244.34813999999997,484.58996,5.257,13.642
438,GUWAHATI,LUCKNOW,3662,4448,1.407,8.239,2.841,1.203
439,GUWAHATI,MUMBAI,16645,17570,62.89565999999999,123.67376999999999,5.47241,10.27698
440,GUWAHATI,PASIGHAT,520,546,0,0,0,0
441,GUWAHATI,PUNE,2570,2711,3.505,8.557,0.455,0.201
442,GUWAHATI,RUPSI,244,247,0,0,0,0
443,GUWAHATI,SHILLONG,-,3,-,0,-,0
444,GUWAHATI,SILCHAR,4956,5488,23.267,0,11.099,0
445,GUWAHATI,TEZU,878,709,0,0,0,0
446,GUWAHATI,Ziro,14,21,0,0,0,0
447,GWALIOR,MUMBAI,3942,3658,0,0,0,0
448,HISSAR,JAIPUR,74,82,0,0,0,0
449,HISSAR,Ayodhya,118,100,0,0,0,0
450,HUBLI,HYDERABAD,1976,2027,0.091,0.014,0.645,0.006
451,HUBLI,MUMBAI,4324,4738,0.652,1.695,1.184,1.471
452,HUBLI,PUNE,1189,1221,0,0,0,0.186
453,HYDERABAD,INDORE,13214,14009,49.65,15.203,5.342,2.722
454,HYDERABAD,JABALPUR,1917,1906,0.03,0,0.154,0
455,HYDERABAD,JAGDALPUR,1849,1716,0.123,0,0,0
456,HYDERABAD,JAIPUR,23697,26168,46.912,203.31599999999997,4.269,1.374
457,HYDERABAD,JALGAON,1864,1838,0,0,0,0
458,HYDERABAD,JAMMU,1521,1344,0.301,0,0.217,0
459,HYDERABAD,JHARSUGUDA,2263,2303,0,0,0,0
460,HYDERABAD,JODHPUR,6533,6566,1.2810000000000001,0.40700000000000003,0.465,0.68
461,HYDERABAD,Cuddapah,2033,2064,0.065,0,0,0
462,HYDERABAD,KANNUR,2216,1875,0.047,0,0.079,0
463,HYDERABAD,KANPUR,1982,2341,0,0.351,0,0
464,HYDERABAD,KOCHI,39191,38811,32.407,27.662,8.266,7.828
465,HYDERABAD,KOLHAPUR,2308,2775,1.725,2.015,0,0
466,HYDERABAD,KOLKATA,36677,35125,133.832,182.277,9.858,10.323
467,HYDERABAD,KOZHIKODE,4590,4342,0.575,0.01,0.785,0
468,HYDERABAD,LUCKNOW,13833,14513,35.53,24.559,6.424,1.831
469,HYDERABAD,MADURAI,10441,9963,5.218,54.682,8.131,1.107
470,HYDERABAD,Malvan,1887,1778,0,0,0,0
471,HYDERABAD,MANGALORE,4434,4497,0.091,0.001,1.495,2.691
472,HYDERABAD,MUMBAI,78038,81119,733.6018040000001,1054.3639905,24.684179,37.17473
473,HYDERABAD,MYSORE,2141,1965,0.107,0,0,0
474,HYDERABAD,NAGPUR,4145,4495,0.416,0.455,0.756,0
475,HYDERABAD,NANDED,1323,1432,0,0,0,0
476,HYDERABAD,NASIK,2558,2815,0.4,0,0.28,0.125
477,HYDERABAD,PATNA,12643,13870,34.047,8.43,8.844,2.431
478,HYDERABAD,PONDICHERRY,2153,2048,0.017,0,0,0
479,HYDERABAD,PORT BLAIR,6121,6378,28.808,6.219,5.016,0
480,HYDERABAD,PUNE,26439,27403,47.365,44.224,4.251,3.489
481,HYDERABAD,RAIPUR,7317,7851,15.407,0.818,8.589,1.226
482,HYDERABAD,RAJAHMUNDRY,11364,10415,0.222,0.149,0,0
483,HYDERABAD,Rajkot,4520,4502,1.892,1.131,0.257,0
484,HYDERABAD,RANCHI,14642,15650,21.658,5.706,2.912,4.062
485,HYDERABAD,SALEM,1124,1043,0,0,0,0
486,HYDERABAD,SHIRDI,8438,7576,0.394,5.247,0,0
487,HYDERABAD,Shivamogga,4157,4140,5.349,1.79354,0,0
488,HYDERABAD,SRINAGAR,5656,5890,1.649,0.515,0.41,0
489,HYDERABAD,SURAT,4551,4455,2.105,42.755,1.278,1.015
490,HYDERABAD,TIRUCHIRAPALLY,4580,4130,2.019,0,6.644,0
491,HYDERABAD,TIRUPATI,28218,29503,20.14890334,10.863800000000001,11.669,2.639
492,HYDERABAD,TRIVANDRUM,9576,9501,4.164,3.933,4.436,2.937
493,HYDERABAD,UDAIPUR,10137,11873,2.199,0.869,0,0
494,HYDERABAD,VADODARA,4428,4728,6.823,0,0.928,0
495,HYDERABAD,VARANASI,24396,31292,24.68352,48.398410000000005,1.965,0.409
496,HYDERABAD,VIJAYAWADA,13509,13296,2.7539999999999996,1.623,5.115,0.648
497,HYDERABAD,VISAKHAPATNAM,38313,35747,31.862000000000002,28.436,11.568,0.105
498,HYDERABAD,Ayodhya,5229,7561,0.192,0,0,0
499,HYDERABAD,Purnea,4612,4775,0.104,0,0,0
500,IMPHAL,JAIPUR,117,152,2.532,0.025,1.08,0
501,IMPHAL,KOLKATA,11584,12744,97.289,47.653,17.953,5.959
502,IMPHAL,SHILLONG,774,829,0.008,0,0,0
503,IMPHAL,TEZU,546,652,0,0,0,0
504,INDORE,JABALPUR,1292,1425,0,0,0,0
505,INDORE,JAIPUR,4635,4599,0.022,0.047,0.452,0
506,INDORE,JAMMU,2104,2193,0,0,0.107,0
507,INDORE,JODHPUR,1065,1308,0.006,0,0,0
508,INDORE,KOLKATA,4418,4387,16.937,11.233,0.675,1.838
509,INDORE,LUCKNOW,2128,2200,0.018,0.04,0.355,0.975
510,INDORE,MUMBAI,30320,30975,115.17955156000001,108.71861012,9.5134,11.80115
511,INDORE,NAGPUR,3482,3296,0.466,0.55,0.548,0
512,INDORE,NASIK,593,506,0,0,0,0
513,INDORE,PUNE,11857,12231,23.773000000000003,53.137,0.739,0.496
514,INDORE,RAIPUR,5925,5537,1.552,0.482,0.59,1.84
515,INDORE,REWA,516,511,0,0,0,0
516,INDORE,UDAIPUR,1088,1057,0,0,0,0
517,INDORE,VISAKHAPATNAM,186,177,0.005,0.025,0,0
518,Itanagar,KOLKATA,2933,3540,0.005,0.57,0,0
519,Itanagar,TEZU,11,15,0,0,0,0
520,Itanagar,Ziro,3,10,0,0,0,0
521,JABALPUR,JAGDALPUR,263,227,0,0,0,0
522,JABALPUR,MUMBAI,4874,4373,4.503,0.531,0,5.384
523,JAIPUR,JAISALMER,2098,2089,0,0,0,0
524,JAIPUR,JODHPUR,1657,1286,0,0,0,0
525,JAIPUR,KOCHI,123,326,0.424,0.098,0,0
526,JAIPUR,KOLKATA,21435,20175,137.713,65.675,1.812,2.807
527,JAIPUR,KULLU,317,153,0,0,0,0
528,JAIPUR,LUCKNOW,2153,2270,0.046,0.011,0,0.782
529,JAIPUR,MUMBAI,57186,56349,324.79624679999995,285.27913579999995,5.463,19.573929000000003
530,JAIPUR,NAGPUR,628,529,0,0.002,0,0
531,JAIPUR,NASIK,144,139,0,0,0,0
532,JAIPUR,PUNE,12157,12602,46.46419,16.1,0,0
533,JAIPUR,SRINAGAR,120,-,0,-,0,-
534,JAIPUR,SURAT,5810,5349,4.892,1.386,0.026,0.284
535,JAIPUR,UDAIPUR,3813,3398,0,0.002,0,0
536,JAISALMER,KOLKATA,112,123,0,0,0,0
537,JAISALMER,MUMBAI,4730,4579,0,0.196,0,0
538,JALGAON,MUMBAI,1070,832,0,0,0,0
539,JALGAON,PUNE,1824,1881,0,0,0,0
540,JAMMU,LEH,2568,3685,0.3025,0.002,0.0038,0
541,JAMMU,MUMBAI,3610,4514,0,8.115,0,1.656
542,JAMMU,SRINAGAR,15645,12949,9.9286,0.2445,0,4.079
543,JAMNAGAR,MUMBAI,4956,5217,1.1545,4.1275,0,0
544,JAMNAGAR,SURAT,1089,1226,0,0,0,0
545,JAMSHEDPUR,KOLKATA,183,156,0,0,0,0
546,JEYPORE,VISAKHAPATNAM,167,149,0,0,0,0
547,JHARSUGUDA,KOLKATA,2123,2083,0,0,0,0
548,JHARSUGUDA,LUCKNOW,927,1215,0,0,0,0
549,JHARSUGUDA,MUMBAI,4514,4408,0,0.142,0,0
550,JODHPUR,MUMBAI,17996,18034,2.666,5.997999999999999,1.92409,7.695369000000001
551,JODHPUR,PUNE,4936,4576,1.654,0.24,0.387,0
552,JORHAT,KOLKATA,5396,6096,2.132,2.883,0,0
553,Cuddapah,VIJAYAWADA,397,329,0,0.323,0,0
554,KANDLA,MUMBAI,1351,1694,0,0,0,0
555,KANNUR,KOCHI,1500,1350,0.004,0.009,0,0
556,KANNUR,MUMBAI,3313,3625,0.014,1.213,0,0.38
557,KANNUR,TRIVANDRUM,2335,2020,0.033,0.12300000000000001,0,0
558,KANPUR,MUMBAI,4874,4356,1.209,7.34,0,1.707
559,KHAJURAHO,MUMBAI,-,23,-,0.4,-,0
560,KHAJURAHO,VARANASI,1404,1370,0,0,0,0
561,KOCHI,KOLKATA,2983,2900,7.103,10.876,1.371,0
562,KOCHI,KOZHIKODE,970,605,0,0,0,0
563,KOCHI,LUCKNOW,170,92,0.019,0.132,0,0.19
564,KOCHI,MUMBAI,50622,54779,122.2985,326.38478,30.471654,17.395656
565,KOCHI,PATNA,181,259,1.09,0,0,0
566,KOCHI,PUNE,9256,10026,17.106,7.719,0,0
567,KOCHI,RAIPUR,218,498,0.177,0,0,0.131
568,KOCHI,SALEM,303,373,0,0,0,0
569,KOCHI,TRIVANDRUM,1759,1964,0,0,0,0
570,KOCHI,VARANASI,274,349,0.09,0.016,0,0
571,KOLHAPUR,MUMBAI,1942,2134,0,0,0,0
572,KOLHAPUR,TIRUPATI,102,336,0,0,0,0
573,KOLKATA,LILABARI,743,907,0,0,0,0
574,KOLKATA,LUCKNOW,8488,9361,36.788,27.474,8.682,1.676
575,KOLKATA,MUMBAI,93389,95733,750.32764,1049.8455035,20.30974,21.79609599999999
576,KOLKATA,NAGPUR,7691,7009,9.977,23.236,0.046,3.646
577,KOLKATA,PATNA,12349,14530,30.376,8.398,21.317,6.457
578,KOLKATA,PORT BLAIR,37972,34440,299.53407000000004,148.24033,22.69428,0
579,KOLKATA,PUNE,17911,19822,65.77904,144.744,5.60094,2.803
580,KOLKATA,RAIPUR,11139,11132,22.493,1.992,3.001,2.01
581,KOLKATA,RANCHI,6562,7074,0.881,0.287,0.356,2.025
582,KOLKATA,RUPSI,251,257,0,0,0,0
583,KOLKATA,SHILLONG,3036,2488,0.025,0,0,0
584,KOLKATA,SILCHAR,9561,9048,50.814,0.199,0.945,0
585,KOLKATA,SRINAGAR,2191,1993,0.294,8.358,0.036,0
586,KOLKATA,SURAT,6157,6267,34.841,67.897,0,0.151
587,KOLKATA,UDAIPUR,35,3,0,0,0,0
588,KOLKATA,VARANASI,9102,9793,4.673,11.514,4.225,0
589,KOLKATA,VISAKHAPATNAM,4552,4627,1.222,2.195,0,0
590,KOLKATA,Ghaziabad,3974,4327,0,0,0,0
591,KOLKATA,Purnea,2789,3378,0.245,0,0,0
592,KOZHIKODE,MUMBAI,6137,7010,0.002,4.2365,0,2.579
593,KURNOOL,VIJAYAWADA,194,265,0,0,0,0
594,KURNOOL,VISAKHAPATNAM,245,226,0,0.226,0,0
595,LEH,SRINAGAR,1162,745,0.015,3.2815,0,1.400968
596,LUCKNOW,MUMBAI,30602,29481,37.9915,140.0445814,3.611,20.954216
597,LUCKNOW,NAGPUR,-,51,-,0,-,0
598,LUCKNOW,PATNA,4078,4159,3.363,0.068,3.244,11.161
599,LUCKNOW,PUNE,10659,9861,47.522,39.347,0.36,0.693
600,LUCKNOW,RAIPUR,3521,3209,2.325,0.339,0.708,0.698
601,LUCKNOW,RANCHI,843,855,2.966,2.346,0.663,0
602,MADURAI,MUMBAI,4535,4931,19.333,6.608,0,5.04
603,Malvan,PUNE,1783,1881,0,0,0,0
604,MANGALORE,MUMBAI,18178,19468,3.872,9.36,59.78,1.359
605,MANGALORE,TRIVANDRUM,1287,941,0,0,0,0
606,MUMBAI,NAGPUR,27671,27318,135.266,98.7315,36.482862999999995,13.001800000000001
607,MUMBAI,NANDED,190,210,0,0,0,0
608,MUMBAI,PATNA,17713,18394,165.75857399999995,32.76237,5.94994,2.92206
609,MUMBAI,PORBANDAR,626,407,0,0,0,0
610,MUMBAI,PORT BLAIR,5235,4934,16.029,1.886,0.993,0
611,MUMBAI,RAIPUR,14344,13886,70.354,35.768,7.006,2.54
612,MUMBAI,RAJAHMUNDRY,2064,1699,0.476,0.142,0,0
613,MUMBAI,Rajkot,23588,22083,12.873999999999999,86.02550000000001,12.102979999999995,1.941
614,MUMBAI,RANCHI,9052,9006,55.199,13.677,2.759,1.397
615,MUMBAI,SHOLAPUR,1435,1435,0,0,0,0
616,MUMBAI,SRINAGAR,9525,10607,28.281,22.884,3.7417,2.146
617,MUMBAI,SURAT,128,50,0,0,0,0
618,MUMBAI,TIRUCHIRAPALLY,2864,2601,0.107,0,0.149,0
619,MUMBAI,TIRUPATI,5126,4755,0.728,0.034,0.586,0.204
620,MUMBAI,TRIVANDRUM,14426,14442,31.0645015,11.9795,4.815929999999999,6.2070799999999995
621,MUMBAI,UDAIPUR,32314,31000,33.72553,14.95257,0,0
622,MUMBAI,VADODARA,13356,13260,20.4325,0,11.87838,0
623,MUMBAI,VARANASI,29240,32156,98.70701690000001,39.942080000000004,7.803339999999999,0.531
624,MUMBAI,VIJAYAWADA,6085,5657,32.2321624,2.0315,7.822603,0.11900000000000002
625,MUMBAI,VISAKHAPATNAM,6396,5748,20.146,8.239,2.44,1.82
626,MUMBAI,Ayodhya,8838,10243,0.813,0,0,0
627,MUMBAI,Ghaziabad,7936,8787,0.40800000000000003,0,0,0
628,MUMBAI,Amravati,225,229,0,0,0,0
629,NAGPUR,PUNE,12209,13399,6.559,37.959,8.214,2.959
630,NANDED,PUNE,1571,1495,0,0,0,0
631,NANDED,Ghaziabad,2615,2184,0,0,0,0
632,PASIGHAT,SHILLONG,126,155,0,0,0,0
633,PATNA,PUNE,5034,4401,0.336,17.108,1.859,0.867
634,PATNA,RANCHI,2974,2163,0.451,0.05,1.092,0
635,PATNA,Ghaziabad,3441,3405,0,0,0,0
636,PONDICHERRY,RAJAHMUNDRY,13,10,0,0,0,0
637,PORT BLAIR,VISAKHAPATNAM,2327,2425,0.344,0.253,0,0
638,PUNE,RAIPUR,5691,5810,10.802000000000001,0.007,0.436,0.597
639,PUNE,Rajkot,2344,2109,0.224,2.499,0,0
640,PUNE,RANCHI,5666,5810,33.955,6.102,0.257,0.334
641,PUNE,SURAT,1987,1899,0.011,0.452,0.215,0.005
642,PUNE,TRIVANDRUM,2544,2404,3.135,1.178,0.111,0
643,PUNE,UDAIPUR,51,-,0,-,0,-
644,PUNE,VADODARA,2772,2730,0.152,0,0.025,0
645,PUNE,VARANASI,6060,6714,0.82398,27.011839999999992,0.022,0
646,RAIPUR,RANCHI,38,-,0,-,0,-
647,RAIPUR,VISAKHAPATNAM,1778,1914,0.054,0.063,0,0
648,RAJAHMUNDRY,TIRUPATI,535,356,0,0,0,0
649,Shivamogga,TIRUPATI,1742,1975,0,0,0,0
650,TIRUCHIRAPALLY,TRIVANDRUM,2626,835,0.088,0.405,0,0
651,TIRUPATI,VIJAYAWADA,1380,1733,0.208,0,4.51,0
652,TIRUPATI,VISAKHAPATNAM,1990,2080,0.046,0.014,0,0.178
653,TRIVANDRUM,VISAKHAPATNAM,4,-,0,-,0,-
654,VARANASI,VISAKHAPATNAM,442,291,0.163,0,0,0
655,VARANASI,Ghaziabad,1650,1628,0,0,0,0
656,VIJAYAWADA,VISAKHAPATNAM,6353,4700,0.016,0.33,0,0.517
657,MUMBAI,BENGALURU,2029,1569,0,0.479,0,0
658,MUMBAI,DELHI,3624,3674,0,2.058,0,0
659,MUMBAI,Goa,3274,3079,0,0,0,0
660,MUMBAI,KOCHI,2060,1773,0,0,0,0
661,MUMBAI,AHMEDABAD,1297,1336,0,0,0,0
662,MUMBAI,NAGPUR,975,1091,0,0.01,0,0
663,MUMBAI,VADODARA,117,327,0,0,0,0
664,MUMBAI,COIMBATORE,349,539,0,0,0,0
665,MUMBAI,JAIPUR,945,1056,0,0,0,0
666,MUMBAI,MANGALORE,1082,1140,0,0,0,0
667,MUMBAI,CHENNAI,288,287,0,0,0,0
668,MUMBAI,LUCKNOW,945,1242,0,0.14,0,0
669,MUMBAI,HYDERABAD,1084,1143,0,0,0,0
SUB TOTAL,,,7168159,7138324,42074.00763819003,37419.37003852,1841.0313189999997,1683.2579820000003
TOTAL,,,14306483,,79493.37767671002,,3524.289301,
