"City Pair wise  Passenger, Freight & Mail Traffic Statistics For July 2025 (Provisional)
( Scheduled Domestic Services )",Unnamed: 1,Unnamed: 2,Unnamed: 3,Unnamed: 4,Unnamed: 5,Unnamed: 6,Unnamed: 7,Unnamed: 8
"Passengers ( In Number ), Freight ( In Tonne ), Mail ( In  Tonne )",,,,,,,,
S.No.,CITY 1,CITY 2,"PASSENGERS 
TO CITY 2","PASSENGERS 
FROM CITY 2","FREIGHT 
TO CITY 2","FREIGHT 
FROM CITY 2","MAIL 
TO CITY 2","MAIL 
FROM CITY 2"
1,ADAMPUR,MUMBAI,2374,2109,0,0.405,0,0
2,ADAMPUR,HINDON AIRPORT,1482,1477,0,0,0,0
3,AGARTALA,BENGALURU,4168,3077,7.351,10.209,0,0.287
4,AGARTALA,CHENNAI,366,185,0.033,0.104,0,0
5,AGARTALA,DELHI,5938,4998,1.338,30.694,1.669,1.464
6,AGARTALA,DIBRUGARH,489,800,0.287,0.054,0,0
7,AGARTALA,GUWAHATI,14600,16210,1.504,68.94,2.643,3.1634
8,AGARTALA,HYDERABAD,2879,2631,0.123,2.09,0,0
9,AGARTALA,IMPHAL,1530,1727,2.058,9.148,0,0
10,AGARTALA,JAIPUR,44,32,0,0,0,0
11,AGARTALA,KOLKATA,36643,31420,19.185,263.53085000000004,2.031,1.12
12,AGATTI ISLAND,BENGALURU,137,63,0,0.05,0,0
13,AGATTI ISLAND,Goa,994,1117,0,0,0,0
14,AGATTI ISLAND,KOCHI,1000,1274,0,0.034,0,0
15,AGRA,AHMEDABAD,1626,1464,0.857,0.161,0,0
16,AGRA,BENGALURU,2594,2743,0.362,2.465,0,0
17,AGRA,HYDERABAD,2018,2006,0.119,4.07,0,0
18,AGRA,MUMBAI,2135,2131,0.173,0.373,0,0
19,AHMEDABAD,Kishangarh,839,1357,0.064,0,0,0
20,AHMEDABAD,AMRITSAR,1999,2720,1.003,2.724,0,0
21,AHMEDABAD,BAGDOGRA,3063,5335,4.524,32.31956,0,0.049
22,AHMEDABAD,BELGAUM,628,651,0,0,0,0
23,AHMEDABAD,BENGALURU,42491,43335,461.66965000000005,286.50939,0.29500000000000004,9.5975
24,AHMEDABAD,BHOPAL,2300,2171,0.252,0,0.212,1.053
25,AHMEDABAD,BHUBANESWAR,4076,4595,21.328,3.03,0.03,1.503
26,AHMEDABAD,CHANDIGARH,6811,5888,24.043,16.755,1.167,0.692
27,AHMEDABAD,CHENNAI,15499,14953,186.997,177.96,1.348,7.319
28,AHMEDABAD,DABOLIM,7170,6941,4.774,8.092,0,0.19
29,AHMEDABAD,DehraDun,4071,4747,7.494,0.504,0,0.022
30,AHMEDABAD,DELHI,81739,89643,1670.6390240000005,1650.5931170999997,12.752939999999997,19.5274
31,AHMEDABAD,DIMAPUR,226,179,0.314,4.625,0.032,0
32,AHMEDABAD,DIU,2283,2101,0.037,0,0,0
33,AHMEDABAD,DURGAPUR,203,147,0.023,16.928,0,0
34,AHMEDABAD,Goa,13137,13262,17.028401,12.7915,0.17,0
35,AHMEDABAD,GUWAHATI,3740,4627,38.537,22.63,0.735,0.554
36,AHMEDABAD,HYDERABAD,21296,21166,194.486,106.786,0.211,4.743
37,AHMEDABAD,INDORE,3882,4021,0.076,0.061,0.215,0
38,AHMEDABAD,JAIPUR,6250,6115,0.381,5.992,0.107,0
39,AHMEDABAD,JAMMU,2282,1937,2.436,0.254,0,0
40,AHMEDABAD,JODHPUR,1179,1177,0,0,0.058,0
41,AHMEDABAD,KOCHI,3370,3282,22.956,9.307,0.923,1.151
42,AHMEDABAD,KOLHAPUR,728,630,0,0,0,0
43,AHMEDABAD,KOLKATA,20672,27351,289.29989,151.06581,0.165,3.53789
44,AHMEDABAD,LUCKNOW,8017,8797,44.41,19.9,4.998,1.76
45,AHMEDABAD,MUMBAI,72991,71915,1076.9225490000001,790.3460599999999,22.29054,59.619789999999995
46,AHMEDABAD,NAGPUR,3024,3253,0.158,0.099,0.153,3.088
47,AHMEDABAD,NANDED,1147,1261,0,0,0,0
48,AHMEDABAD,NASIK,2217,2047,0.013,0,0,0
49,AHMEDABAD,PATNA,5104,5214,39.416000000000004,2.173,1.88,2.13
50,AHMEDABAD,PUNE,25680,27314,125.77364,96.84016,3.201,1.9794
51,AHMEDABAD,RAIPUR,4468,5012,23.924,0.01,0.406,0
52,AHMEDABAD,RANCHI,3767,5753,15.478,0.665,0.004,0.768
53,AHMEDABAD,SRINAGAR,3608,2627,2.768,0.109,0.125,0
54,AHMEDABAD,VARANASI,3974,5939,5.051,5.838,0.001,0
55,AHMEDABAD,Ayodhya International Airport ,2216,2124,0,0,0,0
56,AHMEDABAD,HINDON AIRPORT,1325,1180,0,0,0,0
57,AIZAWL,BENGALURU,167,142,6.534,2.523,0,0
58,AIZAWL,DELHI,4687,4094,14.94,31.465,0.003,2.237
59,AIZAWL,GUWAHATI,6083,5816,10.298,41.671,2.926,5.18
60,AIZAWL,IMPHAL,453,329,0,0,0,0
61,AIZAWL,KOLKATA,5497,4898,13.21,27.4,12.248,10.393
62,AIZAWL,SHILLONG,294,183,0,0,0,0
63,Kishangarh,LUCKNOW,525,762,0,0,0,0
64,Kishangarh,NAGPUR,1043,1311,0,0,0,0
65,Kishangarh,PUNE,1118,1462,0,0,0,0
66,Kishangarh,HINDON AIRPORT,548,501,0,0,0,0
67,PRAYAGRAJ,BENGALURU,2700,2604,0.002,0.597,0.905,0.588
68,PRAYAGRAJ,BHUBANESWAR,756,857,0,0.001,0,0
69,PRAYAGRAJ,BILASPUR,340,425,0,0,0,0
70,PRAYAGRAJ,DELHI,4884,5398,0.247,1.273,0,26.047
71,PRAYAGRAJ,HYDERABAD,2080,2129,0,0.394,0.765,0
72,PRAYAGRAJ,INDORE,121,71,0,0,0,0
73,PRAYAGRAJ,MUMBAI,9016,8479,0.003,1.2389999999999999,0.981,2.62
74,PRAYAGRAJ,RAIPUR,329,323,0,0,0,0
75,PRAYAGRAJ,Ayodhya International Airport ,-,139,-,0,-,0
76,AMRITSAR,BENGALURU,4428,4348,5.736,2.365,0,2.615
77,AMRITSAR,DELHI,33295,35592,50.7955,31.089999999999996,0,0.129
78,AMRITSAR,GUWAHATI,257,278,0,0,0,0
79,AMRITSAR,HYDERABAD,2709,3355,5.727,5.176,0,0.816
80,AMRITSAR,KOCHI,326,438,0.188,0.016,0,0
81,AMRITSAR,KOLKATA,1442,1572,1.449,0.627,0,0
82,AMRITSAR,KULLU,148,118,0,0,0,0
83,AMRITSAR,MUMBAI,10677,10942,14.129,19.024,0,1.5044899999999999
84,AMRITSAR,PUNE,3002,3620,3.261,0.467,0,0.055
85,AMRITSAR,SIMLA,109,69,0,0,0,0
86,AMRITSAR,SRINAGAR,7670,6992,6.88,0.23,0.024,0.856
87,AURANGABAD,BENGALURU,1942,1868,0,0.623,0,0.827
88,AURANGABAD,COIMBATORE,64,42,0,0,0,0
89,AURANGABAD,DABOLIM,609,452,0,0,0,0
90,AURANGABAD,DELHI,8621,10299,0,104.2065,0.0060999999999999995,5.4086
91,AURANGABAD,HYDERABAD,2040,2199,0,0.386,0,0.065
92,AURANGABAD,LUCKNOW,143,-,0,-,0,-
93,AURANGABAD,MUMBAI,9727,9574,0,7.414,0,20.324
94,BAGDOGRA,BENGALURU,28508,24107,54.93701,324.17325,0,4.7066099999999995
95,BAGDOGRA,BHUBANESWAR,586,434,0,0.001,0,0
96,BAGDOGRA,CHENNAI,3348,3359,3.495,7.191,0.32,0.895
97,BAGDOGRA,DELHI,39205,34643,106.69400899999998,198.209094,0.4522,6.333
98,BAGDOGRA,DIBRUGARH,110,52,0,0,0,0
99,BAGDOGRA,DURGAPUR,278,236,0,0.001,0,0
100,BAGDOGRA,GUWAHATI,1103,4892,0.77796,49.781819999999996,0,0.28108
101,BAGDOGRA,HYDERABAD,10214,9561,18.629,18.631,0.565,0.041
102,BAGDOGRA,KOLKATA,19889,17305,25.198710000000002,44.46755,6.952,8.114
103,BAGDOGRA,LEH,-,20,-,0,-,0
104,BAGDOGRA,MUMBAI,15991,14130,36.6669,102.57597,0.81,1.4065
105,BAGDOGRA,PATNA,35,34,0,0,0,0
106,BAREILLY,BENGALURU,2284,2284,0,0.01,0,0
107,BAREILLY,MUMBAI,2875,2590,0,0.019,0,0
108,BELGAUM,BENGALURU,2747,2988,0.104,0.046,0,0
109,BELGAUM,DABOLIM,148,-,0,-,0,-
110,BELGAUM,DELHI,2059,1765,0.149,0.497,0,0
111,BELGAUM,HYDERABAD,1795,1837,0,0.024,0,0
112,BELGAUM,JAIPUR,597,556,0,0,0,0
113,BELGAUM,KOLKATA,-,6,-,0,-,0
114,BELGAUM,MUMBAI,1341,1316,0,0,0,0
115,BENGALURU,BHOPAL,8883,8419,23.191,12.898,10.255,2.441
116,BENGALURU,BHUBANESWAR,27392,30327,130.181,40.19571,12.949169999999999,0
117,BENGALURU,BIDAR ,1110,1174,0,0,0,0
118,BENGALURU,CHANDIGARH,16444,15593,134.0048967999999,173.478,10.197,1.3410000000000002
119,BENGALURU,CHENNAI,63815,64281,607.9929859000001,664.095,23.13,33.90753
120,BENGALURU,COIMBATORE,18928,17707,31.023,40.413,0,2.416
121,BENGALURU,DABOLIM,30792,31512,55.831,44.590999999999994,1.319,0.792
122,BENGALURU,DARBHANGA,751,654,0.221,0,0,0
123,BENGALURU,DehraDun,8011,7824,10.5,8.875,4.343,0.887
124,BENGALURU,DELHI,192671,188732,4789.235373599999,4391.7880943,24.449,32.6788
125,BENGALURU,Deoghar ,4181,5396,0.001,0,0,0
126,BENGALURU,DIBRUGARH,325,446,0.412,0.149,0,0
127,BENGALURU,DURGAPUR,2937,3510,30.403,4.988,0,0
128,BENGALURU,Goa,16054,15809,9.029,64.458,0,0
129,BENGALURU,GORAKHPUR,10793,11681,30.84349,27.053,1.0483,0
130,BENGALURU,GUWAHATI,31229,28357,375.26351999999997,35.57566,11.049679999999999,1.7716699999999999
131,BENGALURU,GWALIOR,3335,2958,0,0,0,0
132,BENGALURU,HUBLI,4070,4054,0.374,0.856,0.132,1.809
133,BENGALURU,HYDERABAD,103027,105584,650.2277234,201.82395400000001,28.191,22.6535
134,BENGALURU,IMPHAL,636,528,5.001,33.145,0,0
135,BENGALURU,INDORE,22294,23803,112.378,52.422,6.233,1.374
136,BENGALURU,JABALPUR,3782,3974,1.057,0,0,0
137,BENGALURU,JAIPUR,26484,26183,70.992,139.255,13.589,2.073
138,BENGALURU,JAMMU,2135,2060,0.861,0,0.166,0
139,BENGALURU,JHARSUGUDA,2681,2909,0.005,0,0,0
140,BENGALURU,JODHPUR,3216,3206,1.328,0.011,3.939,0.923
141,BENGALURU,KALABURAGI,1128,980,0,0,0,0
142,BENGALURU,KANNUR,5026,3992,0.29,0.029,0.318,0
143,BENGALURU,KANPUR,2374,2418,0.201,0.635,0,0
144,BENGALURU,KOCHI,53765,53903,230.00485999999995,77.3206,17.14109,10.661
145,BENGALURU,KOLHAPUR,2447,2336,0.033,0.143,0,0
146,BENGALURU,KOLKATA,84261,90104,1248.16772,633.85317,19.935699999999997,7.93135
147,BENGALURU,KOZHIKODE,12570,10906,4.505,0.29,3.981,0
148,BENGALURU,KURNOOL,221,183,0.058,0,0,0
149,BENGALURU,LUCKNOW,26276,29869,180.8127,76.30649999999999,17.84572,7.83
150,BENGALURU,MADURAI,8577,8267,0.376,4.082,1.975,1.035
151,BENGALURU,Malvan,765,658,0,0,0,0
152,BENGALURU,MANGALORE,32714,29737,10.002999999999998,5.68,1.706,150.732
153,BENGALURU,MUMBAI,162822,170553,1694.7996981999997,1738.9062204999996,13.92564,35.97797
154,BENGALURU,NAGPUR,16102,16139,69.196,28.099,5.17,3.864
155,BENGALURU,NANDED,1750,1863,0,0,0,0
156,BENGALURU,NASIK,4712,4987,0.726,0,0.755,0.155
157,BENGALURU,PATNA,23599,26997,202.563,20.867,16.497,4.129
158,BENGALURU,PONDICHERRY,2203,2116,0.2,0,0,0
159,BENGALURU,PORT BLAIR,2984,2413,29.732,23.185,0,0
160,BENGALURU,PUNE,77912,79002,357.89973,325.52801999999997,15.75403,3.651
161,BENGALURU,RAIPUR,10743,10750,42.485,0.136,7.977,0
162,BENGALURU,RAJAHMUNDRY,3774,3600,0.149,0,0,0
163,BENGALURU,Rajkot International Airport,3650,3173,5.965,1.516,1.992,0
164,BENGALURU,RANCHI,15940,17141,538.66,12.104300000000002,8.303,1.316
165,BENGALURU,SALEM,1384,1492,0.044,0,0,0
166,BENGALURU,SHIRDI,6226,6130,0.809,0,0,0
167,BENGALURU,Shivamogga Airport,749,666,0.076,0,0,0
168,BENGALURU,SRINAGAR,1915,2173,3.928,13.997,1.602,0.105
169,BENGALURU,SURAT,12983,11829,30.426,106.701,1.845,1.265
170,BENGALURU,TIRUCHIRAPALLY,8891,8773,0.06,0.11599999999999999,1.385,0
171,BENGALURU,TIRUPATI,3976,3630,0.478,0.001,0.77,0
172,BENGALURU,TRIVANDRUM,28361,27910,31.994,7.937,10.201,5.185
173,BENGALURU,TUTICORIN,2131,1993,0.022,0.003,0,0
174,BENGALURU,UDAIPUR,2464,2245,2.598,0,0,0
175,BENGALURU,VADODARA,2995,2912,8.112,0,2.936,0
176,BENGALURU,VARANASI,26196,26748,104.13300000000001,139.20226,6.81406,0.24200000000000002
177,BENGALURU,VIDYANAGAR,255,326,0,0,0,0
178,BENGALURU,VIJAYAWADA,10440,10782,1.9609999999999999,0.207,3.857,0.325
179,BENGALURU,VISAKHAPATNAM,19572,20517,97.36099999999999,22.024,8.847,0.854
180,BENGALURU,Ayodhya International Airport ,8666,9858,0.014,0,0,0
181,BENGALURU,HINDON AIRPORT,12139,12429,0.005,0,0,0
182,BHATINDA,DELHI,648,755,0,0,0,0
183,BHATINDA,HINDON AIRPORT,55,39,0,0,0,0
184,BHOPAL,DELHI,19626,19819,16.234,124.5875,20.961880000000004,29.654799999999998
185,BHOPAL,HYDERABAD,4083,4106,0.003,0.776,0.427,1.726
186,BHOPAL,MUMBAI,15091,15374,26.003500000000003,44.629,5.67403,33.969750000000005
187,BHOPAL,PUNE,3977,4214,0.003,7.769,0,1.641
188,BHOPAL,RAIPUR,891,875,0,0,0.522,0
189,BHOPAL,REWA,116,136,0,0,0,0
190,BHOPAL,DATIA AIRPORT,48,67,0,0,0,0
191,BHUBANESWAR,CHANDIGARH,378,211,0.459,2.824,0,0
192,BHUBANESWAR,CHENNAI,7869,7163,3.808,33.895,2.546,9.646
193,BHUBANESWAR,DABOLIM,1880,1337,0.06,1.692,0,0.003
194,BHUBANESWAR,DehraDun,1234,1352,0.013,0.593,0,0
195,BHUBANESWAR,DELHI,43232,41277,53.62966000000001,473.6159637999999,15.673900000000003,17.825100000000003
196,BHUBANESWAR,DURGAPUR,517,839,0,0,0,0
197,BHUBANESWAR,GUWAHATI,2743,2950,0.975,1.657,0,2.175
198,BHUBANESWAR,HYDERABAD,20943,20923,16.30988,41.26,3.654,8.929
199,BHUBANESWAR,INDORE,2656,2755,0.102,0.447,0,0
200,BHUBANESWAR,Itanagar,-,3,-,0,-,0
201,BHUBANESWAR,JAIPUR,2442,2241,0,10.606,0,0
202,BHUBANESWAR,JAMSHEDPUR,118,127,0,0,0,0
203,BHUBANESWAR,JEYPORE,427,485,0,0,0,0
204,BHUBANESWAR,KOCHI,2912,1783,0.8611300000000001,0.475,0,0.004
205,BHUBANESWAR,KOLKATA,13839,14526,35.644,14.397,0,18.368
206,BHUBANESWAR,LUCKNOW,2041,2575,0.052,1.675,0,1.219
207,BHUBANESWAR,MUMBAI,21183,19253,25.317,77.222,5.68,11.65
208,BHUBANESWAR,PATNA,2063,2211,0.296,0.172,0.689,0.524
209,BHUBANESWAR,PORT BLAIR,3806,2299,7.082,0.006,0,0
210,BHUBANESWAR,PUNE,4735,3754,0.085,5.58,0,0
211,BHUBANESWAR,RAIPUR,1820,1934,0.009,0.006,0,0
212,BHUBANESWAR,RANCHI,1733,1716,0.212,0.006,0,1.03
213,BHUBANESWAR,ROURKELA,249,250,0,0,0,0
214,BHUBANESWAR,Utkela,82,92,0,0,0,0
215,BHUBANESWAR,VARANASI,1113,1071,0,0.002,0,0
216,BHUBANESWAR,VISAKHAPATNAM,1999,1164,0.009,0.003,0,0
217,BHUBANESWAR,HINDON AIRPORT,2713,2557,0,0,0,0
218,BHUJ,DELHI,3293,3563,0,0.0625,0,0
219,BHUJ,MUMBAI,4733,4613,0,0.164,0,0
220,BIKANER,DELHI,1770,1978,0,0.11,0,0
221,BILASPUR,DELHI,412,387,0,0,0,0
222,BILASPUR,JABALPUR,300,215,0,0,0,0
223,BILASPUR,JAGDALPUR,106,112,0,0,0,0
224,BILASPUR,KOLKATA,227,273,0,0,0,0
225,CHANDIGARH,CHENNAI,3350,3547,35.335,22.961,0,1.304
226,CHANDIGARH,DABOLIM,5317,6331,15.277,12.735,0,0.3
227,CHANDIGARH,DELHI,29520,31303,96.6159145,36.01521369999999,9.171999999999999,12.079080000000001
228,CHANDIGARH,DHARAMSALA,813,975,0,0,0,0
229,CHANDIGARH,GUWAHATI,1001,1521,6.22,0.806,0,0
230,CHANDIGARH,HISSAR,51,69,0,0,0,0
231,CHANDIGARH,HYDERABAD,10989,11116,81.743,56.258,0.661,3.16
232,CHANDIGARH,INDORE,2052,2010,22.153,1.3,0.411,0.008
233,CHANDIGARH,JAIPUR,4097,3772,0.005,0.07,0,0
234,CHANDIGARH,JAMMU,1104,704,0,0,0,0
235,CHANDIGARH,KOLKATA,12189,12543,92.1363411999999,169.7389804,0,0.8456699999999999
236,CHANDIGARH,LEH,735,923,0.2,0,0,0
237,CHANDIGARH,LUCKNOW,3102,3483,6.557,0.042,0,4.541
238,CHANDIGARH,MUMBAI,24576,25742,161.60558550000002,166.9526014,3.361,9.40467
239,CHANDIGARH,PATNA,1841,1843,1.763,0,0,0.433
240,CHANDIGARH,PUNE,6180,5878,25.956,26.935,0,0
241,CHANDIGARH,SILCHAR,-,2,-,0,-,0
242,CHANDIGARH,SRINAGAR,11047,10098,1.556,0.543,0,1.037
243,CHANDIGARH,UDAIPUR,-,222,-,0,-,0
244,CHANDIGARH,HINDON AIRPORT,152,-,0,-,0,-
245,CHENNAI,COIMBATORE,37485,36771,25.61,73.219,2.503,12.43
246,CHENNAI,DABOLIM,3357,3195,2.148,2.099,0.532,0.211
247,CHENNAI,DehraDun,619,656,1.206,31.167,0,0.337
248,CHENNAI,DELHI,86050,90771,1501.9142432999997,1248.9017344,58.36742999999999,38.715799999999994
249,CHENNAI,DURGAPUR,2930,4661,1.281,6.557,0,0
250,CHENNAI,Goa,5622,5470,2.681,26.582,0,0.057
251,CHENNAI,GUWAHATI,15641,16527,26.448,33.234,8.349,1.95
252,CHENNAI,HYDERABAD,66897,68320,503.4046400000001,469.71400000000006,14.214,14.337
253,CHENNAI,INDORE,6605,7267,34.003,72.471,2.018,1.467
254,CHENNAI,JAIPUR,6964,6960,42.691,78.465,5.492,1.144
255,CHENNAI,Cuddapah,564,807,0.018,0,0,0
256,CHENNAI,KANNUR,2549,2204,0.392,0.231,0,0
257,CHENNAI,KOCHI,28293,26170,46.76866,21.953,14.931,7.825
258,CHENNAI,KOLKATA,39904,43006,299.48877,198.6468,15.697,3.231
259,CHENNAI,KOZHIKODE,4081,3860,0.78024,0.099,1.588,0
260,CHENNAI,LUCKNOW,3862,4355,40.604,15.901,3.726,3.838
261,CHENNAI,MADURAI,17587,16988,1.217,26.549,17.143230000000003,9.3257
262,CHENNAI,MANGALORE,2471,2555,0.062,8.404,0,6.995
263,CHENNAI,MUMBAI,83196,89033,621.2078225999999,733.7745798999999,45.83221000000001,39.90223
264,CHENNAI,MYSORE,1140,997,0.031,0,0,0
265,CHENNAI,PATNA,7302,8119,22.786,5.845,6.712,2.44
266,CHENNAI,PORT BLAIR,20051,18608,202.03427000000002,145.632,34.28791,9.137
267,CHENNAI,PUNE,32924,32756,250.48946999999998,224.15499,6.186,2.785
268,CHENNAI,RAIPUR,4599,4653,13.669,1.973,1.345,0
269,CHENNAI,RAJAHMUNDRY,962,1105,0,0,0,0
270,CHENNAI,RANCHI,4714,5018,16.391,4.787,3.015,1.941
271,CHENNAI,SALEM,1624,1891,0.026,0,0,0
272,CHENNAI,SHIRDI,6153,6108,0.472,15.74,0,0.222
273,CHENNAI,Shivamogga Airport,726,764,3.1098300000000005,1.242,0,0
274,CHENNAI,SURAT,2891,2883,40.572,12.364,0.053,0.243
275,CHENNAI,TIRUCHIRAPALLY,15905,15531,0.284,0.15,0.12,0
276,CHENNAI,TRIVANDRUM,11565,11181,7.781,1.613,8.027,4.573
277,CHENNAI,TUTICORIN,11535,10655,0.668,0.145,0,0
278,CHENNAI,VARANASI,8619,9665,3.554,16.514,0.595,0
279,CHENNAI,VIJAYAWADA,3802,4164,0.704,0.044,0,0
280,CHENNAI,VISAKHAPATNAM,10404,11490,23.258,21.655,7.017,1.489
281,CHENNAI,HINDON AIRPORT,6171,6364,0,0,0,0
282,COIMBATORE,DABOLIM,2105,2119,0.002,0,0,0
283,COIMBATORE,DELHI,16277,16845,163.69150000000002,200.3454497,2.899,3.808
284,COIMBATORE,GUWAHATI,114,223,4.341,0.036,1.253,0
285,COIMBATORE,HYDERABAD,20729,20286,99.225,47.651,3.605,4.408
286,COIMBATORE,MUMBAI,22765,23976,172.17899999999997,184.87441570000001,5.829,5.555889999999998
287,COIMBATORE,NASIK,40,37,0,0,0,0
288,COIMBATORE,PUNE,5224,4864,5.22,41.454,0,0.243
289,COOCH BEHAR,KOLKATA,184,153,0,0,0,0
290,DABOLIM,DELHI,30248,30161,75.46290570000001,100.7235,2.027,3.4579000000000004
291,DABOLIM,HYDERABAD,25675,25175,23.553,26.877,0.672,0.403
292,DABOLIM,INDORE,3256,3069,1.281,4.413,0.129,0
293,DABOLIM,KOCHI,4458,3336,6.347,0.626,0.748,0
294,DABOLIM,KOLKATA,4982,5017,14.427,19.601,0.79,0.144
295,DABOLIM,MUMBAI,60200,61918,90.8582943,127.6223,5.703029999999998,14.62622
296,DABOLIM,NAGPUR,800,-,0.039,-,0.032,-
297,DABOLIM,NASIK,776,771,0,0,0,0
298,DABOLIM,PUNE,3908,3856,2.075,0.709,0.469,0
299,DABOLIM,RAIPUR,4489,4344,8.588,0.003,0.399,0
300,DABOLIM,SURAT,6334,6070,15.99,11.157,0.154,0.187
301,DABOLIM,VIJAYAWADA,154,-,0,-,0,-
302,DABOLIM,HINDON AIRPORT,5908,6554,0,0,0,0
303,DARBHANGA,DELHI,14496,14146,0,5.7075000000000005,0,0
304,DARBHANGA,HYDERABAD,4462,3627,0,0.222,0,0
305,DARBHANGA,KOLKATA,1913,1707,0,0.009,0,0
306,DARBHANGA,MUMBAI,12053,10083,1.2585,24.96001,0,0
307,DehraDun,DELHI,24873,27827,4.904,13.360800000000001,11.274,25.463
308,DehraDun,GUWAHATI,340,354,0.071,0.001,0,0
309,DehraDun,HYDERABAD,4155,3954,2.669,14.871,0.38,2.787
310,DehraDun,JAIPUR,1446,1377,0,0,0,0
311,DehraDun,KOLKATA,1862,2119,2.413,0.307,0.077,0
312,DehraDun,KULLU,51,54,0,0,0,0
313,DehraDun,LUCKNOW,2753,2852,0.002,0.341,0.756,1.527
314,DehraDun,MUMBAI,11222,10597,1.393,18.331999999999997,0.425,2.32
315,DehraDun,PITHORAGARH,125,159,0,0,0,0
316,DehraDun,PUNE,3102,3107,1.213,1.871,0.186,0.309
317,DELHI,Deoghar ,4597,5262,0.088,0,0,0
318,DELHI,DHARAMSALA,4287,3180,0.324,0,0,0
319,DELHI,DIBRUGARH,10306,11498,75.3942249,14.902999999999999,3.681,2.433
320,DELHI,DIMAPUR,2488,2694,5.875,18.14,2.303,2.614
321,DELHI,DURGAPUR,4044,4077,1.239,15.57,0,0
322,DELHI,GAYA,4294,4399,0.486,0,0,0
323,DELHI,Goa,43376,43706,187.24557099999998,115.31756299999999,0,0.694
324,DELHI,GORAKHPUR,18213,17785,41.0347,21.24349,16.9,0
325,DELHI,GUWAHATI,56398,61882,426.6736317999999,341.53397730000006,6.485,10.41624
326,DELHI,GWALIOR,1906,1751,0.08,0,0,0
327,DELHI,HISSAR,71,61,0,0,0,0
328,DELHI,HUBLI,2694,2129,4.846,4.765,0.483,0.327
329,DELHI,HYDERABAD,120111,118875,1195.0301057,968.3286185000002,26.346199999999996,18.061
330,DELHI,IMPHAL,7295,8244,50.567,136.912,6.289,6.67
331,DELHI,INDORE,46094,44712,306.7887564,133.7555,12.3192,6.933
332,DELHI,Itanagar,2994,3143,0.417,0,0,0
333,DELHI,JABALPUR,5380,5131,0.154,0,0,0
334,DELHI,JAGDALPUR,257,423,0,0,0,0
335,DELHI,JAIPUR,20746,20296,29.12258,52.326,57.833,4
336,DELHI,JAMMU,22857,20902,85.61834,13.766670000000001,6.204,0
337,DELHI,JHARSUGUDA,2830,2928,0.08,0,0,0
338,DELHI,JODHPUR,9595,8492,6.22,0.42200000000000004,25.659,9.455
339,DELHI,KANNUR,2083,1337,0.557,0.17,0,0
340,DELHI,KANPUR,1938,2127,0.169,0.206,5.813,0
341,DELHI,KOCHI,39726,33912,483.90275359999987,204.46974999999998,15.8214,27.981279999999973
342,DELHI,KOLKATA,95199,101606,1659.9968884999996,2387.662473,43.142729999999986,24.44323
343,DELHI,KOZHIKODE,3176,2693,5.254,1.167,1.4,0
344,DELHI,KULLU,158,115,0,0,0,0
345,DELHI,LEH,41905,43953,114.00795,50.07058,12.247100000000005,15.298720000000007
346,DELHI,LUCKNOW,43513,43891,202.5095465999999,93.72749999999999,65.40348,19.163999999999994
347,DELHI,MADURAI,3234,3045,11.979,41.438,1.484,0.402
348,DELHI,MANGALORE,9746,8880,16.525,10.353,0,42.214
349,DELHI,MUMBAI,249657,244021,3688.108665399999,2945.5295667,42.02160000000001,93.64715000000001
350,DELHI,NAGPUR,22972,22876,262.4035,88.85650000000001,13.76,12.241
351,DELHI,NASIK,3000,2837,4.01,1.312,0.547,0.166
352,DELHI,PANTNAGAR,1889,1683,0.046,0,0,0
353,DELHI,PATNA,53528,56850,389.58752200000004,60.97407,67.21841999999998,19.001759999999997
354,DELHI,PITHORAGARH,190,198,0,0,0,0
355,DELHI,PORT BLAIR,3402,2898,21.82253079999999,16.937,1.1194000000000002,0.00619
356,DELHI,PUNE,113912,104653,1377.4278425,1176.6855,12.360899999999997,1.8092800000000002
357,DELHI,RAIPUR,29066,29451,273.936,3.482,21.118000000000002,0.016
358,DELHI,RAJAHMUNDRY,1853,1588,0.367,0.002,0,0
359,DELHI,Rajkot International Airport,10282,9157,29.9585,0,8.047,0
360,DELHI,RANCHI,32596,34652,352.31899999999996,51.433919999999986,11.722,3.647
361,DELHI,SHILLONG,474,475,0.23982,0,0,0
362,DELHI,SHIRDI,4852,4763,15.67,0.883,0.222,0
363,DELHI,SIMLA,377,259,0,0,0,0
364,DELHI,SRINAGAR,66274,70773,378.01640249999997,205.71671700000002,6.9524,26.267
365,DELHI,SURAT,19883,17938,77.322,92.544,5.414,2.749
366,DELHI,TIRUPATI,9348,8606,58.42040199999999,26.8812016,0.828,0
367,DELHI,TRIVANDRUM,18278,15524,53.69,20.984208600000002,7.112700000000001,8.308699999999998
368,DELHI,UDAIPUR,19601,18498,4.1485,0.005,0.4104,0
369,DELHI,VADODARA,21405,19142,104.736,0,9.642999999999999,0
370,DELHI,VARANASI,31190,32898,161.94863339999998,35.95442,18.07301,2.186
371,DELHI,VIJAYAWADA,12058,10291,71.0175,4.452,7.626200000000001,0.6742499999999999
372,DELHI,VISAKHAPATNAM,17939,17280,127.51787639999999,37.754000000000005,7.386499999999999,1.767
373,DELHI,Ayodhya International Airport ,5022,4920,0.029,0,0,0
374,Deoghar ,KOLKATA,1692,1411,0,0.016,0,0
375,Deoghar ,MUMBAI,2194,1887,0,0,0,0
376,DHARAMSALA,JAIPUR,22,38,0,0,0,0
377,DIBRUGARH,GUWAHATI,8626,9452,14.209999999999999,0.852,1.77,6.344
378,DIBRUGARH,HYDERABAD,219,352,0.496,0.262,0,0
379,DIBRUGARH,JORHAT,-,148,-,0,-,0
380,DIBRUGARH,KOLKATA,13284,11762,43.571,31.279999999999998,1.551,4.788
381,DIMAPUR,GUWAHATI,7377,6674,3.884,16.687079999999998,2.205,0.565
382,DIMAPUR,IMPHAL,554,487,0,0,0,0
383,DIMAPUR,KOLKATA,5031,4204,20.306,47.464,4.413,1.369
384,DIU,Goa,762,833,0,0,0,0
385,DIU,MUMBAI,334,437,0,0,0,0
386,DIU,SURAT,1218,1043,0,0,0,0
387,DURGAPUR,GUWAHATI,287,364,0,0,0,0
388,DURGAPUR,HYDERABAD,3357,2926,3.302,5.695,0,0
389,DURGAPUR,MUMBAI,3196,2180,1.169,0.562,0,0
390,GAYA,KOLKATA,3527,3643,0.428,0.081,0,0
391,Goa,HYDERABAD,25299,24152,27.317925,0.468,0,0
392,Goa,INDORE,3289,3736,1.01,1.788,0,0
393,Goa,JAIPUR,4985,4999,0.65,25.411,0,0.057
394,Goa,JALGAON,1382,1297,0,0,0,0
395,Goa,LUCKNOW,3094,2717,5.586,0.159,0,0
396,Goa,Malvan,0,11,0,0,0,0
397,Goa,MUMBAI,26925,29977,58.69483,34.390028,0,0.524
398,Goa,NAGPUR,3750,3656,2.363,0.003,0,0
399,Goa,PUNE,13709,12645,47.911680000000004,3.728,0,0
400,Goa,Rajkot International Airport,2471,2376,0,0,0,0
401,Goa,Shivamogga Airport,653,900,0,0,0,0
402,Goa,SHOLAPUR,623,692,0,0,0,0
403,Goa,VADODARA,1507,1280,0.001,0,0,0
404,Gondia ,HYDERABAD,814,518,0,0.016,0,0
405,GORAKHPUR,HYDERABAD,4775,4618,0,1.844,0,0.736
406,GORAKHPUR,KOLKATA,1241,1264,0,0,0,0
407,GORAKHPUR,MUMBAI,9925,9897,0.349,7.3922,0,3.544
408,GUWAHATI,HYDERABAD,12443,11249,14.126,21.956,0.651,3.378
409,GUWAHATI,IMPHAL,22520,23637,41.395,44.015,4.245,3.889
410,GUWAHATI,Itanagar,202,169,0,0,0,0
411,GUWAHATI,JAIPUR,4999,4552,0.39,7.722,0.186,0.361
412,GUWAHATI,KOLKATA,44470,41982,78.89423000000001,521.7560999999998,8.47,8.141
413,GUWAHATI,LUCKNOW,3622,3516,1.808,3.307,2.018,1.504
414,GUWAHATI,MUMBAI,15796,14610,45.94881,124.34512,3.0727700000000002,14.94716
415,GUWAHATI,PATNA,4782,3760,0.9156199999999999,1.3989,0,0
416,GUWAHATI,PUNE,5503,4433,9.035,20.287,0.921,0.304
417,GUWAHATI,RUPSI,344,414,0,0,0,0
418,GUWAHATI,SILCHAR,5205,5267,28.442,0.003,10.157,0
419,GUWAHATI,TEZU,140,177,0,0,0,0
420,GUWAHATI,Ziro,26,15,0,0,0,0
421,GWALIOR,MUMBAI,4231,4669,0,0.309,0,0
422,HISSAR,Ayodhya International Airport ,263,173,0,0,0,0
423,HUBLI,HYDERABAD,846,820,0,0.001,0.329,0
424,HUBLI,MUMBAI,3935,4587,2.113,0.707,0.982,0.027
425,HUBLI,PUNE,767,866,0.001,0,0.611,0.275
426,HYDERABAD,INDORE,15482,15833,36.678,13.395,5.673,1.087
427,HYDERABAD,JABALPUR,2164,2088,0,0,0,0
428,HYDERABAD,JAGDALPUR,1700,1599,0.084,0,0,0
429,HYDERABAD,JAIPUR,17400,17840,63.418,193.131,4.907,1.799
430,HYDERABAD,JALGAON,1401,1267,0,0,0,0
431,HYDERABAD,JAMMU,1806,2919,1.616,0.103,0.155,0
432,HYDERABAD,JHARSUGUDA,1982,2184,0,0,0,0
433,HYDERABAD,JODHPUR,3452,2987,0.126,0.005,0.106,0.465
434,HYDERABAD,Cuddapah,1822,1962,0.046,0,0,0
435,HYDERABAD,KANNUR,1638,1552,0,0,0,0
436,HYDERABAD,KANPUR,2389,2330,0.309,0.396,0,0
437,HYDERABAD,KOCHI,28608,24588,51.01,37.927,7.19,10.146
438,HYDERABAD,KOLHAPUR,1791,1995,0.3,2.173,0,0
439,HYDERABAD,KOLKATA,41096,48508,146.213,177.625,15.317,4.109
440,HYDERABAD,KOZHIKODE,5990,5602,1.697,0.263,0.012,0
441,HYDERABAD,LUCKNOW,13323,16745,51.236999999999995,79.60499999999999,4.476,0.822
442,HYDERABAD,MADURAI,4568,4561,6.286,37.688,6.291,0.839
443,HYDERABAD,Malvan,866,847,0,0,0,0
444,HYDERABAD,MANGALORE,5228,4872,0.069,0.097,2.34,4.331
445,HYDERABAD,MUMBAI,89098,98332,765.97849,1126.8706531999999,21.659,34.22486999999999
446,HYDERABAD,MYSORE,1764,1657,0.025,0,0,0
447,HYDERABAD,NAGPUR,3834,4031,0.261,0.028,1.57,0
448,HYDERABAD,NANDED,981,996,0,0,0,0
449,HYDERABAD,NASIK,2090,1918,0.024,0,0.892,0.089
450,HYDERABAD,PATNA,16457,20485,65.223,6.649,8.531,1.567
451,HYDERABAD,PONDICHERRY,2186,1903,0.089,0,0,0
452,HYDERABAD,PUNE,31373,31282,43.461,73.024,5.263,3.408
453,HYDERABAD,RAIPUR,7815,8960,13.661,0.011,7.53,0
454,HYDERABAD,RAJAHMUNDRY,11845,11443,0.513,0.325,0,0
455,HYDERABAD,Rajkot International Airport,2187,2217,6.063,0,0,0
456,HYDERABAD,RANCHI,11342,14071,21.404,2.678,1.389,3.455
457,HYDERABAD,SALEM,830,894,0,0,0,0
458,HYDERABAD,SHIRDI,8720,9426,0.389,2.79,0,0
459,HYDERABAD,Shivamogga Airport,3191,2934,1.557,2.55976,0,0
460,HYDERABAD,SRINAGAR,4173,4533,2.794,2.891,0.151,0
461,HYDERABAD,SURAT,5131,4789,9.979,63.083,1.359,0.647
462,HYDERABAD,TIRUCHIRAPALLY,6595,6056,2.208,0.18,6.709,0
463,HYDERABAD,TIRUPATI,34816,34075,10.2155,13.219,9.489,2.236
464,HYDERABAD,TRIVANDRUM,9920,9954,4.497999999999999,4.3549999999999995,3.268,2.919
465,HYDERABAD,UDAIPUR,3388,3561,0.66,0.038,0,0
466,HYDERABAD,VADODARA,3432,3426,16.462,0,1.118,0
467,HYDERABAD,VARANASI,20438,21515,4.175,36.579,1.812,0.37
468,HYDERABAD,VIJAYAWADA,14887,14499,2.077,1.655,4.787,0.65
469,HYDERABAD,VISAKHAPATNAM,41340,40737,38.66,70.964,12.373,0
470,HYDERABAD,Ayodhya International Airport ,1992,2404,0,0,0,0
471,IMPHAL,KOLKATA,16623,13892,36.088,70.08062000000001,13.196,3.975
472,IMPHAL,MUMBAI,114,132,20.829,0.251,0,0
473,IMPHAL,SHILLONG,675,484,0,0,0,0
474,IMPHAL,SILCHAR,267,269,0,0,0,0
475,INDORE,JABALPUR,1193,2147,0.032,0,0,0
476,INDORE,JAIPUR,2380,2503,0.051,0.027,0,0
477,INDORE,JODHPUR,1847,1869,0,0,0,0
478,INDORE,KOLKATA,4722,5105,39.466,22.234,1.523,1.12
479,INDORE,LUCKNOW,2166,2083,0.019,0.055,0,1.148
480,INDORE,MUMBAI,26888,26829,114.727,102.037,8.518550000000001,17.76819
481,INDORE,NAGPUR,3168,3123,0.198,0.129,0,0
482,INDORE,NASIK,701,690,0,0,0,0
483,INDORE,PUNE,12983,12469,5.619,25.073999999999998,0.766,0.499
484,INDORE,RAIPUR,5178,5075,1.911,0,0.686,0
485,INDORE,UDAIPUR,1206,1279,0.012,0,0,0
486,INDORE,VISAKHAPATNAM,70,168,0,0.001,0,0
487,INDORE,HINDON AIRPORT,1283,1359,0,0,0,0
488,Itanagar,KOLKATA,4652,4388,0,0.305,0,0
489,Itanagar,TEZU,24,25,0,0,0,0
490,Itanagar,Ziro,4,4,0,0,0,0
491,JABALPUR,JAGDALPUR,127,106,0,0,0,0
492,JABALPUR,MUMBAI,4032,3936,0,0.15,0,0
493,JAGDALPUR,RAIPUR,14,-,0,-,0,-
494,JAIPUR,KOCHI,652,499,10.685,0.171,0,0
495,JAIPUR,KOLKATA,16049,19837,110.109,71.56654,3.264,0.28
496,JAIPUR,KULLU,190,123,0,0,0,0
497,JAIPUR,LUCKNOW,2087,2110,0.077,0.01,0,0.359
498,JAIPUR,MUMBAI,42133,40885,257.04499,293.6482824,5.901,25.53845
499,JAIPUR,PUNE,11451,11887,57.016239999999996,12.79243,0,0
500,JAIPUR,SRINAGAR,-,171,-,0,-,0
501,JAIPUR,SURAT,3515,3507,0.918,0.934,0,0.191
502,JAIPUR,UDAIPUR,2379,2069,0,0,0,0
503,JAIPUR,VARANASI,3067,4143,0,0,0,0
504,JAIPUR,HINDON AIRPORT,718,765,0,0,0,0
505,JALGAON,MUMBAI,333,252,0,0,0,0
506,JALGAON,PUNE,1397,1457,0,0,0,0
507,JAMMU,KOLKATA,708,1238,0.078,0.065,0,0
508,JAMMU,LEH,954,1282,1.235,0.101,0.003,0
509,JAMMU,MUMBAI,1761,2166,0.257,6.727,0,1.4
510,JAMMU,SRINAGAR,24790,21209,16.79336,8.63499,0,2.281
511,JAMNAGAR,MUMBAI,3449,4164,0.235,6.038,1.4040899999999994,0
512,JAMSHEDPUR,KOLKATA,192,128,0,0,0,0
513,JEYPORE,VISAKHAPATNAM,92,87,0,0,0,0
514,JHARSUGUDA,KOLKATA,1221,1273,0,0,0,0
515,JHARSUGUDA,LUCKNOW,698,685,0,0,0,0
516,JHARSUGUDA,MUMBAI,3491,3112,0,0.074,0,0
517,JHARSUGUDA,RAIPUR,293,193,0,0,0,0
518,JODHPUR,MUMBAI,8790,9502,0.018,3.2640000000000002,2.0310699999999993,9.265569999999999
519,JODHPUR,PUNE,3321,3687,1.47,0.414,0.791,0
520,JORHAT,KOLKATA,4824,4854,1.941,17.978,0,0
521,JORHAT,TEZU,34,18,0,0,0,0
522,Cuddapah,VIJAYAWADA,270,269,0,0,0,0
523,KANDLA,MUMBAI,1030,1210,0,0,0,0
524,KANNUR,KOCHI,963,1386,0.064,0.006,0,0
525,KANNUR,KOZHIKODE,-,228,-,0,-,0
526,KANNUR,MUMBAI,3565,5406,0,0.823,0,0.452
527,KANNUR,TRIVANDRUM,901,613,0,0,0,0
528,KANPUR,MUMBAI,4551,4463,1.121,4.478,0,3.172
529,KHAJURAHO,DATIA AIRPORT,7,43,0,0,0,0
530,KOCHI,KOZHIKODE,1,-,0,-,0,-
531,KOCHI,LUCKNOW,100,72,0.036,0.002,0,0.181
532,KOCHI,MUMBAI,42267,46662,125.429,263.7739155,25.425069999999998,17.883689999999998
533,KOCHI,PATNA,146,159,0.24,1.495,0,0
534,KOCHI,PUNE,7431,7884,11.323,30.46,0,0
535,KOCHI,RAIPUR,363,506,0.202,0,0,0
536,KOCHI,SALEM,394,298,0,0,0,0
537,KOCHI,TIRUCHIRAPALLY,231,303,0,0,0,0
538,KOCHI,TRIVANDRUM,1585,1513,0.004,0.001,0,0
539,KOCHI,VARANASI,-,215,-,2.53,-,0
540,KOLHAPUR,MUMBAI,1720,1876,0,0,0,0
541,KOLHAPUR,NAGPUR,223,232,0,0,0,0
542,KOLHAPUR,TIRUPATI,572,972,0,0,0,0
543,KOLHAPUR,VIJAYAWADA,13,48,0,0,0,0
544,KOLKATA,LILABARI,296,399,0,0,0,0
545,KOLKATA,LUCKNOW,8816,8201,69.914,47.129,0.931,2.278
546,KOLKATA,MUMBAI,97183,85768,914.0050839999999,1149.3852219999999,20.548789999999997,35.14134
547,KOLKATA,NAGPUR,5835,5046,10.418,24.264,0.052,3.184
548,KOLKATA,PATNA,9803,8700,36.339,13.088,25.174,7.057
549,KOLKATA,PORT BLAIR,11260,10551,55.433,46.446,26.484090000000002,8.737
550,KOLKATA,PUNE,20754,20204,99.4632,165.63187000000002,3.98985,2.6904999999999997
551,KOLKATA,RAIPUR,7463,7465,26.472,0.164,2.776,0
552,KOLKATA,RANCHI,8829,8096,3.189,9.381,3.609,1.424
553,KOLKATA,SHILLONG,1642,1318,0.047,0,0,0
554,KOLKATA,SILCHAR,10868,10887,61.227,0.082,0.956,0
555,KOLKATA,SRINAGAR,4312,3958,2.475,10.244,0,0
556,KOLKATA,SURAT,5397,4723,25.9,64.102,0,0
557,KOLKATA,VARANASI,10147,8968,1.402,40.373,0,0.172
558,KOLKATA,VISAKHAPATNAM,5283,3833,2.695,39.679,0,0
559,KOLKATA,HINDON AIRPORT,6418,5254,0,0,0,0
560,KOZHIKODE,MUMBAI,6188,6771,0.271,5.68525,0,6.079
561,KURNOOL,VIJAYAWADA,406,304,0,0,0,0
562,KURNOOL,VISAKHAPATNAM,349,268,0,0,0,0
563,LEH,MUMBAI,2930,3430,2.1,3.242,0,0
564,LEH,SRINAGAR,1293,752,0,0.048,0,0
565,LUCKNOW,MUMBAI,36320,32704,52.931,221.6912647,11.338000000000001,24.84113
566,LUCKNOW,PATNA,4257,3303,6.418,0.621,3.782,7.087
567,LUCKNOW,PUNE,6567,5610,33.283,24.067,0.294,0.607
568,LUCKNOW,RAIPUR,1888,1945,3.729,0,0.458,0
569,LUCKNOW,RANCHI,1124,1284,1.202,0.951,1.046,0
570,LUCKNOW,SILCHAR,123,145,0,0,0,0
571,LUDHIANA,HINDON AIRPORT,19,8,0,0,0,0
572,MADURAI,MUMBAI,11590,11716,83.09058540000001,45.325820099999994,2.37501,10.34784
573,MADURAI,VIJAYAWADA,42,-,0,-,0,-
574,Malvan,PUNE,760,978,0,0,0,0
575,MANGALORE,MUMBAI,18976,25097,5.821,4.301,53.595,3.094
576,MANGALORE,TRIVANDRUM,-,34,-,0,-,0
577,MUMBAI,NAGPUR,30396,30133,142.5665,134.4105,40.32362,13.319030000000001
578,MUMBAI,PATNA,15570,16221,111.37824200000003,25.204,13.726979999999998,3.56215
579,MUMBAI,PORBANDAR,342,301,0,0,0,0
580,MUMBAI,RAIPUR,14197,14621,105.63,0.01,16.15,0
581,MUMBAI,RAJAHMUNDRY,3673,3493,0.99,0.199,0,0
582,MUMBAI,Rajkot International Airport,22678,21603,11.714,0,12.738000000000001,0
583,MUMBAI,RANCHI,9434,9681,32.427,10.304,5.509,0.946
584,MUMBAI,SRINAGAR,14504,15075,64.5343,70.77250000000001,2.1286,2.301
585,MUMBAI,TIRUCHIRAPALLY,6429,5165,0.162,0,0.604,0
586,MUMBAI,TIRUPATI,6371,5338,0.143,0.963,0,0.037
587,MUMBAI,TRIVANDRUM,16323,12439,25.2365,12.335500000000001,4.747149999999998,5.298249999999997
588,MUMBAI,UDAIPUR,21260,20655,17.1595,0.633,0,0
589,MUMBAI,VADODARA,12599,14126,25.9145,0,15.017019999999999,0
590,MUMBAI,VARANASI,35697,37134,116.53925760000001,30.60114,8.76144,0.7372000000000001
591,MUMBAI,VIJAYAWADA,7234,6843,24.676000000000002,3.7455,13.085420000000001,0.16030000000000003
592,MUMBAI,VISAKHAPATNAM,4784,4980,20.784,5.246,4.135,1.577
593,MUMBAI,Ayodhya International Airport ,8302,9692,0.113,0,0,0
594,MUMBAI,HINDON AIRPORT,3320,3454,0,0,0,0
595,MUMBAI,Amravati Airport,369,411,0,0,0,0
596,NAGPUR,PUNE,13296,13653,11.302,52.67,8.699,2.229
597,NANDED,PUNE,1333,1225,0,0,0,0
598,NANDED,HINDON AIRPORT,2128,2155,0,0,0,0
599,PANTNAGAR,PITHORAGARH,58,48,0,0,0,0
600,PATNA,PUNE,5072,5070,0.35,23.858,1.137,2.12
601,PATNA,RANCHI,2399,1908,0.086,2.34,1.767,0
602,PATNA,VARANASI,-,332,-,0,-,0
603,PATNA,Ayodhya International Airport ,-,158,-,0,-,0
604,PATNA,HINDON AIRPORT,5947,4658,0,0,0,0
605,PORT BLAIR,VISAKHAPATNAM,396,289,0.542,0.8835,0,0
606,PUNE,RAIPUR,4973,6243,2.089,0,0.653,0
607,PUNE,Rajkot International Airport,3009,2507,0.371,0.855,0,0
608,PUNE,RANCHI,4357,4753,15.193,6.095,0.251,0.738
609,PUNE,SURAT,2463,2532,6.561,8.057,0.36,0.162
610,PUNE,TRIVANDRUM,1895,1590,0.299,0.12,0.262,0
611,PUNE,VADODARA,2015,1795,1.053,0,0.258,0
612,PUNE,VARANASI,4707,5169,1.328,0.146,0.133,0.003
613,RAIPUR,Utkela,88,66,0,0,0,0
614,RAIPUR,VISAKHAPATNAM,811,910,0,0,0,0
615,RAJAHMUNDRY,TIRUCHIRAPALLY,49,44,0,0,0,0
616,Shivamogga Airport,TIRUPATI,1142,916,0,0,0,0
617,TIRUPATI,VIJAYAWADA,1837,1387,0.82,0,6.223,0
618,TIRUPATI,VISAKHAPATNAM,1602,1939,0.021,0.001,0,0.134
619,VARANASI,VISAKHAPATNAM,334,509,0.436,0,0,0
620,VARANASI,HINDON AIRPORT,4915,3802,0.14,0,0,0
621,VIJAYAWADA,VISAKHAPATNAM,3762,2534,0.056,0.09,0,1.333
SUB TOTAL,,,6290301,6315011,39076.5691855,35223.1008705,1877.225949999999,1688.8187599999997
TOTAL,,,12605312,,74299.670056,,3566.0447099999988,
