"City Pair wise  Passenger, Freight & Mail Traffic Statistics For April 2025 (Provisional)
( Scheduled Domestic Services )",Unnamed: 1,Unnamed: 2,Unnamed: 3,Unnamed: 4,Unnamed: 5,Unnamed: 6,Unnamed: 7,Unnamed: 8,Unnamed: 9,Unnamed: 10,Unnamed: 11
"Passengers ( In Number ), Freight ( In Tonne ), Mail ( In  Tonne )",,,,,,,,,,,
S.No.,CITY 1,CITY 2,"PASSENGERS 
TO CITY 2","PASSENGERS 
FROM CITY 2","FREIGHT 
TO CITY 2","FREIGHT 
FROM CITY 2","MAIL 
TO CITY 2","MAIL 
FROM CITY 2",,,
1,ADAMPUR,HINDON AIRPORT,1621,1643,0,0,0,0,,,
2,AGARTALA,BENGALURU,3661,4247,2.741,20.626,0,0.252,,,
3,AGARTALA,CHENNAI,403,509,0.102,4.859,0,0,,,
4,AGARTALA,DELHI,6252,8999,0.387,38.704,1.463,2.933,,,
5,AGARTALA,DIBRUGARH,1539,794,0.07,0.029,0,0,,,
6,AGARTALA,GUWAHATI,13527,14646,11.974,62.215,1.646,3.2794,,,
7,AGARTALA,HYDERABAD,2771,3002,0.043,5.688,0,0,,,
8,AGARTALA,IMPHAL,1764,2022,0.509,0.149,0,0,,,
9,AGARTALA,JAIPUR,27,20,0,0,0,0,,,  
10,AGARTALA,KOLKATA,34630,37777,13.045,308.892,3.391,2.209,,,
11,AGATTI ISLAND,BENGALURU,794,1033,0,0.128,0,0,,,
12,AGATTI ISLAND,Goa,1391,1787,0,0,0,0,,,
13,AGATTI ISLAND,KOCHI,2733,3603,0,0.047,0,0,,,
14,AGATTI ISLAND,KOZHIKODE,51,157,0,0,0,0,,,
15,AGRA,AHMEDABAD,2109,2145,0.37,0.029,0,0,,,
16,AGRA,BENGALURU,3997,4777,0.853,4.684,0,0,,,
17,AGRA,HYDERABAD,2067,2149,0.18,3.037,0,0,,,
18,AGRA,MUMBAI,2188,2253,0.258,0.736,0,0,,,
19,AHMEDABAD,Kishangarh,1948,1897,0.248,0,0,0,,,
20,AHMEDABAD,AMRITSAR,5008,4938,0.382,1.383,0,0,,,
21,AHMEDABAD,BAGDOGRA,6694,5625,8.24,26.63077,0,0,,,
22,AHMEDABAD,BELGAUM,253,265,0,0,0,0,,,
23,AHMEDABAD,BENGALURU,45139,51272,548.2266,262.45775000000003,1.35414,5.27108,,,
24,AHMEDABAD,BHOPAL,2160,2134,0.245,0,0.039,0.802,,,
25,AHMEDABAD,BHUBANESWAR,5232,5094,17.082,12.027,0.853,1.058,,,
26,AHMEDABAD,BHUJ,1407,1131,0,0,0,0,,,
27,AHMEDABAD,CHANDIGARH,13784,12274,33.63,21.262,0.828,0.991,,,
28,AHMEDABAD,CHENNAI,18101,21318,202.343,244.707,1.35,5.005,,,
29,AHMEDABAD,COIMBATORE,1146,749,14.041,8.199,0,0.619,,,
30,AHMEDABAD,DABOLIM,13128,12953,44.166,6.693,0.17,0.142,,,
31,AHMEDABAD,DehraDun,9069,7972,4.087,0.14,0.016,0.226,,,
32,AHMEDABAD,DELHI,107579,101976,1336.5537399999998,1301.2916300000002,8.089649999999999,21.840000000000003,,,
33,AHMEDABAD,DIMAPUR,139,117,0.196,2.541,0.031,0,,,
34,AHMEDABAD,DIU,1773,1785,0.107,0,0,0,,,
35,AHMEDABAD,DURGAPUR,91,139,0.519,7.223,0,0,,,
36,AHMEDABAD,Goa,12920,13023,8.08315,1.51,0.124,0,,,
37,AHMEDABAD,GUWAHATI,5152,4934,31.159,68.435,0.003,0.748,,,
38,AHMEDABAD,GWALIOR,697,670,0.202,0,0,0,,,
39,AHMEDABAD,HYDERABAD,25691,30014,181.708,154.24,0.13,3.541,,,
40,AHMEDABAD,INDORE,5342,5563,0.55,0.033,0.06,0,,,
41,AHMEDABAD,JAIPUR,6944,6825,0.827,1.714,0.019,0,,,
42,AHMEDABAD,JALGAON,581,622,0,0,0,0,,,
43,AHMEDABAD,JAMMU,2621,1961,4.183,0,0,0,,,
44,AHMEDABAD,JODHPUR,1862,1635,0,0,0.001,0,,,
45,AHMEDABAD,KESHOD,314,237,0,0,0,0,,,
46,AHMEDABAD,KOCHI,5639,5455,33.812,5.204,0.669,2.169,,,
47,AHMEDABAD,KOLHAPUR,712,652,0,0,0,0,,,
48,AHMEDABAD,KOLKATA,25963,23400,242.1843,115.357,1.726,3.69067,,,
49,AHMEDABAD,LUCKNOW,11506,9488,52.559,13.252,4.958,2.285,,,
50,AHMEDABAD,MUMBAI,80340,85817,887.1751799999998,683.67166,18.816969999999998,40.04228,,,
51,AHMEDABAD,NAGPUR,4179,4079,0.79,0.075,0.085,2.415,,,
52,AHMEDABAD,NANDED,897,1058,0,0,0,0,,,
53,AHMEDABAD,NASIK,1925,2094,0,0,0,0,,,
54,AHMEDABAD,PATNA,5441,5142,49.518,2.645,2.212,0.894,,,
55,AHMEDABAD,PUNE,24651,26504,150.72701,119.00107,2.599,1.7719,,,
56,AHMEDABAD,RAIPUR,4921,5045,24.98,0,0.403,0,,,
57,AHMEDABAD,RANCHI,5294,5716,16.799,0.349,0.71,0.779,,,
58,AHMEDABAD,SRINAGAR,6285,7136,2.514,0.618,0.517,0.048,,,
59,AHMEDABAD,TRIVANDRUM,1478,1740,2.099,0.261,0,0,,,
60,AHMEDABAD,VARANASI,5206,4983,16.16,3.783,0,0,,,
61,AHMEDABAD,VISAKHAPATNAM,614,674,1.746,32.068,0,0,,,
62,AHMEDABAD,Ayodhya International Airport ,7557,5842,13.861790000000001,0,0,0,,,
63,AIZAWL,BENGALURU,289,286,2.135,5.348,0,0,,,
64,AIZAWL,CHANDIGARH,136,-,0,-,0,-,,,
65,AIZAWL,DELHI,5552,6375,15.49,24.794,0.033,2.317,,,
66,AIZAWL,GUWAHATI,5785,6076,0.821,17.669,1.913,3.617,,,
67,AIZAWL,IMPHAL,502,654,0.027,0,0,0,,,
68,AIZAWL,KOLKATA,5469,5415,6.814,13.776,15.563,4.794,,,
69,AIZAWL,SHILLONG,361,379,0,0,0,0,,,
70,Kishangarh,LUCKNOW,176,254,0,0,0,0,,,
71,Kishangarh,NAGPUR,653,851,0,0,0,0,,,
72,Kishangarh,PUNE,1091,1555,0,0,0,0,,,
73,Kishangarh,HINDON AIRPORT,575,500,0,0,0,0,,,
74,PRAYAGRAJ,BENGALURU,2703,2759,0.002,0.974,0.197,1.634,,,
75,PRAYAGRAJ,BHUBANESWAR,959,963,0,0,0,0,,,
76,PRAYAGRAJ,BILASPUR,506,504,0,0,0,0,,,
77,PRAYAGRAJ,DELHI,5667,6115,0.152,1.0479999999999998,0,21.59,,,
78,PRAYAGRAJ,HYDERABAD,1837,2225,0.003,0.296,0.162,0,,,
79,PRAYAGRAJ,INDORE,40,86,0,0,0,0,,,
80,PRAYAGRAJ,MUMBAI,11379,12160,0.144,1.1869999999999998,0.445,2.893,,,
81,PRAYAGRAJ,RAIPUR,462,459,0,0,0,0,,,
82,AMRITSAR,BENGALURU,5098,4220,13.652,4.3185,0,1.704,,,
83,AMRITSAR,DELHI,48711,46866,29.8005,28.824700000000007,0,0,,,
84,AMRITSAR,GUWAHATI,92,181,0.233,0.181,0.003,0,,,
85,AMRITSAR,HYDERABAD,5705,5765,7.63,5.933,0,0.791,,,
86,AMRITSAR,KOCHI,133,281,0.019,0.009,0,0,,,
87,AMRITSAR,KOLKATA,2213,1932,1.37,2.071,0,0,,,
88,AMRITSAR,KULLU,491,309,0,0,0,0,,,
89,AMRITSAR,MUMBAI,13416,13466,13.491,14.913099999999998,0,1.75749,,,
90,AMRITSAR,PUNE,5055,4750,6.394,1.167,0,0.047,,,
91,AMRITSAR,SIMLA,277,166,0,0,0,0,,,
92,AMRITSAR,SRINAGAR,7179,8457,0.152,0.319,0,0.686,,,
93,AURANGABAD,BENGALURU,2022,1987,0,0.143,0,0.004,,,
94,AURANGABAD,COIMBATORE,43,23,0,0,0,0,,,
95,AURANGABAD,DABOLIM,775,616,0,0,0,0,,,
96,AURANGABAD,DELHI,9904,9778,0.01,84.19409999999999,0.216,4.956999999999999,,,
97,AURANGABAD,HYDERABAD,4349,3756,0,0.379,0,0.177,,,
98,AURANGABAD,MUMBAI,10017,9890,0,5.841,0,27.354,,,
99,AURANGABAD,VARANASI,170,-,0,-,0,-,,,
100,BAGDOGRA,BENGALURU,32025,30751,65.57902999999999,106.36283,0,3.5612,,,
101,BAGDOGRA,BHUBANESWAR,774,769,0,0,0,0,,,
102,BAGDOGRA,CHENNAI,9858,11089,14.418,2.5905,1.269,0.701,,,
103,BAGDOGRA,DehraDun,12,-,0,-,0,-,,,
104,BAGDOGRA,DELHI,40043,41765,109.70011269994495,209.221374564506,0.251,1.068,,,
105,BAGDOGRA,DIBRUGARH,1959,1172,0.1,0.001,0,0,,,
106,BAGDOGRA,DURGAPUR,445,396,0,0.004,0,0,,,
107,BAGDOGRA,GUWAHATI,1711,4667,2.2287600000000003,11.741999999999999,0,0.4529,,,
108,BAGDOGRA,HYDERABAD,15274,16587,23.848,12.462,0.647,4.168,,,
109,BAGDOGRA,JAIPUR,209,-,0,-,0,-,,,
110,BAGDOGRA,KOLKATA,25696,25334,32.463,17.981949999999998,10.154,9.668,,,
111,BAGDOGRA,MUMBAI,14546,15894,38.33315,78.47312,1.469,3.6793,,,
112,BAGDOGRA,PATNA,37,51,0,0,0,0,,,
113,BAGDOGRA,SRINAGAR,-,80,-,0,-,0,,,
114,BAREILLY,BENGALURU,2117,2231,0,0.028,0,0,,,
115,BAREILLY,MUMBAI,2837,2918,0,0.235,0,0,,,
116,BELGAUM,BENGALURU,4232,4247,0.068,0.196,0.036,0,,,
117,BELGAUM,DELHI,4803,4098,0.042,0.597,0,0,,,
118,BELGAUM,HYDERABAD,1711,1790,0.032,0.005,0,0,,,
119,BELGAUM,JAIPUR,527,553,0,0,0,0,,,
120,BELGAUM,MUMBAI,1299,1270,0,0,0,0,,,
121,BELGAUM,NAGPUR,256,232,0,0,0,0,,,
122,BENGALURU,BHOPAL,11353,10485,21.443,15.743,6.461,1.523,,,
123,BENGALURU,BHUBANESWAR,37653,33445,191.513,24.24552,11.061499999999999,0,,,
124,BENGALURU,BIDAR ,698,704,0,0,0,0,,,
125,BENGALURU,CHANDIGARH,25586,23968,132.852,261.1298,7.654,0.9680000000000002,,,
126,BENGALURU,CHENNAI,59885,59115,524.0374999999999,481.21020000000004,28.742,21.874750000000002,,,
127,BENGALURU,COIMBATORE,16950,16725,13.716,24.425,5.282,2.578,,,
128,BENGALURU,DABOLIM,52097,52018,56.321,45.3865,0.849,0.627,,,
129,BENGALURU,DARBHANGA,366,713,0.601,0,0,0,,,
130,BENGALURU,DehraDun,13790,11132,7.34769,31.465,2.709,0.544,,,
131,BENGALURU,DELHI,186608,182024,2777.9146465491685,3515.2943306147936,17.681,24.493000000000002,,,
132,BENGALURU,Deoghar ,6542,6094,0.09,0,0,0,,,
133,BENGALURU,DIBRUGARH,439,499,0.937,0.535,0,0,,,
134,BENGALURU,DURGAPUR,4798,4434,4.53,0.142,0,0,,,
135,BENGALURU,Goa,16977,16543,0.923,26.027,0,0,,,
136,BENGALURU,GORAKHPUR,11785,11290,73.82531,40.76868,1.0745,1.848,,,
137,BENGALURU,GUWAHATI,39101,34406,157.2204275,39.56313,9.956199999999999,1.74935,,,
138,BENGALURU,GWALIOR,4733,4023,0,0,0,0,,,
139,BENGALURU,HUBLI,4404,4383,0.613,0.669,0.107,0.642,,,
140,BENGALURU,HYDERABAD,103811,103359,450.485919213974,208.98673,17.55,15.557099999999998,,,
141,BENGALURU,IMPHAL,440,704,2.889,20.735,0,0,,,
142,BENGALURU,INDORE,24689,21501,106.479577922078,45.617,4.383,1.083,,,
143,BENGALURU,JABALPUR,4791,4269,0.329,0,0,0,,,
144,BENGALURU,JAIPUR,16676,21333,102.3,214.881,7.642,1.713,,,
145,BENGALURU,JAMMU,2120,2119,1.143,0,0.2,0,,,
146,BENGALURU,JHARSUGUDA,4978,4798,0.264,0,0,0,,,
147,BENGALURU,JODHPUR,6671,5913,4.307,0.027,2.89,1.404,,,
148,BENGALURU,KALABURAGI,1119,1070,0,0,0,0,,,
149,BENGALURU,KANNUR,4468,3576,0.293,0.007,0.466,0,,,
150,BENGALURU,KANPUR,4626,4418,1.065,0,0,0,,,
151,BENGALURU,KOCHI,59000,57054,192.87064220183402,58.509,22.727,9.406,,,
152,BENGALURU,KOLHAPUR,2030,1812,0.028,0.114,0,0,,,
153,BENGALURU,KOLKATA,99653,94853,546.678529454844,479.644526329114,15.8569,7.38286,,,
154,BENGALURU,KOZHIKODE,12635,12145,4.483499999999999,0.12,7.087,0,,,
155,BENGALURU,KURNOOL,181,186,0.21,0,0,0,,,
156,BENGALURU,LUCKNOW,44457,36716,164.143882051282,36.974500000000006,13.864,7.899,,,
157,BENGALURU,MADURAI,9051,8399,0.766,0.669,2.598,1.198,,,
158,BENGALURU,MANGALORE,36830,35210,7.924,7.411,2.733,128.636,,,
159,BENGALURU,MUMBAI,163612,162005,1279.8428,1677.2524600000002,9.521329999999999,28.116200000000006,,,
160,BENGALURU,NAGPUR,17928,16423,71.242,29.68,6.98,5.124,,,
161,BENGALURU,NANDED,1781,1657,0,0,0,0,,,
162,BENGALURU,NASIK,5963,5789,0.678,0.175,1.166,0.05,,,
163,BENGALURU,PATNA,40670,33713,106.80846603098601,18.30149,23.142,0.658,,,
164,BENGALURU,PONDICHERRY,1969,2017,0.236,0,0,0,,,
165,BENGALURU,PORT BLAIR,9675,10550,28.143,26.365000000000002,1.966,1.127,,,
166,BENGALURU,PUNE,82283,76110,455.694006000952,341.546394482758,18.79005,2.5057,,,
167,BENGALURU,RAIPUR,13419,12485,39.676,0.011,6.125,0,,,
168,BENGALURU,RAJAHMUNDRY,3648,3488,0.658,0.077,0,0,,,
169,BENGALURU,Rajkot International Airport,6120,5424,3.783,0,1.875,0,,,
170,BENGALURU,RANCHI,19558,17328,123.682,49.0612,6.54,0.909,,,
171,BENGALURU,SALEM,1747,1969,0.22,0,0,0,,,
172,BENGALURU,SHIRDI,7639,7314,1.006,0,0,0,,,
173,BENGALURU,Shivamogga Airport,1520,1843,0.196,0,0,0,,,
174,BENGALURU,SRINAGAR,10342,12729,3.023,4.382,1.385,0.512,,,
175,BENGALURU,SURAT,14321,12745,64.98349999999999,96.634,1.526,0.677,,,
176,BENGALURU,TIRUCHIRAPALLY,5598,5712,0.175,0.082,1.933,0,,,
177,BENGALURU,TIRUPATI,3330,3530,0.419,0.001,0.959,0,,,
178,BENGALURU,TRIVANDRUM,35274,34738,18.839,9.887,12.615,3.968,,,
179,BENGALURU,TUTICORIN,2141,1870,0.124,1.179,0,0,,,
180,BENGALURU,UDAIPUR,6490,5862,20.554,0.349,0,0,,,
181,BENGALURU,VADODARA,4655,4485,4.795,0,3.587,0,,,
182,BENGALURU,VARANASI,39382,36996,58.698,84.5523,5.4697000000000005,1.14623,,,
183,BENGALURU,VIDYANAGAR,690,654,0,0,0,0,,,
184,BENGALURU,VIJAYAWADA,7926,7817,2.168,0.093,3.067,0.258,,,
185,BENGALURU,VISAKHAPATNAM,21390,20349,58.078,33.714,7.285,0.657,,,
186,BENGALURU,Ayodhya International Airport ,15174,14466,2.9188099999999997,0,0,0,,,
187,BENGALURU,HINDON AIRPORT,9221,8962,0,0,0,0,,,
188,BHATINDA,DELHI,761,812,0,0,0,0,,,
189,BHATINDA,HINDON AIRPORT,57,56,0,0,0,0,,,
190,BHAVNAGAR,JAIPUR,9,8,0,0,0,0,,,
191,BHAVNAGAR,MUMBAI,1571,1787,0.02964,0,0,0,,,
192,BHAVNAGAR,PUNE,1500,1695,0,0.02964,0,0,,,
193,BHOPAL,DELHI,24340,24024,15.192,130.2405,9.723,25.964199999999998,,,
194,BHOPAL,HYDERABAD,5639,6180,0.095,0.218,0.474,1.98,,,
195,BHOPAL,INDORE,148,-,0,-,0,-,,,
196,BHOPAL,JABALPUR,501,289,0,0,0,0,,,
197,BHOPAL,MUMBAI,13800,14493,15.411,46.902100000000004,3.321,22.182709999999997,,,
198,BHOPAL,PUNE,4336,4747,0,4.135,0,0.916,,,
199,BHOPAL,RAIPUR,2022,2091,0.001,0,0.749,0,,,
200,BHOPAL,REWA,105,80,0,0,0,0,,,
201,BHUBANESWAR,CHANDIGARH,1442,1230,0.136,5.771,0,0,,,
202,BHUBANESWAR,CHENNAI,10760,14365,5.343,46.958517525773004,1.958,6.433,,,
203,BHUBANESWAR,DABOLIM,2207,2039,2.653,0.011,0,0.028,,,
204,BHUBANESWAR,DehraDun,1814,1531,0,0.093,0,0.004,,,
205,BHUBANESWAR,DELHI,46596,48813,64.11724131579,327.94353665997596,7.915,12.301000000000002,,,
206,BHUBANESWAR,DURGAPUR,593,488,0,0,0,0,,,
207,BHUBANESWAR,Goa,-,571,-,0,-,0,,,
208,BHUBANESWAR,GUWAHATI,5585,5335,38.379,2.081,0,0.483,,,
209,BHUBANESWAR,HYDERABAD,22777,27076,6.581,45.449,0.598,16.191,,,
210,BHUBANESWAR,INDORE,2289,2506,0.906,0.874,0.024,0,,,
211,BHUBANESWAR,JAIPUR,2613,2558,0,1.2465,0,0,,,
212,BHUBANESWAR,JAMMU,258,382,0,0.102,0,0,,,
213,BHUBANESWAR,JAMSHEDPUR,173,182,0,0,0,0,,,
214,BHUBANESWAR,JEYPORE,446,464,0,0,0,0,,,
215,BHUBANESWAR,JHARSUGUDA,715,638,0,0,0,0,,,
216,BHUBANESWAR,KOCHI,3966,4297,0.7543,0.391,0,0,,,
217,BHUBANESWAR,KOLKATA,25082,24009,80.77043,9.894,0,7.552,,,
218,BHUBANESWAR,LUCKNOW,3233,3176,0.161,0.85,0,0.557,,,
219,BHUBANESWAR,MUMBAI,20286,21315,33.5575,70.9,3.591,11.98,,,
220,BHUBANESWAR,PATNA,7367,5924,0.7979999999999999,0.7558,0.689,0.02,,,
221,BHUBANESWAR,PORT BLAIR,3425,4745,0,0,0,0,,,
222,BHUBANESWAR,PUNE,4456,4499,0.045,0,0,0,,,
223,BHUBANESWAR,RAIPUR,2844,3241,0.121,0.033,0,0,,,
224,BHUBANESWAR,RANCHI,1835,1476,0.035,0.023,0,0.458,,,
225,BHUBANESWAR,ROURKELA,1162,1221,0,0,0,0,,,
226,BHUBANESWAR,Utkela,147,176,0,0,0,0,,,
227,BHUBANESWAR,VARANASI,1210,1263,0,0.001,0,0,,,
228,BHUBANESWAR,HINDON AIRPORT,3050,3262,0,0,0,0,,,
229,BHUJ,DELHI,4299,4548,0,0.096,0,0,,,
230,BHUJ,MUMBAI,5733,5811,0,0.887,0,0,,,
231,BIKANER,DELHI,1737,1933,0,0.23,0,0,,,
232,BIKANER,JAIPUR,233,280,0,0,0,0,,,
233,BILASPUR,DELHI,561,422,0,0,0,0,,,
234,BILASPUR,JABALPUR,380,281,0,0,0,0,,,
235,BILASPUR,JAGDALPUR,174,230,0,0,0,0,,,
236,BILASPUR,KOLKATA,442,375,0,0,0,0,,,
237,BILASPUR,Ambikapur Airport,58,54,0,0,0,0,,,
238,CHANDIGARH,CHENNAI,5791,5868,62.368,56.091,0,1.372,,,
239,CHANDIGARH,DABOLIM,5957,6946,0.123,1.192,0,0.202,,,
240,CHANDIGARH,DELHI,43353,43309,115.1362,41.3638,13.041999999999998,12.379999999999994,,,
241,CHANDIGARH,DHARAMSALA,2125,1942,0,0,0,0,,,
242,CHANDIGARH,GUWAHATI,1064,954,5.656,0.287,0,0,,,
243,CHANDIGARH,HYDERABAD,13793,15072,113.248,55.976,0.703,4.893,,,
244,CHANDIGARH,INDORE,2233,1805,14.638,1.135,0.235,0,,,
245,CHANDIGARH,JAIPUR,4499,4545,0.016,0.005,0,0,,,
246,CHANDIGARH,JAMMU,1685,1418,0.001,0,0,0,,,
247,CHANDIGARH,KOLKATA,4203,4156,16.519,9.528,0,0.591,,,
248,CHANDIGARH,LEH,1140,1023,0.731,0,4.379,0,,,
249,CHANDIGARH,LUCKNOW,4129,4347,5.146,3.16,0,4.488,,,
250,CHANDIGARH,MUMBAI,30307,32640,97.9365,151.106,2.987,5.759509999999999,,,
251,CHANDIGARH,PATNA,3868,3718,4.609,0.316,0,0.617,,,
252,CHANDIGARH,PUNE,6749,6747,28.87,26.567,0,0,,,
253,CHANDIGARH,SRINAGAR,10630,11332,2.75,0.149,0,0.912,,,
254,CHANDIGARH,UDAIPUR,-,210,-,0,-,0,,,
255,CHENNAI,COIMBATORE,42344,43327,30.3073,26.296,3.7878,10.382,,,
256,CHENNAI,DABOLIM,7633,7420,4.797000000000001,10.381,0.449,0.673,,,
257,CHENNAI,DehraDun,758,743,1.478,32.949,0,0.33,,,
258,CHENNAI,DELHI,100891,93650,1254.7533899999999,1342.93208,47.208439999999996,33.75508,,,
259,CHENNAI,DURGAPUR,4917,3624,0.619,0.625,0,0,,,
260,CHENNAI,Goa,6212,6206,1.873,19.078,0,0.35,,,
261,CHENNAI,GUWAHATI,15894,15440,43.138,22.504,8.424,2.077,,,
262,CHENNAI,HYDERABAD,64280,63775,562.317,472.72019,10.434,8.484,,,
263,CHENNAI,INDORE,6023,5718,75.194,12.804,1.772,1.425,,,
264,CHENNAI,JAIPUR,11790,10897,56.761357142858,61.8555,3.019,1.012,,,
265,CHENNAI,Cuddapah,702,883,0.093,0,0,0,,,
266,CHENNAI,KANNUR,1768,1692,0.032,0.022,0.04,0,,,
267,CHENNAI,KOCHI,38632,37792,26.08034,11.931,11.626,6.902,,,
268,CHENNAI,KOLKATA,39906,38932,316.052,214.514,11.171,4.676,,,
269,CHENNAI,KOZHIKODE,5500,5678,0.373,0.006,1.32,0,,,
270,CHENNAI,KURNOOL,317,295,0.028,0,0,0,,,
271,CHENNAI,LUCKNOW,4100,3751,43.325,15.277,2.932,4.125,,,
272,CHENNAI,MADURAI,20816,20045,2.988,8.719000000000001,13.873390000000002,8.42145,,,
273,CHENNAI,MANGALORE,3442,3465,0.373,0.102,0.005,8.368,,,
274,CHENNAI,MUMBAI,80399,79426,522.0295,534.10335,40.96353,36.32542999999998,,,
275,CHENNAI,MYSORE,2020,1765,0.028,0,0,0,,,
276,CHENNAI,NAGPUR,-,195,-,0,-,0,,,
277,CHENNAI,PATNA,9898,8231,15.584,8.486,7.598,1.243,,,
278,CHENNAI,PORT BLAIR,22397,23537,193.88057982526595,130.86450000000002,25.80343,7.829,,,
279,CHENNAI,PUNE,33292,35587,290.09187126888304,243.45438,5.082,2.512,,,
280,CHENNAI,RAIPUR,5475,4096,10.448,0,0.855,0,,,
281,CHENNAI,RAJAHMUNDRY,1801,1899,0.008,0,0,0,,,
282,CHENNAI,RANCHI,5259,4415,28.421,7.794,2.155,0.419,,,
283,CHENNAI,SALEM,1569,1809,0.036,0,0,0,,,
284,CHENNAI,SHIRDI,5631,6296,14.718250000000001,22.67388,0,0,,,
285,CHENNAI,Shivamogga Airport,777,824,4.420939999999999,2.873,0,0,,,
286,CHENNAI,SURAT,4187,3977,41.419,9.875,0.033,0.472,,,
287,CHENNAI,TIRUCHIRAPALLY,17284,16465,0.169,0.43,0.151,0,,,
288,CHENNAI,TIRUPATI,75,-,0,-,0,-,,,
289,CHENNAI,TRIVANDRUM,14558,14442,6.786,14.83,7.387,4.028,,,
290,CHENNAI,TUTICORIN,10336,9251,0.563,0.797,0,0,,,
291,CHENNAI,VARANASI,9275,7950,4.681,20.126,0.315,0,,,
292,CHENNAI,VIJAYAWADA,3761,3911,0.185,0.019,0,0,,,
293,CHENNAI,VISAKHAPATNAM,13402,12515,27.742,27.483,5.807,1.699,,,
294,CHENNAI,HINDON AIRPORT,3941,4090,0,0,0,0,,,
295,COIMBATORE,DABOLIM,2015,1908,0.063,0.035,0,0,,,
296,COIMBATORE,DELHI,18161,18003,140.9442,144.45770000000002,4.5,3.7479999999999998,,,
297,COIMBATORE,GUWAHATI,253,210,2.345,0.036,1.029,0,,,
298,COIMBATORE,HYDERABAD,24182,23044,78.605,44.191,4.311,8.458,,,
299,COIMBATORE,KOCHI,107,-,0,-,0,-,,,
300,COIMBATORE,MUMBAI,31476,31634,104.694,150.6365,5.421,4.291340000000002,,,
301,COIMBATORE,NASIK,36,39,0,0,0,0,,,
302,COIMBATORE,PUNE,4893,4804,18.271,25.424,0,0.231,,,
303,COIMBATORE,VISAKHAPATNAM,132,248,0.394,0,0,0,,,
304,COOCH BEHAR,KOLKATA,253,264,0,0,0,0,,,
305,DABOLIM,DELHI,47307,43459,51.498990000000006,131.3689,2.1746499999999997,3.8150000000000004,,,
306,DABOLIM,Goa,-,37,-,0,-,0,,,
307,DABOLIM,HYDERABAD,30468,30679,31.994,31.5415,0.578,0.184,,,
308,DABOLIM,INDORE,4242,3948,0.377,0.57,0.152,0,,,
309,DABOLIM,JAIPUR,729,-,0.175,-,0.009,-,,,
310,DABOLIM,KOCHI,4487,4329,9.23,0.105,0.194,0,,,
311,DABOLIM,KOLKATA,5793,4925,3.63,4.277,1.131,0.018,,,
312,DABOLIM,MUMBAI,62094,65712,57.334,64.2924,7.3786999999999985,13.92831000000001,,,
313,DABOLIM,NAGPUR,830,-,0.03,-,0.023,-,,,
314,DABOLIM,NASIK,1019,1028,0,0,0,0,,,
315,DABOLIM,PUNE,4221,4338,1.047,0.922,0.462,0,,,
316,DABOLIM,RAIPUR,4585,4263,4.093,0,0.058,0,,,
317,DABOLIM,SURAT,8015,8290,4.755,20.221,0.196,0.151,,,
318,DABOLIM,HINDON AIRPORT,4116,4180,0,0,0,0,,,
319,DARBHANGA,DELHI,15030,15524,0,1.609,0,0,,,
320,DARBHANGA,HYDERABAD,4265,4930,0,0.36,0,0,,,
321,DARBHANGA,KOLKATA,2000,2119,0,0.07,0,0,,,
322,DARBHANGA,MUMBAI,6586,7857,0,17.424799999999998,0,0,,,
323,DARBHANGA,PUNE,31,-,0,-,0,-,,,
324,DARBHANGA,SRINAGAR,-,45,-,0,-,0,,,
325,DARBHANGA,VIJAYAWADA,1,-,0,-,0,-,,,
326,DehraDun,DELHI,28747,32568,59.618,13.270999999999999,9.575,19.81,,,
327,DehraDun,GUWAHATI,313,369,0.176,0,0,0,,,
328,DehraDun,HYDERABAD,6352,6977,2.722,7.75,0.331,0.995,,,
329,DehraDun,JAIPUR,2349,2423,0,0,0,0,,,
330,DehraDun,KOLKATA,2511,2319,4.095,0.359,0.079,0,,,
331,DehraDun,KULLU,324,201,0,0,0,0,,,
332,DehraDun,LUCKNOW,3709,3436,0.02,0.511,0.352,1.096,,,
333,DehraDun,MUMBAI,17016,20042,3.133,14.311399999999999,0.763,3.424,,,
334,DehraDun,PITHORAGARH,248,250,0,0,0,0,,,
335,DehraDun,PUNE,4131,4339,10.22,1.056,0.11,0.31,,,
336,DELHI,Deoghar ,8020,7397,0.289,0,0,0,,,
337,DELHI,DHARAMSALA,8984,6728,0.232,0,0,0,,,
338,DELHI,DIBRUGARH,10076,9367,30.364,3.232,7.52,2.526,,,
339,DELHI,DIMAPUR,4962,4616,7.261,23.973,3.392,5.212,,,
340,DELHI,DURGAPUR,4897,4478,0.824,3.533,0,0,,,
341,DELHI,GAYA,5252,4867,4.9,0,0.284,0,,,
342,DELHI,Goa,46948,50556,105.711820534036,46.05121,0,0.124,,,
343,DELHI,GORAKHPUR,20591,19452,69.4251,69.26831,19.007,0,,,
344,DELHI,GUWAHATI,65185,62577,345.195305176373,272.3166,15.054,4.72818,,,
345,DELHI,GWALIOR,4749,4328,0.292,0,0,0,,,
346,DELHI,HISSAR,134,201,0,0,0,0,,,
347,DELHI,HUBLI,4755,4876,7.541,1.008,1.619,1.026,,,
348,DELHI,HYDERABAD,127180,133559,1383.7304000000001,1001.1475000000002,30.257799999999992,18.439,,,
349,DELHI,IMPHAL,10892,10419,74.114,112.899,9.672,7.103,,,
350,DELHI,INDORE,45349,44995,265.552980997022,93.7745,25.532,6.751,,,
351,DELHI,Itanagar,3036,3036,0.427,0,0,0,,,
352,DELHI,JABALPUR,5803,5599,0.265,0,5.629,0,,,
353,DELHI,JAGDALPUR,405,492,0,0,0,0,,,
354,DELHI,JAIPUR,22533,23048,36.130500000000005,31.0945,59.668,7.846,,,
355,DELHI,JAMMU,31920,31522,56.480638636364006,7.95471,10.658,0,,,
356,DELHI,JHARSUGUDA,4988,5005,0.21,0,0,0,,,
357,DELHI,JODHPUR,9757,9490,8.182,0.053,25.219,9.627,,,
358,DELHI,KANNUR,5802,5848,4.879,0.055,0,0,,,
359,DELHI,KANPUR,5683,5337,8.78,0,9.708,0,,,
360,DELHI,KOCHI,38430,39529,361.151176901453,166.82012018506703,17.744,11.275259999999998,,,
361,DELHI,KOLKATA,121844,113087,1423.378647982825,1493.0011499999998,35.16219,24.35845,,,
362,DELHI,KOZHIKODE,6032,6109,10.536,1.21,1.053,0,,,
363,DELHI,KULLU,492,313,0,0,0,0,,,
364,DELHI,LEH,46086,38850,141.29968,25.729210000000002,38.862309999999994,14.582999999999998,,,
365,DELHI,LUCKNOW,49879,47346,174.57250000000002,91.19099999999999,50.361959999999996,24.192,,,
366,DELHI,MADURAI,5461,5450,23.981,61.355,1.222,1.071,,,
367,DELHI,MANGALORE,8961,9412,9.552,4.335,0,32.456,,,
368,DELHI,MUMBAI,269338,283055,3667.403666872239,2447.8342967920503,37.986000000000004,91.54662000000005,,,
369,DELHI,NAGPUR,28353,29924,192.48649999999998,65.637,13.165999999999999,12.27515,,,
370,DELHI,NASIK,6146,6380,14.612,0.404,0,0.066,,,
371,DELHI,PANTNAGAR,3503,3332,0.048,0,0,0,,,
372,DELHI,PATNA,62241,57109,328.43527151430203,50.93458,53.36176,8.61095,,,
373,DELHI,PITHORAGARH,277,187,0,0,0,0,,,
374,DELHI,PORT BLAIR,1744,1671,11.1789,7.252,0.34498,0.02386,,,
375,DELHI,PUNE,116279,118349,1156.182019121863,765.9446027160429,15.67306,2.5738399999999997,,,
376,DELHI,RAIPUR,31332,31639,197.3194,4.35,32.04,0,,,
377,DELHI,RAJAHMUNDRY,3874,3958,2.381,0.477,0,0,,,
378,DELHI,Rajkot International Airport,10556,9053,19.214,0,5.674,0,,,
379,DELHI,RANCHI,42571,39999,318.59,42.19834,5.604,4.393,,,
380,DELHI,SHILLONG,712,536,0,0,0,0,,,
381,DELHI,SHIRDI,8916,9669,23.18488,13.934250000000002,0,0,,,
382,DELHI,SIMLA,934,536,0,0,0,0,,,
383,DELHI,SRINAGAR,100244,111275,459.929943107702,139.431368197516,13.144699999999998,21.417,,,
384,DELHI,SURAT,25112,25741,108.74350000000001,109.267753807107,6.911,6.283,,,
385,DELHI,TIRUPATI,4477,4486,3.224,5.816,0.261,0.303,,,
386,DELHI,TRIVANDRUM,18826,19799,46.723600000000005,20.801000000000002,7.095699999999999,6.92298,,,
387,DELHI,UDAIPUR,18427,18639,9.448,13.088,0.312,0,,,
388,DELHI,VADODARA,21191,25195,90.0048,0.005,7.8229999999999995,0,,,
389,DELHI,VARANASI,37437,35769,122.6995,39.597,27.4581,1.901,,,
390,DELHI,VIJAYAWADA,10736,12371,65.87349999999999,16.4168,6.105000000000002,0.57753,,,
391,DELHI,VISAKHAPATNAM,18586,19824,63.217,57.2815,8.147,1.873,,,
392,DELHI,Ayodhya International Airport ,18091,17050,1.018,2.71081,0,0,,,
393,Deoghar ,KOLKATA,1781,1854,0,0.03,0,0,,,
394,Deoghar ,MUMBAI,2080,2248,0,0.017,0,0,,,
395,DHARAMSALA,JAIPUR,141,180,0,0,0,0,,,
396,DHARAMSALA,SIMLA,249,204,0,0,0,0,,,
397,DIBRUGARH,GUWAHATI,9088,10018,12.441,0.49556999999999995,5.907,5.389,,,
398,DIBRUGARH,HYDERABAD,391,340,0.199,2.144,0,1.794,,,
399,DIBRUGARH,IMPHAL,1854,1834,0.861,0,0,0,,,
400,DIBRUGARH,KOLKATA,9778,9730,30.508,32.949,1.553,3.95,,,
401,DIBRUGARH,RANCHI,8,-,0,-,0,-,,,
402,DIMAPUR,GUWAHATI,5593,6123,0.193,4.551,0.002,0.847,,,
403,DIMAPUR,IMPHAL,510,530,0,0,0,0,,,
404,DIMAPUR,KOLKATA,4776,4769,16.956,33.945,5.212,3.79,,,
405,DIU,KESHOD,14,45,0,0,0,0,,,
406,DIU,MUMBAI,1115,1151,0,0,0,0,,,
407,DIU,SURAT,1520,1266,0,0,0,0,,,
408,DURGAPUR,GUWAHATI,463,523,0.004,0.001,0,0,,,
409,DURGAPUR,HYDERABAD,4304,4942,4.872,1.3,0,0,,,
410,DURGAPUR,MUMBAI,3066,3429,1.237,0.159,0,0,,,
411,GAYA,KOLKATA,4384,4336,2.297,0.035,0.21,0,,,
412,Goa,HYDERABAD,26237,23942,5.508000000000001,1.881,0,0,,,
413,Goa,INDORE,2559,2452,0,0,0,0,,,
414,Goa,JAIPUR,4261,4888,0,20.655,0,0.35,,,
415,Goa,JALGAON,1795,1584,0,0,0,0,,,
416,Goa,KOLKATA,-,2,-,0,-,0,,,
417,Goa,LUCKNOW,4006,2898,3.286,0.41,0,0,,,
418,Goa,MUMBAI,27014,28139,41.20614,13.18806,0,0,,,
419,Goa,NAGPUR,3949,4019,5.819,0.002,0,0,,,
420,Goa,PUNE,11784,11613,46.79189,30.439,0,0,,,
421,Goa,Rajkot International Airport,2587,2360,0,0,0,0,,,
422,Goa,Shivamogga Airport,535,921,0,0,0,0,,,
423,Goa,VADODARA,1789,1784,0,0,0,0,,,
424,Gondia ,HYDERABAD,1686,1538,0,0.116,0,0,,,
425,GORAKHPUR,HYDERABAD,6020,6820,0,1.806,0,0.534,,,
426,GORAKHPUR,KOLKATA,2151,2171,0,0.004,0,0,,,
427,GORAKHPUR,MUMBAI,10607,11980,0,9.791469999999999,0,1.288,,,
428,GUWAHATI,HYDERABAD,14470,15062,59.932,22.673,0.601,5.023,,,
429,GUWAHATI,IMPHAL,21247,23429,60.23426,139.637,3.148,2.905,,,
430,GUWAHATI,Itanagar,128,113,0,0,0,0,,,
431,GUWAHATI,JAIPUR,4797,5156,1.671,4.862,0.097,0.357,,,
432,GUWAHATI,JORHAT,-,163,-,0,-,0,,,
433,GUWAHATI,KOLKATA,49681,51119,74.06152,515.697927475149,8.42,9.186,,,
434,GUWAHATI,LUCKNOW,3820,4214,1.435,3.975,1.443,1.692,,,
435,GUWAHATI,MUMBAI,15002,15402,34.192,112.08399,2.4794899999999997,15.4895,,,
436,GUWAHATI,PATNA,1916,1940,1.3802200000000002,0.76182,0,0,,,
437,GUWAHATI,PUNE,4925,5210,4.567,11.99,0.659,0.608,,,
438,GUWAHATI,RUPSI,136,225,0,0,0,0,,,
439,GUWAHATI,SILCHAR,3922,4367,16.784,0.004,4.722,0,,,
440,GUWAHATI,TEZU,418,363,0,0,0,0,,,
441,GUWAHATI,Ziro,35,36,0,0,0,0,,,
442,GWALIOR,MUMBAI,4879,5218,0,0,0,0,,,
443,HISSAR,Ayodhya International Airport ,236,145,0,0,0,0,,,
444,HUBLI,HYDERABAD,2115,1970,0.022,0.026,0.846,0.042,,,
445,HUBLI,MUMBAI,4504,4348,0.102,3.949,0.86,0.011,,,
446,HUBLI,PUNE,976,964,0.002,0,0,0.263,,,
447,HYDERABAD,IMPHAL,37,-,0,-,0,-,,,
448,HYDERABAD,INDORE,19719,18786,61.105,13.105,15.058,1.044,,,
449,HYDERABAD,JABALPUR,4149,3777,0.001,0,0,0,,,
450,HYDERABAD,JAGDALPUR,2085,1835,0.067,0,0,0,,,
451,HYDERABAD,JAIPUR,22275,18124,68.181,96.832,3.135,1.262,,,
452,HYDERABAD,JALGAON,1206,976,0,0,0,0,,,
453,HYDERABAD,JAMMU,2012,2900,1.485,0,0.737,0,,,
454,HYDERABAD,JHARSUGUDA,2183,2072,0,0,0,0,,,
455,HYDERABAD,JODHPUR,4798,4312,0.618,0,1.657,0.424,,,
456,HYDERABAD,Cuddapah,1531,1956,0.161,0,0,0,,,
457,HYDERABAD,KANNUR,1888,1988,0.001,0,0,0,,,
458,HYDERABAD,KANPUR,2793,2110,0.271,0,0,0,,,
459,HYDERABAD,KOCHI,39597,38918,44.045,50.287,6.511,7.673,,,
460,HYDERABAD,KOLHAPUR,1847,1763,0.53,2.58,0,0,,,
461,HYDERABAD,KOLKATA,45224,43095,173.776,236.69819,21.614,4.168,,,
462,HYDERABAD,KOZHIKODE,5455,5312,2.453,0.141,0,0,,,
463,HYDERABAD,LUCKNOW,19470,15422,50.0055,12.633,3.957,0.901,,,
464,HYDERABAD,MADURAI,7202,7329,6.63,29.849,9.695,0.671,,,
465,HYDERABAD,MANGALORE,5741,5524,0.184,0.263,3.392,13.137,,,
466,HYDERABAD,MUMBAI,88851,98740,596.8688,853.3780999999999,13.227689999999997,27.804349999999996,,,
467,HYDERABAD,MYSORE,1889,1687,0.126,0,0,0,,,
468,HYDERABAD,NAGPUR,4099,4343,0.321,0.138,1.157,0,,,
469,HYDERABAD,NANDED,812,981,0,0,0,0,,,
470,HYDERABAD,NASIK,1986,2078,0.048,0,0.926,0.014,,,
471,HYDERABAD,PATNA,24799,18282,47.998,4.915,7.915,0.127,,,
472,HYDERABAD,PONDICHERRY,1957,1929,0.126,0,0,0,,,
473,HYDERABAD,PORT BLAIR,4479,5303,26.501,13.289,2.332,4.898,,,
474,HYDERABAD,PUNE,31613,34085,38.827,75.813,4.372,3.217,,,
475,HYDERABAD,RAIPUR,12550,11221,17.169,0.12,12.082,0,,,
476,HYDERABAD,RAJAHMUNDRY,11195,10993,0.428,0.251,0,0,,,
477,HYDERABAD,Rajkot International Airport,4249,3841,0.918,0,0,0,,,
478,HYDERABAD,RANCHI,17054,14778,19.446,11.048,7.83,1.104,,,
479,HYDERABAD,SALEM,821,808,0,0,0,0,,,
480,HYDERABAD,SHIRDI,8737,9205,0.252,4.207,0,0,,,
481,HYDERABAD,Shivamogga Airport,2797,3024,2.873,4.420939999999999,0,0,,,
482,HYDERABAD,SRINAGAR,7412,8963,4.349,0.964,0.403,0.918,,,
483,HYDERABAD,SURAT,6983,6393,13.775,42.194,1.238,0.745,,,
484,HYDERABAD,TIRUCHIRAPALLY,4490,4116,1.323,0.37,6.419,0,,,
485,HYDERABAD,TIRUPATI,34855,34344,5.7669999999999995,7.652,10.698,2.134,,,
486,HYDERABAD,TRIVANDRUM,14338,14915,2.6350000000000002,3.2758000000000003,5.196,1.908,,,
487,HYDERABAD,UDAIPUR,6059,5948,1.423,0.061,0,0,,,
488,HYDERABAD,VADODARA,6510,5741,56.825,0,1.065,0,,,
489,HYDERABAD,VARANASI,32022,27149,11.2,25.621,1.057,0.315,,,
490,HYDERABAD,VIDYANAGAR,134,212,0,0,0,0,,,
491,HYDERABAD,VIJAYAWADA,16844,17259,6.465,2.368,12.968,0.66,,,
492,HYDERABAD,VISAKHAPATNAM,43849,42645,37.775,100.903,16.174,0,,,
493,HYDERABAD,Ayodhya International Airport ,2836,2720,0,0,0,0,,,
494,IMPHAL,KOLKATA,17983,16602,33.007,63.554507631655994,11.677,2.46249,,,
495,IMPHAL,MUMBAI,161,108,15.063,0,0,0,,,
496,IMPHAL,SHILLONG,578,424,0,0,0,0,,,
497,IMPHAL,SILCHAR,450,450,0,0,0,0,,,
498,INDORE,JABALPUR,2417,2759,0,0,0,0,,,
499,INDORE,JAIPUR,4419,4269,0.053,0.093,0,0,,,
500,INDORE,JAMMU,2264,2256,0.127,0,0.006,0,,,
501,INDORE,JODHPUR,2203,1844,0,0,0,0,,,
502,INDORE,KOLKATA,5245,4980,7.944,25.026,1.706,0.979,,,
503,INDORE,LUCKNOW,2281,2041,0.011,0.11,0,0.082,,,
504,INDORE,MUMBAI,28323,31489,113.42,99.49180000000001,7.62546,14.023969999999998,,,
505,INDORE,NAGPUR,3071,3394,0.021,0.058,0,0,,,
506,INDORE,NASIK,694,773,0,0,0,0,,,
507,INDORE,PUNE,9869,6870,4.512,21.65,0.944,0.818,,,
508,INDORE,RAIPUR,5706,5358,2.117,0,0.605,0,,,
509,INDORE,UDAIPUR,1197,1086,0,0,0,0,,,
510,INDORE,VISAKHAPATNAM,89,95,0,0.005,0,0,,,
511,Itanagar,KOLKATA,4481,4845,0,0.054,0,0,,,
512,Itanagar,TEZU,9,13,0,0,0,0,,,
513,JABALPUR,JAGDALPUR,249,196,0,0,0,0,,,
514,JABALPUR,MUMBAI,4340,4912,0,0.067,0,0,,,
515,JAIPUR,JAMMU,-,23,-,0,-,0,,,
516,JAIPUR,KOCHI,1230,-,1.095,-,0,-,,,
517,JAIPUR,KOLKATA,19905,18925,152.41313987490798,71.74865999999997,2.672,1.747,,,
518,JAIPUR,KULLU,450,191,0,0,0,0,,,
519,JAIPUR,LUCKNOW,2089,2113,0.028,0.061,0,0.284,,,
520,JAIPUR,MUMBAI,29854,31090,175.9555,147.4145,5.335,20.073259999999998,,,
521,JAIPUR,PUNE,7430,12805,25.81848,26.872410000000002,0,0,,,
522,JAIPUR,UDAIPUR,2085,1734,0.001,0,0,0,,,
523,JAIPUR,HINDON AIRPORT,151,88,0,0,0,0,,,
524,JALGAON,MUMBAI,621,568,0,0,0,0,,,
525,JALGAON,PUNE,1393,1439,0,0,0,0,,,
526,JAMMU,KOLKATA,841,702,0.16,0.095,0,0,,,
527,JAMMU,LEH,1414,1528,3.7182,0,1.2194,0,,,
528,JAMMU,MUMBAI,2946,2827,0,6.815,0,0.589,,,
529,JAMMU,SRINAGAR,28089,26411,9.926289999999998,4.9235299999999995,0,2.161,,,
530,JAMNAGAR,MUMBAI,4579,4861,1.339,2.1475,1.234499999999999,0,,,
531,JAMSHEDPUR,KOLKATA,242,170,0,0,0,0,,,
532,JEYPORE,VISAKHAPATNAM,182,170,0,0,0,0,,,
533,JHARSUGUDA,KOLKATA,2080,2035,0,0.007,0,0,,,
534,JHARSUGUDA,LUCKNOW,753,761,0,0,0,0,,,
535,JHARSUGUDA,MUMBAI,3738,4635,0,0,0,0,,,
536,JHARSUGUDA,RAIPUR,250,223,0,0,0,0,,,
537,JODHPUR,MUMBAI,8304,9920,0.421,1.3728,1.10091,9.593069999999999,,,
538,JODHPUR,PUNE,3818,4482,3.8,0.071,0.296,0,,,
539,JORHAT,KOLKATA,5019,5244,0.741,6.02,0,0,,,
540,JORHAT,PASIGHAT,4,5,0,0,0,0,,,
541,JORHAT,TEZU,91,59,0,0,0,0,,,
542,Cuddapah,VIJAYAWADA,311,198,0,0,0,0,,,
543,KANDLA,MUMBAI,1125,1386,0,0,0,0,,,
544,KANNUR,KOCHI,1216,1550,0,0,0,0.003,,,
545,KANNUR,MUMBAI,5645,6874,0.371,1.614,0,0.071,,,
546,KANNUR,TRIVANDRUM,901,783,0.761,0.001,0,0,,,
547,KANPUR,MUMBAI,5027,5396,0,4.21,0,2.846,,,
548,KOCHI,KOLKATA,3753,3570,14.689,24.335520000000006,0,0,,,
549,KOCHI,KOZHIKODE,1432,1550,0.008,0.005,0,0,,,
550,KOCHI,MUMBAI,45063,47751,116.34,198.1024,20.55749,13.58372,,,
551,KOCHI,PATNA,178,187,0.874,0.073,0,0,,,
552,KOCHI,PUNE,8518,8350,7.023000000000001,22.7845,0,0,,,
553,KOCHI,RAIPUR,338,385,0.59,0.117,0,0,,,
554,KOCHI,SALEM,1085,1020,0,0,0,0,,,
555,KOCHI,Shivamogga Airport,10,-,0,-,0,-,,,
556,KOCHI,TRIVANDRUM,1501,1553,0.058,0.048,0,0,,,
557,KOCHI,VARANASI,451,205,0,0.036,0,0,,,
558,KOLHAPUR,MUMBAI,1092,1356,0,0,0,0,,,
559,KOLHAPUR,TIRUPATI,537,1013,0,0,0,0,,,
560,KOLHAPUR,VIJAYAWADA,25,19,0,0,0,0,,,
561,KOLKATA,LILABARI,665,616,0,0,0,0,,,
562,KOLKATA,LUCKNOW,10017,10531,55.414,42.52,6.97,2.112,,,
563,KOLKATA,MUMBAI,95768,100993,569.91106,859.8024800000001,13.46452,28.79084000000001,,,
564,KOLKATA,NAGPUR,5097,5320,13.707,20.443,0.065,2.964,,,
565,KOLKATA,PATNA,18649,16987,33.81,11.412,23.094,2.591,,,
566,KOLKATA,PORT BLAIR,19349,22725,56.893,61.408,21.61466,12.097,,,
567,KOLKATA,PUNE,19930,21281,107.9918,120.043,3.10235,2.5441,,,
568,KOLKATA,RAIPUR,11614,12745,27.208,0.135,3.006,0,,,
569,KOLKATA,RANCHI,8262,9180,4.845,1.331,5.509,1.302,,,
570,KOLKATA,ROURKELA,305,358,0,0,0,0,,,
571,KOLKATA,SHILLONG,2713,1818,0.155,0,0,0,,,
572,KOLKATA,SILCHAR,14153,13840,47.168099999999995,0.277,3.7464900000000005,0,,,
573,KOLKATA,SRINAGAR,7947,9600,10.686380000000002,4.188,0.473,0.653,,,
574,KOLKATA,SURAT,4882,5300,40.593,47.334,0,0.159,,,
575,KOLKATA,TIRUPATI,4,-,0,-,0,-,,,
576,KOLKATA,VARANASI,7731,8241,2.846,30.118,1.292,0,,,
577,KOLKATA,VISAKHAPATNAM,4234,4699,1.3,26.386,0,0,,,
578,KOLKATA,HINDON AIRPORT,5007,4775,0,0,0,0,,,
579,KOZHIKODE,MUMBAI,7176,7022,0.004,6.68386,0,6.991,,,
580,KOZHIKODE,VARANASI,28,-,0,-,0,-,,,
581,KURNOOL,VISAKHAPATNAM,367,328,0,0.007,0,0,,,
582,LEH,MUMBAI,2898,3957,0.047,0.724,0,0,,,
583,LEH,SRINAGAR,819,1089,0,0.19140000000000001,0,0,,,
584,LUCKNOW,MUMBAI,35829,37909,277.45255,168.0446,5.435,23.88397,,,
585,LUCKNOW,PATNA,3938,3622,9.608,0.859,3.252,0.677,,,
586,LUCKNOW,PUNE,6305,11676,53.255,31.493000000000002,0.294,0.502,,,
587,LUCKNOW,RAIPUR,3042,3865,2.402,0,0.6,0,,,
588,LUCKNOW,RANCHI,1403,1600,0.959,1.238,0.863,0,,,
589,LUCKNOW,SILCHAR,98,124,0,0,0,0,,,
590,LUCKNOW,SRINAGAR,4538,4378,0.002,0.212,0.07,0.43,,,
591,LUDHIANA,HINDON AIRPORT,102,87,0,0,0,0,,,
592,MADURAI,MUMBAI,5460,5862,18.979,8.173,0.196,3.96,,,
593,MADURAI,VIJAYAWADA,124,111,0,0,0,0,,,
594,Malvan,PUNE,392,514,0,0,0,0,,,
595,MANGALORE,MUMBAI,22948,24550,3.468,3.687,61.482,2.692,,,
596,MUMBAI,NAGPUR,30761,28988,110.86699999999999,113.3141,55.89387000000001,11.45811,,,
597,MUMBAI,PATNA,17518,15918,83.5461,21.9158,24.89218,1.6950100000000003,,,
598,MUMBAI,PORBANDAR,401,351,0.10454000000000001,0,0,0,,,
599,MUMBAI,PUNE,203,-,0,-,0,-,,,
600,MUMBAI,RAIPUR,16123,15464,106.82501,0.223,15.413,0,,,
601,MUMBAI,RAJAHMUNDRY,3594,3790,0.339,0.029,0,0,,,
602,MUMBAI,Rajkot International Airport,22896,21516,11.1781,0,13.153809999999998,0,,,
603,MUMBAI,RANCHI,16276,13394,35.654,7.12,6.483,0.986,,,
604,MUMBAI,SRINAGAR,26387,30948,101.61223000000001,32.924279999999996,1.4346999999999999,1.946,,,
605,MUMBAI,TIRUCHIRAPALLY,6687,5856,1.352,0.151,0.063,0,,,
606,MUMBAI,TIRUPATI,4548,4201,0.251,6.82,0,0.082,,,
607,MUMBAI,TRIVANDRUM,15253,15150,18.302999999999997,4.3484,6.190269999999997,3.8993299999999995,,,
608,MUMBAI,UDAIPUR,25054,21800,15.854500000000002,1.161,0,0,,,
609,MUMBAI,VADODARA,13444,13841,39.3247,0.065,14.246860000000002,0,,,
610,MUMBAI,VARANASI,31496,30527,113.7981,17.461,9.73618,0.633,,,
611,MUMBAI,VIJAYAWADA,6731,7306,16.525,6.4317,2.7271599999999996,0.07699999999999999,,,
612,MUMBAI,VISAKHAPATNAM,8768,8842,14.5644,49.812999999999995,5.6198099999999975,1.415,,,
613,MUMBAI,Ayodhya International Airport ,12319,11935,0.886,0,0,0,,,
614,MUMBAI,HINDON AIRPORT,2624,2382,0,0,0,0,,,
615,MUMBAI,Amravati Airport,285,259,0,0,0,0,,,
616,NAGPUR,PUNE,12979,14086,8.249,38.49,7.857,2.492,,,
617,NAGPUR,RAIPUR,-,432,-,0,-,0,,,
618,NANDED,PUNE,1442,1437,0,0,0,0,,,
619,NANDED,HINDON AIRPORT,2090,2005,0,0,0,0,,,
620,NASIK,SHIRDI,105,-,0,-,0,-,,,
621,PANTNAGAR,PITHORAGARH,120,106,0,0,0,0,,,
622,PATNA,PUNE,4755,5369,2.605,18.384,0.556,1.068,,,
623,PATNA,RANCHI,3146,2681,0.051,0.135,1.089,0,,,
624,PATNA,VARANASI,-,171,-,0,-,0,,,
625,PORT BLAIR,VISAKHAPATNAM,1078,1009,0.303,1.7910000000000001,0,0,,,
626,PUNE,RAIPUR,5750,5747,2.733,0,0.446,0,,,
627,PUNE,Rajkot International Airport,2696,2499,0.532,0,0,0,,,
628,PUNE,RANCHI,5191,4887,27.794,15.407,0.214,0.249,,,
629,PUNE,SRINAGAR,187,-,0,-,0,-,,,
630,PUNE,SURAT,2725,2190,7.585,3.828,0.366,0.221,,,
631,PUNE,TRIVANDRUM,2148,1984,1.015,0.147,0.146,0,,,
632,PUNE,VADODARA,2082,1835,0.403,0,0,0,,,
633,PUNE,VARANASI,9788,8141,1.58945,0.52628,0.057,0,,,
634,RAIPUR,Utkela,7,10,0,0,0,0,,,
635,RAIPUR,VISAKHAPATNAM,923,997,0,0,0,0,,,
636,RAIPUR,Ambikapur Airport,40,52,0,0,0,0,,,
637,RAJAHMUNDRY,TIRUCHIRAPALLY,47,52,0,0,0,0,,,
638,RAJAHMUNDRY,VIJAYAWADA,-,230,-,0,-,0,,,
639,RANCHI,VARANASI,166,-,0,-,0,-,,,
640,Shivamogga Airport,TIRUPATI,1026,834,0,0,0,0,,,
641,TIRUPATI,VIJAYAWADA,769,1087,0,0,0.719,0,,,
642,TIRUPATI,VISAKHAPATNAM,1878,1737,0.001,0.001,0,0.135,,,
643,VARANASI,VISAKHAPATNAM,787,722,0,0,0,0,,,
644,VARANASI,Ayodhya International Airport ,-,133,-,0,-,0,,,
645,VIJAYAWADA,VISAKHAPATNAM,3737,2634,0.028,0.076,0,2.676,,,
SUB TOTAL,,,7165422,7149266,33090.33724989695,29540.435296981483,1882.0742400000008,1469.123979999999,,,
TOTAL,,,14314688,,62630.772546878434,,3351.1982199999998,,,,
