"City Pair wise  Passenger, Freight & Mail Traffic Statistics For October 2025 (Provisional)
( Scheduled Domestic Services )",Unnamed: 1,Unnamed: 2,Unnamed: 3,Unnamed: 4,Unnamed: 5,Unnamed: 6,Unnamed: 7,Unnamed: 8
"Passengers ( In Number ), Freight ( In Tonne ), Mail ( In  Tonne )",,,,,,,,
S.No.,CITY 1,CITY 2,"PASSENGERS 
TO CITY 2","PASSENGERS 
FROM CITY 2","FREIGHT 
TO CITY 2","FREIGHT 
FROM CITY 2","MAIL 
TO CITY 2","MAIL 
FROM CITY 2"
1,ADAMPUR,MUMBAI,4149,5330,0,0.194,0,0
2,ADAMPUR,HINDON AIRPORT,1476,1542,0,0,0,0
3,AGARTALA,AHMEDABAD,7,25,0.254,0.071,0,0
4,AGARTALA,BAGDOGRA,151,357,0,0,0,0
5,AGARTALA,BENGALURU,3759,3193,30.639,3.991,0,0.258
6,AGARTALA,CHENNAI,919,893,0.096,1.938,0,0
7,AGARTALA,DELHI,7479,7868,3.832,38.452,0.961,0.915
8,AGARTALA,DIBRUGARH,1078,510,0.019,0.017,0,0
9,AGARTALA,GUWAHATI,14134,13537,8.521,47.424,1.159,1.8398
10,AGARTALA,HYDERABAD,3446,3517,0.15,14.007,0,0
11,AGARTALA,IMPHAL,2070,1782,4.8,2.904,0.1,0
12,AGARTALA,JAIPUR,9,14,0,0,0,0
13,AGARTALA,KOLKATA,37795,32844,11.071,137.333,2.731,1.306
14,AGARTALA,SILCHAR,53,67,0,0,0,0
15,AGATTI ISLAND,BENGALURU,832,1077,0,0.215,0,0
16,AGATTI ISLAND,Goa,1539,2060,0,0,0,0
17,AGATTI ISLAND,KOCHI,1420,2168,0,0.028,0,0
18,AGATTI ISLAND,KOZHIKODE,872,771,0,0,0,0
19,AGRA,AHMEDABAD,1755,2043,0.886,0.028,0,0
20,AGRA,BENGALURU,3429,3641,1.251,3.251,0,0
21,AGRA,DELHI,-,2,-,0.016,-,0
22,AGRA,HYDERABAD,1773,2005,1.441,2.26,0,0
23,AGRA,JAIPUR,-,69,-,0,-,0
24,AGRA,MUMBAI,1900,2336,0.385,0.145,0,0
25,AHMEDABAD,Kishangarh,1679,1645,0.07,0,0,0
26,AHMEDABAD,AMRITSAR,2721,2404,0.506,0,0.176,0
27,AHMEDABAD,BAGDOGRA,6807,5027,5.2835,37.74103,0.222,0.107
28,AHMEDABAD,BELGAUM,567,541,0,0,0,0
29,AHMEDABAD,BENGALURU,51070,47438,706.072,537.9466699999999,2.739,8.24225
30,AHMEDABAD,BHOPAL,4025,3412,0.409,0.046,1.224,0.458
31,AHMEDABAD,BHUBANESWAR,4798,4558,22.053,2.73,2.335,1.182
32,AHMEDABAD,CHANDIGARH,8308,5464,24.377,27.355,2.31,0.847
33,AHMEDABAD,CHENNAI,15186,14728,160.549,141.472,2.459,6.146
34,AHMEDABAD,COIMBATORE,1170,1334,6.561,9.355,0,0.052
35,AHMEDABAD,DABOLIM,13788,12821,17.166,4.556,0,0.159
36,AHMEDABAD,DehraDun,4247,3959,5.325,0.269,1.366,0.104
37,AHMEDABAD,DELHI,104821,86037,1989.9513696999998,1607.4180300000003,10.045200000000001,14.48875
38,AHMEDABAD,DIBRUGARH,53,15,0.069,0.799,0,0.005
39,AHMEDABAD,DIMAPUR,67,53,0.062,1.339,0,0
40,AHMEDABAD,DIU,1854,1592,0.031,0,0,0
41,AHMEDABAD,DURGAPUR,227,185,0.395,3.425,0,0
42,AHMEDABAD,Goa,19637,18643,38.749236,20.14996,0.371,0.0035
43,AHMEDABAD,GUWAHATI,4937,4513,17.961,12.078,4.528,0.566
44,AHMEDABAD,HYDERABAD,32203,25682,186.997,111.247,2.501,2.523
45,AHMEDABAD,INDORE,5239,5003,0.498,0.071,0.766,1.009
46,AHMEDABAD,JAIPUR,8523,7703,1.19,9.335,0.858,0
47,AHMEDABAD,JALGAON,243,246,0,0,0,0
48,AHMEDABAD,JAMMU,2974,1708,2.632,0.113,0,0
49,AHMEDABAD,JAMNAGAR,1280,905,0,0,0,0
50,AHMEDABAD,JODHPUR,1641,1380,0.003,0.008,0,0
51,AHMEDABAD,KESHOD,59,49,0,0,0,0
52,AHMEDABAD,KOCHI,11383,9355,43.740300000000005,16.192,2.881,2.303
53,AHMEDABAD,KOLKATA,27881,23876,236.49409,131.79975000000002,6.245,2.87153
54,AHMEDABAD,LUCKNOW,19987,11278,53.728,20.87,2.433,1.185
55,AHMEDABAD,MUMBAI,83400,84607,842.2862699999998,712.2750500000001,13.7499,36.71845999999999
56,AHMEDABAD,NAGPUR,4035,3731,0.425,0.019,0.949,2.987
57,AHMEDABAD,NANDED,904,235,0,0,0,0
58,AHMEDABAD,NASIK,2030,2033,0.054,0,0,0
59,AHMEDABAD,PATNA,9570,5623,43.37211,1.886,3.324,1.881
60,AHMEDABAD,PUNE,26277,27662,150.16778,123.73151,4.149,1.483
61,AHMEDABAD,RAIPUR,5098,4707,25.602,0.21,1.253,0
62,AHMEDABAD,Rajkot International Airport,-,136,-,0,-,0
63,AHMEDABAD,RANCHI,5247,4804,12.463,1.562,1.852,0.657
64,AHMEDABAD,SRINAGAR,2770,2070,0.55,1.286,0.513,0
65,AHMEDABAD,TRIVANDRUM,1611,1666,1.451,0.215,0,0
66,AHMEDABAD,VARANASI,6911,5500,11.69421,7.011,0.531,0
67,AHMEDABAD,VISAKHAPATNAM,360,556,1.494,1.132,0,0
68,AHMEDABAD,Ayodhya International Airport ,4811,3137,2.739,0.238,0,0
69,AHMEDABAD,HINDON AIRPORT,4464,3608,0,0,0,0
70,AHMEDABAD,Purnia Airport ,1966,1354,0,0,0,0
71,AIZAWL,BENGALURU,104,134,2.553,2.274,0,0
72,AIZAWL,DELHI,5490,5671,18.807,33.952,0,0.847
73,AIZAWL,GUWAHATI,4581,4503,0.63,20.143,3.103,7.287
74,AIZAWL,IMPHAL,226,226,0,0,0,0
75,AIZAWL,KOLKATA,5135,5057,11.285,8.003,14.997,9.997
76,AIZAWL,LUCKNOW,8,10,0,0,0,0
77,AIZAWL,SHILLONG,164,99,0,0,0,0
78,Kishangarh,LUCKNOW,731,1264,0,0,0,0
79,Kishangarh,NAGPUR,1142,1389,0,0,0,0
80,Kishangarh,PUNE,1120,1747,0,0,0,0
81,Kishangarh,HINDON AIRPORT,865,982,0,0,0,0
82,PRAYAGRAJ,BENGALURU,3305,4100,0.002,0.478,1.639,2.3
83,PRAYAGRAJ,BHUBANESWAR,909,949,0,0,0,0
84,PRAYAGRAJ,BILASPUR,187,56,0,0,0,0
85,PRAYAGRAJ,DELHI,4880,5311,0.043,1.609,0,10.809
86,PRAYAGRAJ,HYDERABAD,1783,2249,0,0.274,0.499,0
87,PRAYAGRAJ,INDORE,60,65,0,0,0,0
88,PRAYAGRAJ,KOLKATA,-,25,-,0,-,0
89,PRAYAGRAJ,MUMBAI,9572,11805,0.061,1.842,0.95,10.36
90,PRAYAGRAJ,RAIPUR,277,426,0,0,0,0
91,AMRITSAR,BENGALURU,4627,5826,22.855,7.058,0,2.958
92,AMRITSAR,CHENNAI,142,178,10.481,0.025,0,0
93,AMRITSAR,DELHI,42357,46879,55.1325,40.045165999999995,0,0.36748000000000003
94,AMRITSAR,GUWAHATI,177,224,0,0,0,0.005
95,AMRITSAR,HYDERABAD,3353,3674,11.506,0.39,0,0.324
96,AMRITSAR,KOCHI,174,269,0.07,0.006,0,0
97,AMRITSAR,KOLKATA,1932,1914,0.505,0.481,0,0
98,AMRITSAR,KULLU,39,40,0,0,0,0
99,AMRITSAR,MUMBAI,10912,13850,3.6105,39.564389999999996,0,4.995690000000001
100,AMRITSAR,PUNE,4024,4913,1.163,1.492,0,0.062
101,AMRITSAR,SIMLA,49,32,0,0,0,0
102,AMRITSAR,SRINAGAR,5115,4473,1.546,0.639,0.29,1.868
103,AURANGABAD,BENGALURU,2164,2212,0,0.694,0,2.312
104,AURANGABAD,COIMBATORE,33,24,0,0,0,0
105,AURANGABAD,DABOLIM,828,658,0,0.007,0,0
106,AURANGABAD,DELHI,11157,10767,0,139.2815,0,4.439
107,AURANGABAD,HYDERABAD,3522,3031,0,0.028,0,0
108,AURANGABAD,MUMBAI,9210,9059,0,14.565,0,19.109
109,BAGDOGRA,BENGALURU,28485,26169,61.1092,104.67201,0.181,4.79855
110,BAGDOGRA,BHUBANESWAR,780,757,0.001,0,0,0
111,BAGDOGRA,CHENNAI,8594,10835,10.997,9.955,1.198,0.57
112,BAGDOGRA,DELHI,47079,52884,197.4697548,287.7564062,2.2201,7.159
113,BAGDOGRA,DIBRUGARH,3924,3553,0,0,0,0
114,BAGDOGRA,DURGAPUR,406,377,0.01,0,0,0
115,BAGDOGRA,GUWAHATI,853,4219,1.12648,17.92,0,0.42366
116,BAGDOGRA,HYDERABAD,15190,16626,37.828,10.238000000000001,0.687,0
117,BAGDOGRA,IMPHAL,610,751,0,0,0,0
118,BAGDOGRA,KOLKATA,26290,22544,54.3442,21.32513,7.143,4.16
119,BAGDOGRA,LEH,-,1,-,0,-,0
120,BAGDOGRA,MUMBAI,14511,15911,33.14397,70.30989,1.521,1.46713
121,BAGDOGRA,PATNA,9,39,0,0,0,0
122,BAREILLY,BENGALURU,2143,2232,0,0.316,0,0
123,BAREILLY,MUMBAI,2716,3352,0,0.158,0,0
124,BELGAUM,BENGALURU,4137,4325,0.01,0.207,0,0
125,BELGAUM,DELHI,4707,4003,0.026,0.373,0,0
126,BELGAUM,HYDERABAD,2107,2097,0.093,0.03,0,0
127,BELGAUM,JAIPUR,781,705,0,0,0,0
128,BELGAUM,MUMBAI,1420,1488,0,0,0,0
129,BENGALURU,BHOPAL,11271,10741,33.774,15.393,10.877,1.552
130,BENGALURU,BHUBANESWAR,30920,29295,159.52900000000002,16.46955,13.547349999999998,0
131,BENGALURU,BIDAR ,1210,1803,0,0,0,0
132,BENGALURU,CHANDIGARH,21001,19120,102.86,103.873,7.942,0
133,BENGALURU,CHENNAI,65149,64736,618.0400753999999,557.916,19.456,28.97683
134,BENGALURU,COIMBATORE,16498,17055,26.258,28.375,5.141,2.264
135,BENGALURU,DABOLIM,38830,39342,49.156,41.462999999999994,1.036,0.875
136,BENGALURU,DARBHANGA,3907,2512,0.8333699999999999,23.40724,0,0
137,BENGALURU,DehraDun,8668,8584,7.996,20.684,5.738,0.633
138,BENGALURU,DELHI,189596,184679,4088.6834592000014,4097.3557068,22.44893,25.737
139,BENGALURU,Deoghar ,5223,4660,0.058,0,0,0
140,BENGALURU,DIBRUGARH,512,376,0.409,0,0,0
141,BENGALURU,DURGAPUR,5371,5245,3.186,11.533,0,0
142,BENGALURU,Goa,30984,30282,20.947,40.161,0,0
143,BENGALURU,GORAKHPUR,12003,11079,61.5085,54.86118,1.7659500000000001,0.519
144,BENGALURU,GUWAHATI,37881,33227,305.53185,75.4608,11.77696,3.88863
145,BENGALURU,GWALIOR,4393,3447,0,0,0,0
146,BENGALURU,HUBLI,3788,3984,0.661,0.691,0.27,0.859
147,BENGALURU,HYDERABAD,94514,92340,658.2439271000001,181.67656329999997,31.59,19.6863
148,BENGALURU,IMPHAL,791,607,6.592,23.086,0.006,0
149,BENGALURU,INDORE,23532,20440,148.251,60.665,4.938,1.731
150,BENGALURU,JABALPUR,4502,4008,0.086,0,0,0
151,BENGALURU,JAIPUR,33847,30355,106.928,161.863,14.479,1.771
152,BENGALURU,JAISALMER,991,791,0,0,0,0
153,BENGALURU,JAMMU,2566,2509,3.467,0,0.084,0
154,BENGALURU,JHARSUGUDA,5022,4844,0.181,0,0,0
155,BENGALURU,JODHPUR,6552,6364,4.61,1.219,3.558,2.002
156,BENGALURU,KALABURAGI,134,107,0,0,0,0
157,BENGALURU,KANNUR,5671,6250,0.197,0.06,0.157,0
158,BENGALURU,KANPUR,4339,3474,1.608,1.201,0,0
159,BENGALURU,KOCHI,53276,55007,286.37823,106.0758,28.461,10.296
160,BENGALURU,KOLHAPUR,2019,2116,0.224,2.504,0,0
161,BENGALURU,KOLKATA,103186,99045,948.34519,828.5503100000002,19.209,9.13877
162,BENGALURU,KOZHIKODE,12421,13975,6.474,0.169,1.552,0
163,BENGALURU,KURNOOL,179,206,0.037,0,0,0
164,BENGALURU,LUCKNOW,42695,33606,416.6756,228.92870000000002,18.89806,2.755
165,BENGALURU,MADURAI,9246,8502,0.52,0.208,1.505,1.164
166,BENGALURU,Malvan,1081,925,0,0,0,0
167,BENGALURU,MANGALORE,35375,37491,14.722,3.498,1.908,197.996
168,BENGALURU,MUMBAI,152514,165883,1638.4475232,1594.850054,12.71423,32.608019999999996
169,BENGALURU,NAGPUR,15740,14855,75.569,29.949,7.677,5.795
170,BENGALURU,NANDED,1851,1780,0,0,0,0
171,BENGALURU,NASIK,4969,4956,0.94,0.177,0.38,0.159
172,BENGALURU,PATNA,36202,24150,155.86332290000001,16.75734,41.919,3.534
173,BENGALURU,PONDICHERRY,1951,1959,0.357,0,0,0
174,BENGALURU,PORT BLAIR,9800,9616,21.734,6.55,2.605,0.88
175,BENGALURU,PUNE,70666,74320,392.72703,238.404,13.741140000000001,4.377000000000001
176,BENGALURU,RAIPUR,11736,11160,45.637,1.824,7.505,0
177,BENGALURU,RAJAHMUNDRY,3572,3474,0.039,0.004,0,0
178,BENGALURU,Rajkot International Airport,6035,6113,13.658,9.628,1.691,0
179,BENGALURU,RANCHI,20333,17938,305.135,24.857200000000002,7.045,1.575
180,BENGALURU,SALEM,1254,1430,0.222,0,0,0
181,BENGALURU,SHIRDI,6222,6048,7.406,0,0,0
182,BENGALURU,Shivamogga Airport,1673,1491,0.27,0,0,0
183,BENGALURU,SILCHAR,50,18,0.163,0,0,0
184,BENGALURU,SRINAGAR,1851,2373,2.573,15.532,1.099,0
185,BENGALURU,SURAT,14355,14799,27.479,72.357,1.603,1.795
186,BENGALURU,TIRUCHIRAPALLY,10084,10044,2.25,0.085,1.049,0
187,BENGALURU,TIRUPATI,3373,3128,0.077,0.001,0.268,0
188,BENGALURU,TRIVANDRUM,28565,31124,30.244999999999997,22.757,11.425,4.843
189,BENGALURU,TUTICORIN,1928,1986,0.206,0,0,0
190,BENGALURU,UDAIPUR,5255,5329,14.618,0.53,0,0
191,BENGALURU,VADODARA,4762,4955,9.597,0,5.694,0
192,BENGALURU,VARANASI,41366,36037,369.41865,281.59833,7.2547999999999995,0.246
193,BENGALURU,VIJAYAWADA,11717,11724,1.009,0.036,1.026,0.297
194,BENGALURU,VISAKHAPATNAM,23113,21816,82.196,11.74,6.699,0.758
195,BENGALURU,Ayodhya International Airport ,11713,9128,0.189,0,0,0
196,BENGALURU,HINDON AIRPORT,16423,15002,0.128,0,0,0
197,BHATINDA,DELHI,189,218,0,0,0,0
198,BHOPAL,DABOLIM,949,735,0.206,0.036,0,0.01
199,BHOPAL,DELHI,25851,24020,16.464000000000002,122.10400000000001,14.04899,20.171580000000002
200,BHOPAL,HYDERABAD,3872,3817,0.024,0.271,0.586,0.938
201,BHOPAL,MUMBAI,13047,14739,20.9855,58.6991745,3.85115,17.21645
202,BHOPAL,PUNE,3302,4464,0,2.029,0,0.53
203,BHOPAL,RAIPUR,1963,1928,0,0,1.04,0
204,BHOPAL,REWA,138,112,0,0,0,0
205,BHOPAL,DATIA AIRPORT,10,-,0,-,0,-
206,BHUBANESWAR,CHANDIGARH,572,580,0.378,3.658,0,0
207,BHUBANESWAR,CHENNAI,10103,11922,1.527,30.52,2.098,7.072
208,BHUBANESWAR,DABOLIM,1583,1697,0.106,0.019,0,0.056
209,BHUBANESWAR,DehraDun,1942,2067,0,0,0,0
210,BHUBANESWAR,DELHI,48145,54189,96.31,471.83056450000004,8.212550000000002,13.199369999999998
211,BHUBANESWAR,DIMAPUR,39,24,0,0,0,0
212,BHUBANESWAR,DURGAPUR,771,718,0,0,0,0
213,BHUBANESWAR,Goa,271,272,0,0,0,0
214,BHUBANESWAR,GUWAHATI,5152,5168,0.469,3.52,0,0.551
215,BHUBANESWAR,HYDERABAD,23917,26384,6.153370000000001,37.842,0.712,8.309
216,BHUBANESWAR,INDORE,2751,3125,0.001,0.658,0,0
217,BHUBANESWAR,JAIPUR,1121,1189,0,0,0,0
218,BHUBANESWAR,JAMMU,34,25,0,0,0,0
219,BHUBANESWAR,JAMSHEDPUR,193,236,0,0,0,0
220,BHUBANESWAR,JEYPORE,468,478,0,0,0,0
221,BHUBANESWAR,JHARSUGUDA,1507,1637,0,0,0,0
222,BHUBANESWAR,KOCHI,684,716,0.1,1.934,0,0
223,BHUBANESWAR,KOLKATA,16095,16020,5.386,14.307,0,7.765
224,BHUBANESWAR,LUCKNOW,1787,2171,0.519,1.753,0,0.323
225,BHUBANESWAR,MUMBAI,21267,26023,20.452,78.461,4.151,8.883
226,BHUBANESWAR,PATNA,3578,2960,0.048,0.004,0.648,2.869
227,BHUBANESWAR,PORT BLAIR,2336,2730,5.118,0,0,0
228,BHUBANESWAR,PUNE,3957,4227,0,0,0,0
229,BHUBANESWAR,RAIPUR,3226,3372,0.693,0.066,0,0
230,BHUBANESWAR,RANCHI,2100,1807,0.006,0.028,0,0.378
231,BHUBANESWAR,Utkela,121,158,0,0,0,0
232,BHUBANESWAR,VARANASI,1242,1329,0.001,0,0,0
233,BHUBANESWAR,VISAKHAPATNAM,2566,3630,0,1.506,0,0
234,BHUJ,DELHI,4392,3965,0,0.0695,0,0
235,BHUJ,MUMBAI,5708,5907,0,0.111,0,0
236,BHUJ,SURAT,893,934,0,0,0,0
237,BIKANER,DELHI,1919,2063,0,0.208,0,0
238,BIKANER,JAIPUR,-,70,-,0,-,0
239,BILASPUR,DELHI,263,278,0,0,0,0
240,BILASPUR,JABALPUR,197,154,0,0,0,0
241,BILASPUR,JAGDALPUR,119,39,0,0,0,0
242,BILASPUR,KOLKATA,124,92,0,0,0,0
243,BILASPUR,VARANASI,58,-,0,-,0,-
244,BILASPUR,Ambikapur Airport,5,4,0,0,0,0
245,CHANDIGARH,CHENNAI,3855,4683,49.709,34.554,0.183,1.404
246,CHANDIGARH,DABOLIM,4760,5618,3.979,9.797,0,0.149
247,CHANDIGARH,DELHI,30569,31229,106.4135,47.465697399999996,7.933000000000001,11.473269999999996
248,CHANDIGARH,DHARAMSALA,1193,1089,0.013,0,0,0
249,CHANDIGARH,GUWAHATI,586,833,8.253,1.356,0.241,0.296
250,CHANDIGARH,HISSAR,34,32,0,0,0,0
251,CHANDIGARH,HYDERABAD,10857,11846,83.871,36.619,0.661,1.73
252,CHANDIGARH,INDORE,1565,1379,8.947,1.197,0.439,0
253,CHANDIGARH,JAIPUR,4565,4917,0.005,0.142,0,0
254,CHANDIGARH,JAMMU,1057,1063,0.038,0,0,0
255,CHANDIGARH,KOLKATA,11800,11546,65.3808323,80.9697996,0.8340000000000002,0.5993
256,CHANDIGARH,LEH,390,777,0.207,0.138,0,0
257,CHANDIGARH,LUCKNOW,3401,3013,3.171,0.603,0.335,2.245
258,CHANDIGARH,MUMBAI,17470,20649,107.4085,173.8619299,2.477,7.94639
259,CHANDIGARH,PANTNAGAR,-,15,-,0,-,0
260,CHANDIGARH,PATNA,3526,2518,3.261,0.077,0.328,0.945
261,CHANDIGARH,PUNE,4227,5309,28.545,27.438,0,0
262,CHANDIGARH,SRINAGAR,7603,8550,4.912,1.25,0.57,1.372
263,CHANDIGARH,UDAIPUR,-,202,-,0,-,0
264,CHENNAI,COIMBATORE,36599,37403,24.502,97.727,3.077,12.551
265,CHENNAI,DABOLIM,4945,5041,6.449,11.036,0.663,0.602
266,CHENNAI,DehraDun,688,712,1.915,31.587,0,0.423
267,CHENNAI,DELHI,89247,87184,2211.9998699000007,1893.1057603999998,54.85658000000001,31.18826
268,CHENNAI,DURGAPUR,3641,3618,0.225,3.727,0,0
269,CHENNAI,Goa,6406,7057,7.585,32.85,0,0.637
270,CHENNAI,GUWAHATI,15967,15673,45.37,23.839,6.414,2.831
271,CHENNAI,HYDERABAD,67639,66702,543.00058,526.57233,16.1,16.276
272,CHENNAI,INDORE,7724,7712,40.841,94.541,2.017,1.608
273,CHENNAI,JAIPUR,7409,7129,44.9,71.976,5.398,1.023
274,CHENNAI,JAMMU,33,38,0,0,0,0
275,CHENNAI,Cuddapah,518,538,0.078,0,0,0
276,CHENNAI,KANNUR,1418,1781,0.02,0,0,0
277,CHENNAI,KANPUR,21,8,0,0,0,0
278,CHENNAI,KOCHI,28185,32761,53.66955,39.098,14.088,6.405
279,CHENNAI,KOLKATA,45739,42395,230.44536,166.48917,14.443,3.469
280,CHENNAI,KOZHIKODE,3735,4261,0.429,0.016,1.009,0
281,CHENNAI,LUCKNOW,4019,3610,43.523,20.802,2.851,1.752
282,CHENNAI,MADURAI,17115,16137,1.449,7.281,1.841,5.368
283,CHENNAI,MANGALORE,3653,3648,0.16,0.037,0,4.322
284,CHENNAI,MUMBAI,80161,91727,571.6372981000001,704.8927723999999,42.32358000000001,27.923019999999998
285,CHENNAI,MYSORE,1944,1872,0.244,0,0,0
286,CHENNAI,PATNA,9520,6685,24.094,2.057,32.557,2.124
287,CHENNAI,PORT BLAIR,22465,22041,159.6586,88.168,34.985730000000004,5.192
288,CHENNAI,PUNE,32131,36660,323.91883,197.32073,5.871,3.617
289,CHENNAI,RAIPUR,5907,4405,12.997,13.229,0.874,0
290,CHENNAI,RAJAHMUNDRY,1933,1891,0.059,0.003,0,0
291,CHENNAI,RANCHI,5319,4434,21.465,2.384,2.397,0.406
292,CHENNAI,SALEM,1771,1913,0.107,0,0,0
293,CHENNAI,SHIRDI,4817,4958,0.518,0,0,0
294,CHENNAI,Shivamogga Airport,646,803,0.9552499999999998,1.709,0,0
295,CHENNAI,SURAT,2312,2687,16.165,21.187,0.168,0.323
296,CHENNAI,TIRUCHIRAPALLY,12135,11846,0.371,0.057,0.321,0
297,CHENNAI,TRIVANDRUM,10210,12244,6.252,3.84,6.286,4.133
298,CHENNAI,TUTICORIN,10961,10769,0.57,0.245,0,0
299,CHENNAI,VADODARA,226,126,0.282,0,0,0
300,CHENNAI,VARANASI,6133,5235,4.337,16.71,0.414,0.056
301,CHENNAI,VIJAYAWADA,3771,3926,0.922,0.046,0,0
302,CHENNAI,VISAKHAPATNAM,12160,11496,24.884,11.022,7.52,1.596
303,CHENNAI,HINDON AIRPORT,6621,6661,0,0,0,0
304,COIMBATORE,DABOLIM,2045,2054,0,0,0,0
305,COIMBATORE,DELHI,18934,17844,253.00150000000002,221.67649999999998,5.377,3.27
306,COIMBATORE,DURGAPUR,13,22,0,0.007,0,0
307,COIMBATORE,GUWAHATI,388,251,7.796,0.769,1.285,0
308,COIMBATORE,HYDERABAD,22206,20209,99.079,20.272,2.386,3.266
309,COIMBATORE,JAIPUR,93,60,0.013,0,0,0
310,COIMBATORE,KOLKATA,-,5,-,0.12,-,0
311,COIMBATORE,LUCKNOW,20,-,0,-,0,-
312,COIMBATORE,MUMBAI,20489,23781,228.49599999999998,243.03975270000004,5.888,6.21265
313,COIMBATORE,NAGPUR,-,8,-,0,-,0
314,COIMBATORE,NASIK,35,42,0.002,0,0,0
315,COIMBATORE,PUNE,4832,4912,16.905,22.71,0,0.489
316,COIMBATORE,SHIRDI,14,30,0,0,0,0
317,COIMBATORE,VISAKHAPATNAM,103,243,0.034,0.015,0,0
318,COOCH BEHAR,KOLKATA,267,244,0,0,0,0
319,DABOLIM,DELHI,45812,43147,65.22200000000001,123.0046025,6.094710000000001,3.37108
320,DABOLIM,HYDERABAD,31606,31106,29.537,21.593,0.56,0.26
321,DABOLIM,INDORE,4903,4952,0.434,1.263,0.164,0
322,DABOLIM,JAIPUR,1007,1024,0,0.127,0.017,0
323,DABOLIM,KOCHI,4507,4043,9.458,3.123,0.267,0
324,DABOLIM,KOLKATA,6618,5685,5.418,12.022,0.984,0.18
325,DABOLIM,LUCKNOW,6169,4442,4.039,1.553,0.368,0.095
326,DABOLIM,MUMBAI,58704,64522,46.860699999999994,102.8575,4.4166,19.242299999999997
327,DABOLIM,NAGPUR,640,-,0.144,-,0.165,-
328,DABOLIM,NASIK,1042,1084,0.007,0,0,0
329,DABOLIM,PUNE,4239,4483,0.223,3.089,0.379,0
330,DABOLIM,RAIPUR,5716,5279,7.854,0.009,0.089,0
331,DABOLIM,SURAT,5814,5854,8.567,32.076,0.177,0.05
332,DABOLIM,HINDON AIRPORT,3581,3884,0,0,0,0
333,DARBHANGA,DELHI,16229,17894,5.449020000000001,28.318740000000002,0,0
334,DARBHANGA,HYDERABAD,3411,4364,0,0.139,0,0
335,DARBHANGA,KOLKATA,1594,1889,0,0.108,0,0
336,DARBHANGA,MUMBAI,10637,14468,0,34.26183,0,0
337,DARBHANGA,PUNE,5,-,0,-,0,-
338,DARBHANGA,SRINAGAR,-,9,-,0,-,0
339,DehraDun,DELHI,27256,29964,31.681,7.639,8.392,12.543
340,DehraDun,GUWAHATI,163,218,0.034,0,0,0.221
341,DehraDun,HYDERABAD,4949,4787,5.635,7.892,0.328,1.57
342,DehraDun,INDORE,41,87,0,0,0,0
343,DehraDun,JAIPUR,3485,3477,0,0,0,0
344,DehraDun,KOLKATA,2616,2495,4.801,0.78,0.17,0
345,DehraDun,KULLU,29,35,0,0,0,0
346,DehraDun,LUCKNOW,3800,4099,0.206,0.7,0.428,1.507
347,DehraDun,MUMBAI,9386,9488,3.112,8.542,0.832,2.398
348,DehraDun,PUNE,4004,4237,10.806,6.549,0.262,0.317
349,DELHI,Deoghar ,8961,7003,0.033,0,0,0
350,DELHI,DHARAMSALA,5749,4790,0.156,0,0,0
351,DELHI,DIBRUGARH,10318,9609,36.158,2.532,2.793,2.809
352,DELHI,DIMAPUR,5146,4597,5.858,17.909,4.041,8.666
353,DELHI,DURGAPUR,6260,5718,16.662,21.596,0,0
354,DELHI,GAYA,8475,6967,0.17,0,0,0
355,DELHI,Goa,47138,51253,163.0340564,136.4900826,0.291,4.36451
356,DELHI,GORAKHPUR,19882,17485,77.32041,57.18262,11.418,0
357,DELHI,GUWAHATI,68636,65497,777.7836023,181.71843479999998,12.33322,8.12758
358,DELHI,GWALIOR,4580,4054,0.206,0,0,0
359,DELHI,HISSAR,32,21,0,0,0,0
360,DELHI,HUBLI,4897,4683,5.48,3.023,0,0.383
361,DELHI,HYDERABAD,124438,127752,1666.1165317999996,1168.2572779000002,25.810000000000002,19.999499999999998
362,DELHI,IMPHAL,10438,10041,42.695,90.042,8.289,5.092
363,DELHI,INDORE,43874,46607,409.5457691,171.21521170000003,8.74157,5.53162
364,DELHI,Itanagar,5058,4828,1.787,0,0,0
365,DELHI,JABALPUR,5830,6093,0.755,0.781,3.666,0
366,DELHI,JAGDALPUR,289,461,0,0,0,0
367,DELHI,JAIPUR,22975,23358,37.979497,71.9,21.113999999999997,5.906
368,DELHI,JAISALMER,4895,4916,0.071,0,0,0
369,DELHI,JAMMU,33567,27751,50.6022,2.1415,4.813,0
370,DELHI,JHARSUGUDA,5283,5106,0.09,0,0,0
371,DELHI,JODHPUR,11167,10740,10.211,0.045,11.290740000000001,9.681
372,DELHI,JORHAT,2643,2332,1.557,0.041,0,0
373,DELHI,KANNUR,4434,4091,1.163,0.733,0,0
374,DELHI,KANPUR,5391,4687,1.034,0.975,8.377,0
375,DELHI,KHAJURAHO,473,543,0.116,0,0,0
376,DELHI,KOCHI,31905,37720,427.3937623999999,312.6816809,19.28711,15.596459999999999
377,DELHI,KOLKATA,121148,110479,1635.1137259000002,2472.9580260000007,35.863420000000005,24.71251
378,DELHI,KOZHIKODE,5995,6226,6.445,1.118,0.695,0
379,DELHI,KULLU,171,105,0,0,0,0
380,DELHI,LEH,24607,39964,120.35981,13.318439999999999,14.76542,18.499
381,DELHI,LUCKNOW,53053,48722,173.8288038,105.25728980000001,40.13747,14.370499999999996
382,DELHI,MADURAI,5860,5683,20.902,77.339,0.943,1.581
383,DELHI,MANGALORE,9847,10313,12.706,7.867,0,35.031
384,DELHI,MUMBAI,253111,295183,4784.946262399998,4181.972050399998,44.34492,79.83101000000002
385,DELHI,NAGPUR,27442,29258,236.974,83.9735,9.846,13.726
386,DELHI,NASIK,6797,7031,10.218,13.166,0.331,0.272
387,DELHI,PANTNAGAR,3684,3364,0.308,0,0,0
388,DELHI,PATNA,78635,52587,490.77311310000005,52.64731,29.028420000000008,13.645999999999997
389,DELHI,PITHORAGARH,192,100,0,0,0,0
390,DELHI,PORT BLAIR,4678,4306,50.037262999999996,26.503,2.1224999999999996,0.004
391,DELHI,PUNE,109349,120550,1540.0781927999997,1725.0766468000002,12.347349999999997,3.4642299999999997
392,DELHI,RAIPUR,32073,32570,311.9711448,19.249,19.3135,0
393,DELHI,RAJAHMUNDRY,4128,4421,1.983,0.421,0,0
394,DELHI,Rajkot International Airport,11815,12062,22.985500000000002,25.934333000000002,6.987,0.93222
395,DELHI,RANCHI,45160,39335,322.11,66.35040000000001,6.452,4.685
396,DELHI,SHILLONG,761,577,0,0,0,0
397,DELHI,SHIRDI,5662,5793,0.593,7.754,0,0
398,DELHI,SILCHAR,245,435,1.587,0.002,0,0
399,DELHI,SIMLA,120,70,0,0,0,0
400,DELHI,SRINAGAR,77521,83954,320.36734900000005,369.41642800000005,13.925690000000003,54.176
401,DELHI,SURAT,21620,26111,54.945,85.427,7.003,4.119
402,DELHI,TIRUCHIRAPALLY,4896,4731,0.518,0.15,0,0
403,DELHI,TIRUPATI,9208,10166,61.200723100000005,38.992635500000006,0.349,0
404,DELHI,TRIVANDRUM,15517,17875,95.4975,45.267,5.904699999999997,9.237849999999996
405,DELHI,UDAIPUR,22249,21934,11.1353972,0.043000000000000003,0,0
406,DELHI,VADODARA,20123,24985,88.4795,0,6.344,0
407,DELHI,VARANASI,47473,39517,141.9072953,59.4010436,11.296220000000002,2.202
408,DELHI,VIJAYAWADA,11883,12206,75.1495,4.9425,10.44,0.5500000000000003
409,DELHI,VISAKHAPATNAM,19528,19897,74.2921,12.529,6.30038,1.694
410,DELHI,Ayodhya International Airport ,17796,15253,0.434,0,0,0
411,DELHI,Purnia Airport ,1052,1028,0.597,0,0,0
412,Deoghar ,KOLKATA,1362,1545,0,0.046,0,0
413,Deoghar ,MUMBAI,1723,2253,0,0,0,0
414,DHARAMSALA,GORAKHPUR,16,-,0,-,0,-
415,DHARAMSALA,JAIPUR,44,59,0,0,0,0
416,DIBRUGARH,GUWAHATI,9474,9849,5.966,1.022,2.629,5.403
417,DIBRUGARH,HYDERABAD,46,99,0.424,0.25,0,0
418,DIBRUGARH,KOLKATA,12178,12954,31.864,27.554,1.989,2.985
419,DIMAPUR,GUWAHATI,6305,5167,0.323,19.238,0,0.018
420,DIMAPUR,IMPHAL,273,255,0,0,0,0
421,DIMAPUR,KOLKATA,4515,4500,21.581,39.796,6.548,1.337
422,DIU,Goa,293,211,0,0,0,0
423,DIU,KESHOD,5,8,0,0,0,0
424,DIU,MUMBAI,525,551,0,0,0,0
425,DIU,SURAT,1315,1295,0,0,0,0
426,DURGAPUR,GUWAHATI,316,381,0,0,0,0
427,DURGAPUR,HYDERABAD,5756,5965,7.965,0.641,0,0
428,DURGAPUR,MUMBAI,2728,3376,6.204,0.054,0,0
429,DURGAPUR,RAIPUR,4,-,0,-,0,-
430,DURGAPUR,VARANASI,44,30,0,0,0,0
431,GAYA,KOLKATA,3323,4242,0,0.204,0,0
432,Goa,HYDERABAD,26604,24766,6.067,1.964,0,0
433,Goa,INDORE,3832,2894,0,0,0,0
434,Goa,JAIPUR,4546,4698,1.308,31.465,0,0.494
435,Goa,JALGAON,1887,1727,0,0,0,0
436,Goa,KOLKATA,4963,4918,8.187,3.174,0,0
437,Goa,Malvan,2,0,0,0,0,0
438,Goa,MUMBAI,36135,40407,32.20898,68.86171,0,4.40951
439,Goa,NAGPUR,4653,4624,8.806,0.008,0.273,0
440,Goa,PUNE,14357,14375,59.374230000000004,36.951530000000005,0.291,0
441,Goa,Rajkot International Airport,3085,2938,0,0.001,0,0
442,Goa,Shivamogga Airport,928,1075,0,0,0,0
443,Goa,SHOLAPUR,841,925,0,0,0,0
444,Goa,VADODARA,2436,2378,0.072,0,0,0
445,Gondia ,HYDERABAD,1362,1451,0,0.018,0,0
446,Gondia ,INDORE,431,679,0,0,0,0
447,GORAKHPUR,HYDERABAD,5202,7056,0,0.662,0,0.701
448,GORAKHPUR,KOLKATA,1944,2247,0,0.001,0,0
449,GORAKHPUR,MUMBAI,8009,11406,0,10.6278,0,2.085
450,GUWAHATI,HYDERABAD,15683,15724,10.68,35.055,1.816,2.85
451,GUWAHATI,IMPHAL,17961,17159,33.43,10.892,3.52,4.133
452,GUWAHATI,Itanagar,50,63,0,0,0,0
453,GUWAHATI,JAIPUR,6234,6248,2.07,5.55,0.275,0.299
454,GUWAHATI,KOLKATA,46473,47402,186.12781,436.09887000000003,6.142,9.455
455,GUWAHATI,LUCKNOW,3772,4197,0.755,8.83,2.088,1.347
456,GUWAHATI,MUMBAI,15590,15954,56.626,121.58409,3.36898,12.181009999999999
457,GUWAHATI,PASIGHAT,12,22,0,0,0,0
458,GUWAHATI,PATNA,4396,3169,1.77698,1.47651,0,0
459,GUWAHATI,PUNE,4951,5369,9.108,20.278,0.966,0.711
460,GUWAHATI,RUPSI,83,271,0,0,0,0
461,GUWAHATI,SHILLONG,1,1,0,0,0,0
462,GUWAHATI,SILCHAR,6113,7819,18.114,0,8.526,0
463,GUWAHATI,TEZU,186,254,0,0,0,0
464,GUWAHATI,Ziro,10,13,0,0,0,0
465,GWALIOR,MUMBAI,3982,5273,0,0.049,0,0
466,HISSAR,JAIPUR,55,12,0,0,0,0
467,HISSAR,Ayodhya International Airport ,148,79,0,0,0,0
468,HUBLI,HYDERABAD,2274,2140,0.095,0.047,0.623,0
469,HUBLI,INDORE,-,175,-,0,-,0
470,HUBLI,MUMBAI,4068,4438,0.507,1.254,0.745,0
471,HUBLI,PUNE,1093,1272,0,0,0,0.382
472,HYDERABAD,INDORE,16040,16510,51.243,16.122,5.445,1.947
473,HYDERABAD,JABALPUR,3214,2763,0.005,0,0,0
474,HYDERABAD,JAGDALPUR,1946,1689,0.091,0,0,0
475,HYDERABAD,JAIPUR,25561,22587,47.472,150.984,4.465,1.519
476,HYDERABAD,JALGAON,1658,1696,0,0,0,0
477,HYDERABAD,JAMMU,300,773,0.001,0,0,0
478,HYDERABAD,JHARSUGUDA,1996,1984,0,0,0,0
479,HYDERABAD,JODHPUR,6522,5871,1.627,0.002,2.727,0.674
480,HYDERABAD,Cuddapah,1934,2253,0.047,0,0,0
481,HYDERABAD,KANNUR,2239,2419,0.081,0,0,0
482,HYDERABAD,KANPUR,2862,2289,0.006,0.153,0,0
483,HYDERABAD,KOCHI,33455,36182,51.022999999999996,40.9,2.288,8.444
484,HYDERABAD,KOLHAPUR,1949,2100,1.462,5.293,0,0
485,HYDERABAD,KOLKATA,48484,44436,154.60345999999998,206.48814000000002,11.452,5.455
486,HYDERABAD,KOZHIKODE,6390,10054,1.83,0.022,0.092,0
487,HYDERABAD,LUCKNOW,20553,14293,49.961,29.165,3.971,1.234
488,HYDERABAD,MADURAI,10020,9755,4.645,53.204,7.106,0.86
489,HYDERABAD,Malvan,1245,1184,0,0,0,0
490,HYDERABAD,MANGALORE,6181,6169,0.219,0.06,1.591,0
491,HYDERABAD,MUMBAI,80183,99558,631.0975000000001,1093.6823227,28.169499999999996,29.734809999999996
492,HYDERABAD,MYSORE,2134,1791,0.192,0,0,0
493,HYDERABAD,NAGPUR,4442,4467,0.296,0.09,0.783,0
494,HYDERABAD,NANDED,113,863,0,0,0,0
495,HYDERABAD,NASIK,2087,2198,0.038,0.032,0.169,0.105
496,HYDERABAD,PATNA,27730,16938,54.797999999999995,12.099219999999999,5.254,1.568
497,HYDERABAD,PONDICHERRY,2135,1937,0.096,0,0,0
498,HYDERABAD,PORT BLAIR,5240,5285,39.719,2.138,3.258,0
499,HYDERABAD,PUNE,26544,32105,72.886,82.161,4.851,4.318
500,HYDERABAD,RAIPUR,10823,10161,12.069,1.18,9.812,0
501,HYDERABAD,RAJAHMUNDRY,11622,11947,0.478,0.634,0,0
502,HYDERABAD,Rajkot International Airport,3100,3126,0.915,0.807,0,0
503,HYDERABAD,RANCHI,14474,12418,23.482,3.333,2.719,2.068
504,HYDERABAD,SALEM,895,885,0,0,0,0
505,HYDERABAD,SHIRDI,6934,7667,0.209,3.595,0,0
506,HYDERABAD,Shivamogga Airport,3243,3270,1.709,0.9552499999999998,0,0
507,HYDERABAD,SRINAGAR,1831,1803,0.487,0.074,0.216,0
508,HYDERABAD,SURAT,4923,5413,6.226,40.982,1.116,0.749
509,HYDERABAD,TIRUCHIRAPALLY,5450,5402,2.592,0.946,7.562,0
510,HYDERABAD,TIRUPATI,33060,32195,8.362,8.615,7.207,1.415
511,HYDERABAD,TRIVANDRUM,8181,9044,4.439,7.208,4.609,2.655
512,HYDERABAD,TUTICORIN,18,-,0,-,0,-
513,HYDERABAD,UDAIPUR,6667,6598,2.013,0.26,0,0
514,HYDERABAD,VADODARA,4206,5176,8.747,0,0.627,0
515,HYDERABAD,VARANASI,28993,23062,6.914,40.677,1.746,0.28
516,HYDERABAD,VIJAYAWADA,16094,15327,3.096,0.959,5.994,0.63
517,HYDERABAD,VISAKHAPATNAM,41543,40638,35.751,35.738,15.406,0
518,HYDERABAD,Ayodhya International Airport ,3728,2746,0.238,2.739,0,0
519,HYDERABAD,Purnia Airport ,975,826,0.005,0,0,0
520,IMPHAL,JAIPUR,73,81,0,0,0,0
521,IMPHAL,KOLKATA,14733,15139,54.228,67.517,16.881,3.958
522,IMPHAL,MUMBAI,72,48,11.387,0,0,0
523,IMPHAL,SHILLONG,858,795,0,0,0,0
524,IMPHAL,SILCHAR,254,265,0,0,0,0
525,IMPHAL,TEZU,82,79,0,0,0,0
526,INDORE,JABALPUR,2573,2741,0.008,0,0,0
527,INDORE,JAIPUR,4278,3856,0.061,0.432,1.042,0
528,INDORE,JAMMU,607,523,0,0.114,0,0
529,INDORE,JODHPUR,355,393,0.02,0,0,0
530,INDORE,KOLKATA,5380,4756,29.373,29.958,1.398,1.267
531,INDORE,LUCKNOW,2161,1815,0.043,0.127,0.123,1.292
532,INDORE,MUMBAI,23839,27660,112.6205,121.91181250000001,8.95231,14.03736
533,INDORE,NAGPUR,1910,2252,0.262,0.045,0.335,0
534,INDORE,NASIK,118,76,0,0,0,0
535,INDORE,PUNE,9761,12442,9.777000000000001,31.872999999999998,1.094,0.634
536,INDORE,RAIPUR,5692,5351,4.988,0.048,1.183,0
537,INDORE,UDAIPUR,270,219,0.049,0,0,0
538,INDORE,VISAKHAPATNAM,174,155,0,0,0,0
539,Itanagar,KOLKATA,4031,4271,0,1.274,0,0
540,Itanagar,TEZU,3,12,0,0,0,0
541,JABALPUR,JAGDALPUR,51,110,0,0,0,0
542,JABALPUR,MUMBAI,4235,5058,2.54,0.851,0,10.716
543,JAIPUR,JAISALMER,289,222,0,0,0,0
544,JAIPUR,JODHPUR,208,110,0,0,0,0
545,JAIPUR,KOCHI,787,805,4.314,1.892,0,0
546,JAIPUR,KOLKATA,20239,19122,148.409,75.67962,2.701,0.422
547,JAIPUR,KULLU,46,20,0,0,0,0
548,JAIPUR,LUCKNOW,1793,1775,0.187,0.13,0,0.499
549,JAIPUR,MUMBAI,41028,47209,404.03173159999994,317.8236691,5.15,21.43308
550,JAIPUR,NAGPUR,162,176,0,0,0,0
551,JAIPUR,NASIK,17,59,0,0,0,0
552,JAIPUR,PUNE,9778,11517,50.94189,12.435,0,0
553,JAIPUR,SRINAGAR,-,1,-,0,-,0
554,JAIPUR,SURAT,3821,4628,0.862,2.678,0,0.217
555,JAIPUR,UDAIPUR,3595,3307,0.002,0,0,0
556,JAIPUR,VARANASI,370,294,0.006,0,0,0
557,JAISALMER,MUMBAI,975,706,0,0,0,0
558,JALGAON,MUMBAI,358,353,0,0,0,0
559,JALGAON,PUNE,1784,1883,0,0,0,0
560,JAMMU,KOLKATA,721,1071,0,0.847,0,0
561,JAMMU,LEH,1526,1976,2.096,0.002,0,0
562,JAMMU,MUMBAI,2124,2895,0,7.437,0,0.686
563,JAMMU,SRINAGAR,18747,18699,5.60832,2.2425,0.036,5.412
564,JAMNAGAR,MUMBAI,4289,4912,2.807,11.3555,0,0
565,JAMNAGAR,SURAT,1178,1092,0,0,0,0
566,JAMSHEDPUR,KOLKATA,232,200,0,0,0,0
567,JEYPORE,VISAKHAPATNAM,69,36,0,0,0,0
568,JHARSUGUDA,KOLKATA,2114,1906,0,0.002,0,0
569,JHARSUGUDA,LUCKNOW,1052,1225,0,0,0,0
570,JHARSUGUDA,MUMBAI,3561,4601,0,0.007,0,0
571,JODHPUR,MUMBAI,10979,10976,0.117,9.812999999999999,1.60657,7.583119999999999
572,JODHPUR,PUNE,4094,4727,2.155,0.817,0.4,1.594
573,JORHAT,KOLKATA,4033,4527,1.493,15.169,0,0
574,JORHAT,TEZU,3,9,0,0,0,0
575,Cuddapah,VIJAYAWADA,218,178,0,0,0,0
576,KANDLA,MUMBAI,1426,1606,0,0,0,0
577,KANNUR,KOCHI,1112,1432,0.014,0.002,0,0
578,KANNUR,MANGALORE,257,7,0,0,0,0
579,KANNUR,MUMBAI,2670,3184,0.03,0.68,0,0.159
580,KANNUR,TRIVANDRUM,1012,759,0,0.014,0,0
581,KANPUR,MUMBAI,3682,6066,1.132,3.977,0,4.426
582,KHAJURAHO,VARANASI,513,391,0,0,0,0
583,KOCHI,KOLKATA,845,794,0.593,1.81,0.256,0.086
584,KOCHI,KOZHIKODE,733,990,0.002,0.005,0,0
585,KOCHI,LUCKNOW,623,309,2.378,0.148,0,0.231
586,KOCHI,MUMBAI,45577,49502,125.87071510000001,304.7295694,24.902589999999996,15.800280000000003
587,KOCHI,PATNA,111,231,0,0.391,0,0
588,KOCHI,PUNE,9002,9519,14.977,10.506,0,0
589,KOCHI,RAIPUR,492,518,0.135,0.096,0,0
590,KOCHI,SALEM,536,464,0,0,0,0
591,KOCHI,TRIVANDRUM,1710,1705,0,0.015,0,0.018
592,KOCHI,VARANASI,275,567,0.001,0.38,0,0
593,KOLHAPUR,MUMBAI,1675,1883,0,0,0,0
594,KOLHAPUR,TIRUPATI,337,487,0,0,0,0
595,KOLHAPUR,VIJAYAWADA,10,8,0,0,0,0
596,KOLKATA,KOZHIKODE,-,140,-,0,-,0
597,KOLKATA,LILABARI,219,223,0,0,0,0
598,KOLKATA,LUCKNOW,10968,11524,42.023,32.243,3.428,0.85
599,KOLKATA,MUMBAI,83194,93456,821.9259000000001,1098.6139810999998,20.06019,26.344339999999992
600,KOLKATA,NAGPUR,5667,5408,14.509,25.324,0.059,4.362
601,KOLKATA,PATNA,14838,11084,29.09,6.809,14.521,6.005
602,KOLKATA,PORT BLAIR,28539,29398,162.00194,85.96700000000001,26.47518,8.14
603,KOLKATA,PUNE,21031,22578,94.19466,186.05807000000001,3.3238000000000003,2.674
604,KOLKATA,RAIPUR,10872,11865,34.209,0.381,2.853,0
605,KOLKATA,RANCHI,8013,7551,6.256,6.491,1.628,1.166
606,KOLKATA,RUPSI,110,143,0,0,0,0
607,KOLKATA,SHILLONG,2786,2342,0.037,0,0,0
608,KOLKATA,SILCHAR,10611,9710,47.275,0.05,1.285,0
609,KOLKATA,SRINAGAR,4629,4536,3.014,14.589,0.181,0
610,KOLKATA,SURAT,5462,5971,31.909,50.422,0,0.077
611,KOLKATA,VARANASI,10190,10403,3.53,24.637,2.159,0.947
612,KOLKATA,VISAKHAPATNAM,5670,6639,1.626,1.544,0,0
613,KOLKATA,HINDON AIRPORT,10522,10382,0,0,0,0
614,KOLKATA,Purnia Airport ,2522,2684,0,0,0,0
615,KOZHIKODE,MANGALORE,-,24,-,0,-,0
616,KOZHIKODE,MUMBAI,9798,10045,0.002,5.281499999999999,0,8.693
617,KOZHIKODE,VARANASI,32,-,0,-,0,-
618,KURNOOL,VIJAYAWADA,294,274,0,0,0,0
619,KURNOOL,VISAKHAPATNAM,306,271,0,0,0,0
620,LEH,SRINAGAR,1137,545,0,0.615,0,0
621,LUCKNOW,MUMBAI,36951,45416,62.70958999999999,188.7926163,4.612,21.32463
622,LUCKNOW,PATNA,3869,3035,4.971,0.803,2.688,1.168
623,LUCKNOW,PUNE,6490,7433,33.906,28.767,0.166,0.726
624,LUCKNOW,RAIPUR,2934,3581,2.443,0.084,0.557,0
625,LUCKNOW,RANCHI,1147,1365,1.89,1.325,0.425,0
626,LUCKNOW,SILCHAR,62,106,0,0,0,0
627,LUCKNOW,VARANASI,952,1115,0,0,0,0
628,MADURAI,MUMBAI,11233,12795,56.3839255,33.2596047,3.7098099999999996,10.19558
629,MADURAI,VIJAYAWADA,28,25,0,0,0,0
630,Malvan,PUNE,1284,1496,0,0,0,0
631,MANGALORE,MUMBAI,23727,25740,4.892,3.051,34.262,2.865
632,MANGALORE,TRIVANDRUM,38,55,0,0,0,0
633,MUMBAI,NAGPUR,35949,30868,182.1450223,127.52799999999999,40.45046,46.74056999999999
634,MUMBAI,PATNA,27542,15355,155.80720050000002,27.50254,10.181899999999999,3.1436
635,MUMBAI,PORBANDAR,373,338,0,0,0,0
636,MUMBAI,PORT BLAIR,4768,4275,9.241,1.471,1.673,0
637,MUMBAI,RAIPUR,15439,13889,108.539,35.223,15.73,0
638,MUMBAI,RAJAHMUNDRY,4140,3514,0.582,0.337,0,0
639,MUMBAI,Rajkot International Airport,25694,24833,22.854333,35.3535,12.81286,1.999
640,MUMBAI,RANCHI,10682,9455,28.415,13.314,3.709,0.541
641,MUMBAI,SHOLAPUR,476,418,0,0,0,0
642,MUMBAI,SRINAGAR,9438,9801,56.328,35.329,2.25692,2.011
643,MUMBAI,TIRUCHIRAPALLY,2644,2034,0.773,1.04,0,0
644,MUMBAI,TIRUPATI,6043,4573,0.187,1.1,1.191,0.062
645,MUMBAI,TRIVANDRUM,13834,14682,28.917499999999997,10.6745,6.10379,5.023780000000002
646,MUMBAI,UDAIPUR,23945,21358,20.129,6.7748972,0,0
647,MUMBAI,VADODARA,14021,15281,25.756,0,8.78293,0
648,MUMBAI,VARANASI,40514,33012,122.3214444,44.20709960000001,6.64625,0.527
649,MUMBAI,VIJAYAWADA,7368,6240,28.933501,2.679,7.26675,0.16970000000000007
650,MUMBAI,VISAKHAPATNAM,9272,8301,15.925,4.862,2.771,1.43
651,MUMBAI,Ayodhya International Airport ,8147,6189,0.049,0,0,0
652,MUMBAI,HINDON AIRPORT,9380,7341,0,0,0,0
653,MUMBAI,Amravati Airport,281,270,0,0,0,0
654,NAGPUR,PUNE,13088,13840,8.566,47.347,8.286,3.509
655,NANDED,PUNE,1259,1275,0,0,0,0
656,NANDED,HINDON AIRPORT,2482,2227,0,0,0,0
657,PASIGHAT,SHILLONG,20,17,0,0,0,0
658,PATNA,PUNE,3617,5185,4.07,20.637,1.231,1.343
659,PATNA,RANCHI,2988,3139,0.299,0.006,1.382,0
660,PATNA,HINDON AIRPORT,4394,6824,0,0,0,0
661,PONDICHERRY,RAJAHMUNDRY,7,10,0,0,0,0
662,PORT BLAIR,VISAKHAPATNAM,2304,2137,0.424,0.001,0,0
663,PUNE,RAIPUR,6502,5841,12.002,0.019,0.69,0
664,PUNE,Rajkot International Airport,2792,2739,0.097,2.586,0,0
665,PUNE,RANCHI,5412,4582,36.225,6.953,0.305,0.226
666,PUNE,SRINAGAR,3,-,0,-,0,-
667,PUNE,SURAT,2824,2602,5.327,2.779,0.597,0.027
668,PUNE,TRIVANDRUM,2423,2456,0.677,0.669,0.257,0
669,PUNE,VADODARA,2474,2350,0.443,0,0.108,0
670,PUNE,VARANASI,6344,5436,3.1050500000000003,4.619000000000001,0.083,0
671,RAIPUR,VISAKHAPATNAM,1285,1341,0.001,0,0,0
672,RAIPUR,Ambikapur Airport,1,5,0,0,0,0
673,RAJAHMUNDRY,TIRUCHIRAPALLY,13,9,0,0,0,0
674,RAJAHMUNDRY,TIRUPATI,398,323,0,0,0,0
675,Shivamogga Airport,TIRUPATI,1321,1016,0,0,0,0
676,SRINAGAR,VARANASI,-,162,-,0,-,0
677,TIRUPATI,VIJAYAWADA,1417,1210,0.183,0,3.227,0
678,TIRUPATI,VISAKHAPATNAM,1955,2106,0.001,0.004,0,0.134
679,VARANASI,VISAKHAPATNAM,545,582,0,0.009,0,0
680,VARANASI,HINDON AIRPORT,5051,6088,0,0,0,0
681,VIJAYAWADA,VISAKHAPATNAM,5227,3655,0.001,0.351,0,3.818
SUB TOTAL,,,7008584,7019510,41937.79565139995,37607.17345379999,1741.3869300000003,1598.9253799999994
TOTAL,,,14028094,,79544.96910519994,,3340.31231,
