"City Pair wise  Passenger, Freight & Mail Traffic Statistics For February 2025 (Provisional)
( Scheduled Domestic Services )",Unnamed: 1,Unnamed: 2,Unnamed: 3,Unnamed: 4,Unnamed: 5,Unnamed: 6,Unnamed: 7,Unnamed: 8,Unnamed: 9,Unnamed: 10,Unnamed: 11
"Passengers ( In Number ), Freight ( In Tonne ), Mail ( In  Tonne )",,,,,,,,,,,
S.No.,CITY 1,CITY 2,"PASSENGERS 
TO CITY 2","PASSENGERS 
FROM CITY 2","FREIGHT 
TO CITY 2","FREIGHT 
FROM CITY 2","MAIL 
TO CITY 2","MAIL 
FROM CITY 2",,,
1,ADAMPUR,HINDON AIRPORT,1686,1653,0,0,0,0,,,
2,AGARTALA,BENGALURU,3570,3599,3.482,5.603,0,0.232,,,
3,AGARTALA,DELHI,5569,5879,1.449,14.893,1.488,1.134,,,
4,AGARTALA,DIBRUGARH,497,374,0,0.083,0,0,,,
5,AGARTALA,GUWAHATI,13833,14167,4.162,41.454,1.925,1.6648,,,
6,AGARTALA,HYDERABAD,2577,2606,21.16,3.342,0,0,,,
7,AGARTALA,IMPHAL,1245,1765,0.333,19.983,0,0,,,
8,AGARTALA,KOLKATA,26757,27357,10.251999999999999,220.45089000000002,3.947,5.043,,,
9,AGATTI ISLAND,BENGALURU,435,641,0,0.061,0,0,,,  
10,AGATTI ISLAND,Goa,1181,1388,0,0,0,0,,,
11,AGATTI ISLAND,KOCHI,2987,3862,0,0.046,0,0,,,
12,AGRA,AHMEDABAD,1568,1683,0,0.004,0,0,,,
13,AGRA,BENGALURU,1915,1916,0.843,1.135,0,0,,,
14,AGRA,HYDERABAD,2008,2028,0.021,0.487,0,0,,,
15,AGRA,JAIPUR,-,9,-,0,-,0,,,
16,AGRA,MUMBAI,2014,2113,0.541,1.959,0,0,,,
17,AHMEDABAD,PRAYAGRAJ,23529,23077,1.523,8.845040000000001,0,0,,,
18,AHMEDABAD,AMRITSAR,4309,3767,0.346,0.44,0.005,0,,,
19,AHMEDABAD,BAGDOGRA,2162,2144,1.095,0.971,0,0,,,
20,AHMEDABAD,BELGAUM,542,531,0,0,0,0,,,
21,AHMEDABAD,BENGALURU,41223,41582,420.43882,234.86876,1.977,5.2975,,,
22,AHMEDABAD,BHOPAL,4041,4016,0.504,0.002,0.12,0.948,,,
23,AHMEDABAD,BHUBANESWAR,5040,5015,17.298,4.937,0.836,0.991,,,
24,AHMEDABAD,BHUJ,1633,1557,0,0,0,0,,,
25,AHMEDABAD,CHANDIGARH,10048,9458,27.219,15.819,0.991,0.35,,,
26,AHMEDABAD,CHENNAI,18714,18500,137.446,168.553,1.251,6.068,,,
27,AHMEDABAD,DABOLIM,10001,9609,43.5477,1.2545,0.104,0.136,,,
28,AHMEDABAD,DehraDun,4972,4171,5.798,0.253,0.192,0.229,,,
29,AHMEDABAD,DELHI,108007,103177,1193.97574,1100.86773,11.488699999999998,31.7313,,,
30,AHMEDABAD,DIU,1828,1865,0.038,0,0,0,,,
31,AHMEDABAD,Goa,15273,14690,38.76093,1.425,0,0,,,
32,AHMEDABAD,GUWAHATI,4752,4484,25.449,45.389,0,0.437,,,
33,AHMEDABAD,HYDERABAD,24219,21570,165.936,76.197,0.524,2.56,,,
34,AHMEDABAD,INDORE,5598,5487,0.357,0.045,0.326,0,,,
35,AHMEDABAD,JAIPUR,12750,11049,3.1194100000000002,2.8542,0.138,0.001,,,
36,AHMEDABAD,JAISALMER,37,-,0.58,-,0,-,,,
37,AHMEDABAD,JALGAON,446,443,0,0,0,0,,,
38,AHMEDABAD,JAMMU,2740,2374,1.481,0,0,0,,,
39,AHMEDABAD,JODHPUR,2093,1811,0,0.001,0.004,0,,,
40,AHMEDABAD,KESHOD,455,325,0,0,0,0,,,
41,AHMEDABAD,KOCHI,6395,6434,32.674,5.375,0.644,1.637,,,
42,AHMEDABAD,KOLHAPUR,668,612,0,0,0,0,,,
43,AHMEDABAD,KOLKATA,23769,22682,195.69194000000002,133.32255,2.9579999999999997,5.269550000000001,,,
44,AHMEDABAD,LUCKNOW,12765,12895,51.152,12.935,3.585,0.907,,,
45,AHMEDABAD,MUMBAI,85128,83853,829.5181799999999,684.5165999999998,19.912889999999997,37.879020000000004,,,
46,AHMEDABAD,NAGPUR,4121,4037,0.589,0.067,0.134,2.285,,,
47,AHMEDABAD,NANDED,897,916,0,0,0,0,,,
48,AHMEDABAD,NASIK,1988,2021,0,0,0,0,,,
49,AHMEDABAD,PATNA,8194,7887,48.04038,3.7933299999999996,1.552,1.437,,,
50,AHMEDABAD,PUNE,29563,30332,164.76165,97.61246,2.783,1.8112,,,
51,AHMEDABAD,RAIPUR,4242,4843,12.926,0,0.689,0,,,
52,AHMEDABAD,RANCHI,5006,4998,18.563,4.077,0.655,0.808,,,
53,AHMEDABAD,SRINAGAR,5082,5031,1.928,0.924,0.435,0,,,
54,AHMEDABAD,TRIVANDRUM,2103,2692,4.896,2.438,0.003,0,,,
55,AHMEDABAD,VARANASI,4450,5277,7.7245,4.996,0,0,,,
56,AHMEDABAD,Ayodhya International Airport ,7067,6929,0.24650999999999998,0,0,0,,,
57,AIZAWL,DELHI,5422,4609,15.927,29.227,0,2.165,,,
58,AIZAWL,GUWAHATI,5591,5417,4.629,21.448999999999998,1.953,2.9000000000000004,,,
59,AIZAWL,IMPHAL,351,335,0,0,0,0,,,
60,AIZAWL,KOLKATA,4904,4832,10.65,12.337,9.083,4.05,,,
61,AIZAWL,SHILLONG,550,339,0,0,0,0,,,
62,Kishangarh,LUCKNOW,1179,1218,0,0,0,0,,,
63,Kishangarh,NAGPUR,1110,1153,0,0,0,0,,,
64,Kishangarh,PUNE,1217,1479,0,0,0,0,,,
65,Kishangarh,HINDON AIRPORT,546,623,0,0,0,0,,,
66,PRAYAGRAJ,BENGALURU,27539,27924,50.86889000000001,40.48392,0,2.232,,,
67,PRAYAGRAJ,BHUBANESWAR,4772,4845,0,0,0,0,,,
68,PRAYAGRAJ,BILASPUR,502,502,0,0,0,0,,,
69,PRAYAGRAJ,CHANDIGARH,1427,1545,0,0,0,0,,,
70,PRAYAGRAJ,CHENNAI,2633,3154,0.7515,16.78154,0,0,,,
71,PRAYAGRAJ,DehraDun,269,173,0,0,0,0,,,
72,PRAYAGRAJ,DELHI,71007,71668,47.43003999999998,87.40046999999997,0,24.416,,,
73,PRAYAGRAJ,GORAKHPUR,38,-,0,-,0,-,,,
74,PRAYAGRAJ,GUWAHATI,2702,2420,0,0.093,0,0,,,
75,PRAYAGRAJ,HYDERABAD,22004,22394,28.65662,2.8895,0.042,0,,,
76,PRAYAGRAJ,INDORE,1438,1548,0,0,0,0,,,
77,PRAYAGRAJ,JAIPUR,5275,5352,0,0,0,0,,,
78,PRAYAGRAJ,KOLKATA,16122,15654,4.00684,1.682,0.009,0,,,
79,PRAYAGRAJ,LUCKNOW,1188,1152,0,0,0,0,,,
80,PRAYAGRAJ,MUMBAI,45652,47068,1.7945,0.745,0.078,1.878,,,
81,PRAYAGRAJ,PUNE,2298,2308,0,0.049,0,0.086,,,
82,PRAYAGRAJ,RAIPUR,2035,2019,0.028,0,0,0,,,
83,AMRITSAR,BENGALURU,5783,5854,1.788,2.355,0,2.059,,,
84,AMRITSAR,CHANDIGARH,122,-,0,-,0,-,,,
85,AMRITSAR,DELHI,59957,63483,20.195,19.8649,0,0.001,,,
86,AMRITSAR,HYDERABAD,4114,4790,0.88,0.408,0,0.64,,,
87,AMRITSAR,KOLKATA,2199,2305,0.179,0.241,0,0,,,
88,AMRITSAR,KULLU,181,126,0,0,0,0,,,
89,AMRITSAR,LUCKNOW,3778,4396,0.506,0.213,0,0,,,
90,AMRITSAR,MUMBAI,12621,14105,4.2306,13.7302,0,2.90339,,,
91,AMRITSAR,PUNE,4250,4652,0.927,5.841,0,0.045,,,
92,AMRITSAR,SIMLA,212,140,0,0,0,0,,,
93,AMRITSAR,SRINAGAR,7860,7407,0.255,0.262,0.047,0.923,,,
94,AURANGABAD,BENGALURU,1270,1330,0,0.303,0,0,,,
95,AURANGABAD,DABOLIM,611,581,0,0,0,0,,,
96,AURANGABAD,DELHI,10660,10293,0,59.483,0,8.2558,,,
97,AURANGABAD,HYDERABAD,4151,3893,0,0.169,0,0.147,,,
98,AURANGABAD,MUMBAI,9584,9527,0,2.864,0,18.862,,,
99,AURANGABAD,NAGPUR,424,336,0,0.002,0,0,,,
100,BAGDOGRA,BENGALURU,21473,20062,57.22409999999999,80.91284999999999,0.181,3.7043,,,
101,BAGDOGRA,CHENNAI,7100,8393,11.855,5.38,1.215,0.73,,,
102,BAGDOGRA,DELHI,37371,40325,91.71058000000001,162.50585,0.298,11.0095,,,
103,BAGDOGRA,DIBRUGARH,1552,1079,0,0.098,0,0,,,
104,BAGDOGRA,DURGAPUR,438,510,0,0,0,0,,,
105,BAGDOGRA,GUWAHATI,1441,3293,2.3584699999999996,7.2921700000000005,0,0.2348,,,
106,BAGDOGRA,HYDERABAD,11902,13751,17.644,15.097,0.626,0.247,,,
107,BAGDOGRA,KOLKATA,24617,23835,29.103440000000003,37.65149,11.568,12.63615,,,
108,BAGDOGRA,MUMBAI,9620,9865,42.438,56.697100000000006,1.678,4.0685,,,
109,BAGDOGRA,PATNA,11,8,0,0,0,0,,,
110,BAREILLY,BENGALURU,1646,1621,0,0.013,0,0,,,
111,BAREILLY,MUMBAI,2844,2845,0,0.093,0,0,,,
112,BELGAUM,BENGALURU,3254,3203,0.028,0.286,0.073,0,,,
113,BELGAUM,DELHI,4717,4643,0.063,0.674,0,0,,,
114,BELGAUM,HYDERABAD,1868,1927,0.158,0.002,0,0,,,
115,BELGAUM,JAIPUR,559,471,0,0,0,0,,,
116,BELGAUM,MUMBAI,1160,1184,0,0,0,0,,,
117,BELGAUM,NAGPUR,567,539,0,0,0,0,,,
118,BENGALURU,BHOPAL,8260,8266,17.214,5.514,3.249,1.551,,,
119,BENGALURU,BHUBANESWAR,31415,30250,109.4803,23.503149999999998,7.3598,0,,,
120,BENGALURU,CHANDIGARH,15932,15219,83.891,76.636,6.44,0.6950000000000001,,,
121,BENGALURU,CHENNAI,54317,55430,462.7877,432.92199999999997,17.834,19.155920000000002,,,
122,BENGALURU,COIMBATORE,16380,16066,8.939,27.772000000000002,0,2.379,,,
123,BENGALURU,DABOLIM,50139,51306,47.66,69.4543,0.963,0.761,,,
124,BENGALURU,DehraDun,9147,8081,4.757,2.915,2.042,0.542,,,
125,BENGALURU,DELHI,182478,179446,2315.49197,2458.371069999999,19.835,50.415,,,
126,BENGALURU,Deoghar ,3392,3144,0.624,0,0,0,,,
127,BENGALURU,DURGAPUR,3251,3131,5.37,0.061,0,0,,,
128,BENGALURU,Goa,13071,13443,1.591,41.104,0,0,,,
129,BENGALURU,GORAKHPUR,9714,9693,42.76247,30.2321,0.7402,0.609,,,
130,BENGALURU,GUWAHATI,34490,30693,156.84858,73.00316,6.5401,2.95084,,,
131,BENGALURU,GWALIOR,4628,4197,0,0,0,0,,,
132,BENGALURU,HUBLI,3165,3271,0.751,0.73,0.713,0.689,,,
133,BENGALURU,HYDERABAD,93484,91552,421.4159,270.3563,31.992,23.696199999999997,,,
134,BENGALURU,INDORE,19200,18579,66.239,19.491,3.593,1.7,,,
135,BENGALURU,JABALPUR,2614,2533,0,0,0,0,,,
136,BENGALURU,JAIPUR,30378,30075,141.4235,112.076,8.557,1.9819999999999998,,,
137,BENGALURU,JAMMU,1525,1537,1.26,0,0.05,0,,,
138,BENGALURU,JHARSUGUDA,3173,3183,0,0,0,0,,,
139,BENGALURU,JODHPUR,5575,5384,4.81,2.735,2.056,1.271,,,
140,BENGALURU,KALABURAGI,621,615,0,0,0,0,,,
141,BENGALURU,KANNUR,3096,2999,0.297,0.005,0.295,0,,,
142,BENGALURU,KANPUR,2096,2071,0.105,0,0,0,,,
143,BENGALURU,KOCHI,42447,44251,64.13272,64.40129999999999,9.28,8.598,,,
144,BENGALURU,KOLHAPUR,2022,2029,0.228,0,0,0,,,
145,BENGALURU,KOLKATA,80547,76476,554.07917,476.93789000000004,8.569700000000001,8.86543,,,
146,BENGALURU,KOZHIKODE,8491,8842,10.196,0.31,2.391,0,,,
147,BENGALURU,KURNOOL,96,155,0.132,0,0,0,,,
148,BENGALURU,LUCKNOW,36390,35724,118.68122,34.099000000000004,9.033999999999999,8.219000000000001,,,
149,BENGALURU,MADURAI,5578,5667,0.452,0.302,1.418,0.79,,,
150,BENGALURU,MANGALORE,26653,26107,17.902,9.364,1.904,90.381,,,
151,BENGALURU,MUMBAI,145266,146794,1266.8240000000003,1493.4927699999998,10.612829999999999,29.94893,,,
152,BENGALURU,NAGPUR,20230,19708,53.338,15.904,2.619,4.423,,,
153,BENGALURU,NANDED,1712,1642,0,0,0,0,,,
154,BENGALURU,NASIK,4218,4231,0.209,0.318,0.093,0.131,,,
155,BENGALURU,PATNA,25588,24459,75.30711999999998,23.06496,15.115,3.508,,,
156,BENGALURU,PONDICHERRY,1825,1972,0.371,0,0,0,,,
157,BENGALURU,PORT BLAIR,9867,10070,18.019,5.603,1.605,0,,,
158,BENGALURU,PUNE,65898,63744,305.23580000000004,245.52288,13.19997,2.57164,,,
159,BENGALURU,RAIPUR,8731,8898,38.554,0.211,4.744,0,,,
160,BENGALURU,RAJAHMUNDRY,2964,3143,0.146,0,0,0,,,
161,BENGALURU,Rajkot International Airport,4743,4737,8.292,0,1.24,0,,,
162,BENGALURU,RANCHI,19649,18678,41.6644,4.944,5.242,1.429,,,
163,BENGALURU,SALEM,1025,1241,0.036,0,0,0,,,
164,BENGALURU,SHIRDI,4115,4132,3.902,0,0,0,,,
165,BENGALURU,Shivamogga Airport,936,1077,0.093,0,0,0,,,
166,BENGALURU,SRINAGAR,6123,5958,5.464,0.27,1.897,0.044,,,
167,BENGALURU,SURAT,12021,11908,40.831,48.351,1.615,0.671,,,
168,BENGALURU,TIRUCHIRAPALLY,3987,4122,0.173,0.212,2.422,0,,,
169,BENGALURU,TIRUPATI,1453,1792,0.188,0.001,2.221,0,,,
170,BENGALURU,TRIVANDRUM,21743,22426,15.22,5.666,5.917,4.441,,,
171,BENGALURU,TUTICORIN,1145,1183,0.012,0,0,0,,,
172,BENGALURU,UDAIPUR,8584,8542,26.275999999999996,1.732,0,0,,,
173,BENGALURU,VADODARA,4616,4595,14.142,0,3.93,0,,,
174,BENGALURU,VARANASI,52974,52524,55.71645,77.93984,4.9275,1.3743999999999998,,,
175,BENGALURU,VIJAYAWADA,11866,12191,2.031,0.812,2.726,0.31,,,
176,BENGALURU,VISAKHAPATNAM,17975,17358,46.194,22.103,4.978,0.708,,,
177,BENGALURU,Ayodhya International Airport ,14264,14122,0.044,0,0,0,,,
178,BHATINDA,DELHI,1120,1124,0,0,0,0,,,
179,BHATINDA,HINDON AIRPORT,16,15,0,0,0,0,,,
180,BHAVNAGAR,MUMBAI,1476,1524,0,0,0,0,,,
181,BHAVNAGAR,PUNE,1394,1336,0,0,0,0,,,
182,BHOPAL,DABOLIM,3882,4026,0.099,0.469,0,0.758,,,
183,BHOPAL,DELHI,27471,25376,15.174,78.821,13.356,25.854,,,
184,BHOPAL,HYDERABAD,4040,4014,0.046,0.054,0,0.371,,,
185,BHOPAL,JAIPUR,1104,971,0,0.002,0,0,,,
186,BHOPAL,LUCKNOW,1205,1208,0.001,0.003,0,0.049,,,
187,BHOPAL,MUMBAI,15092,15930,16.305,40.442,4.073,23.829589999999996,,,
188,BHOPAL,PUNE,4596,4788,0,4.346,0,0.376,,,
189,BHOPAL,RAIPUR,1885,2026,0.001,0.028,0.946,0,,,
190,BHOPAL,REWA,75,94,0,0,0,0,,,
191,BHOPAL,UDAIPUR,805,879,0,0,0,0,,,
192,BHUBANESWAR,CHENNAI,11432,13641,3.734,32.798,1.78,7.594,,,
193,BHUBANESWAR,DehraDun,1019,1081,0,0.673,0,0.047,,,
194,BHUBANESWAR,DELHI,48139,47509,50.95713,289.9304,6.758720000000003,39.831,,,
195,BHUBANESWAR,DURGAPUR,998,642,0,0,0,0,,,
196,BHUBANESWAR,GUWAHATI,4062,3564,1.211,1.981,0,0.675,,,
197,BHUBANESWAR,HYDERABAD,21874,23285,6.235,38.031,0.691,7.99,,,
198,BHUBANESWAR,INDORE,2013,2160,0,0.578,0,0,,,
199,BHUBANESWAR,JAIPUR,2292,2323,0,0,0,0,,,
200,BHUBANESWAR,JAMSHEDPUR,164,176,0,0,0,0,,,
201,BHUBANESWAR,JEYPORE,466,465,0,0,0,0,,,
202,BHUBANESWAR,JHARSUGUDA,436,523,0,0,0,0,,,
203,BHUBANESWAR,KOCHI,3727,3142,1.3098400000000001,0.221,0,0,,,
204,BHUBANESWAR,KOLKATA,22719,23320,84.28742,40.09635999999999,0.124,32.022,,,
205,BHUBANESWAR,LUCKNOW,1851,1891,0,0,0,0,,,
206,BHUBANESWAR,MUMBAI,23298,24765,21.758000000000003,59.3198,3.952,13.7763,,,
207,BHUBANESWAR,PATNA,8324,7789,0.20700000000000002,0.655,0.473,0.009,,,
208,BHUBANESWAR,PUNE,4605,3967,1.111,0,0,0,,,
209,BHUBANESWAR,RAIPUR,3746,3328,0.001,1.05,0,0,,,
210,BHUBANESWAR,RANCHI,1848,1757,0,0.001,0,0.586,,,
211,BHUBANESWAR,ROURKELA,876,846,0,0,0,0,,,
212,BHUBANESWAR,Utkela,123,146,0,0,0,0,,,
213,BHUBANESWAR,VARANASI,1185,1214,0.116,0,0,0,,,
214,BHUJ,DELHI,4889,4839,0,0.213,0,0,,,
215,BHUJ,MUMBAI,3948,4014,0,0.722,0,0,,,
216,BIKANER,DELHI,1543,1348,0,0.004,0,0,,,
217,BILASPUR,DELHI,716,487,0,0,0,0,,,
218,BILASPUR,JABALPUR,449,394,0,0,0,0,,,
219,BILASPUR,JAGDALPUR,140,255,0,0,0,0,,,
220,BILASPUR,KOLKATA,263,213,0,0,0,0,,,
221,BILASPUR,Ambikapur Airport,14,35,0,0,0,0,,,
222,CHANDIGARH,CHENNAI,5603,5848,48.822,37.458,0,1.568,,,
223,CHANDIGARH,DABOLIM,10315,10908,1.745,7.773,0,0.14,,,
224,CHANDIGARH,DELHI,39331,42201,58.058,56.566199999999995,13.100999999999999,17.069000000000003,,,
225,CHANDIGARH,DHARAMSALA,1248,1305,0,0,0,0,,,
226,CHANDIGARH,HYDERABAD,9389,10844,43.83,42.278,0.314,5.741,,,
227,CHANDIGARH,INDORE,2364,2576,3.109,0.212,0.162,0,,,
228,CHANDIGARH,JAIPUR,5107,5634,0,0.081,0,0,,,
229,CHANDIGARH,JAMMU,979,896,0,0,0,0,,,
230,CHANDIGARH,KOLKATA,5484,5515,13.332,6.894,0,0,,,
231,CHANDIGARH,LEH,3087,2586,10.474300000000001,0.11,7.794,0,,,
232,CHANDIGARH,LUCKNOW,4447,4710,5.74,0.133,0,3.801,,,
233,CHANDIGARH,MUMBAI,27514,29428,79.26859999999999,116.27479999999998,2.64,7.813459999999996,,,
234,CHANDIGARH,PATNA,4313,4467,9.226,0.277,0,1.1119999999999999,,,
235,CHANDIGARH,PUNE,5693,5419,12.017,21.744,0,0,,,
236,CHANDIGARH,SRINAGAR,9994,8940,2.249,0.824,0,1.67,,,
237,CHENNAI,COIMBATORE,38299,34465,22.049,38.177,5.21689,10.788,,,
238,CHENNAI,DABOLIM,14332,14689,18.691,12.25,0.571,0.737,,,
239,CHENNAI,DELHI,108491,103197,1236.2561,1062.2441,54.04032,80.14623999999999,,,
240,CHENNAI,DURGAPUR,4509,3693,1.431,0.04,0,0,,,
241,CHENNAI,Goa,704,525,0,0,0,0,,,
242,CHENNAI,GUWAHATI,14800,13930,33.417,9.212,5.445,1.6440000000000001,,,
243,CHENNAI,HYDERABAD,60140,58828,497.3136000000001,422.58599999999996,10.588000000000001,8.08,,,
244,CHENNAI,INDORE,7433,7106,58.212,14.429,1.328,1.529,,,
245,CHENNAI,JAIPUR,15405,15369,41.78,72.799,4.615,1.43,,,
246,CHENNAI,Cuddapah,408,642,0.083,0,0,0,,,
247,CHENNAI,KANNUR,3133,3122,0.387,0.125,0.061,0,,,
248,CHENNAI,KOCHI,27933,28378,30.624000000000002,13.168999999999999,12.786,7.209,,,
249,CHENNAI,KOLKATA,39340,38059,314.445,223.25768,13.952,1.701,,,
250,CHENNAI,KOZHIKODE,3733,3655,0.184,0,1.011,0,,,
251,CHENNAI,KURNOOL,422,335,0.003,0,0,0,,,
252,CHENNAI,LUCKNOW,4558,4287,33.591,11.882,3.586,3.763,,,
253,CHENNAI,MADURAI,20756,19837,1.427,10.129100000000001,14.32723,11.294690000000001,,,
254,CHENNAI,MANGALORE,3389,3391,0.02,0.026,0.017,12.896,,,
255,CHENNAI,MUMBAI,81532,82031,463.99983000000003,534.21412,43.99687,33.04530999999999,,,
256,CHENNAI,MYSORE,2026,1705,0.01,0,0,0,,,
257,CHENNAI,PATNA,6036,5569,21.399,8.08,6.931,1.647,,,
258,CHENNAI,PORT BLAIR,25272,24280,103.17702,75.486,20.65027,7.217,,,
259,CHENNAI,PUNE,34079,33694,323.513,182.419,5.732,2.883,,,
260,CHENNAI,RAIPUR,4622,4356,11.4,0,0.657,0,,,
261,CHENNAI,RAJAHMUNDRY,1890,1896,0.012,0,0,0,,,
262,CHENNAI,RANCHI,5201,4788,20.761,3.894,2.239,0.481,,,
263,CHENNAI,SALEM,1616,1839,0.026,0,0,0,,,
264,CHENNAI,SHIRDI,5485,5207,16.61978,33.945130000000006,0.015,0,,,
265,CHENNAI,Shivamogga Airport,707,777,6.374150000000001,5.714,0,0,,,
266,CHENNAI,SURAT,4221,4175,31.047,11.854,0.042,0.288,,,
267,CHENNAI,TIRUCHIRAPALLY,11656,11900,0.172,0.088,0.116,0,,,
268,CHENNAI,TRIVANDRUM,12696,14528,8.724,18.745,6.55,4.059,,,
269,CHENNAI,TUTICORIN,7609,7090,0.339,0.33,0,0,,,
270,CHENNAI,VADODARA,690,615,6.751,0,0,0,,,
271,CHENNAI,VARANASI,5159,5212,3.332,29.993,0.21,0.193,,,
272,CHENNAI,VIJAYAWADA,4114,4066,0.184,0.053,0,0,,,
273,CHENNAI,VISAKHAPATNAM,12761,12233,36.729,8.649999999999999,5.897,1.294,,,
274,COIMBATORE,DABOLIM,1970,1938,0.064,0,0,0,,,
275,COIMBATORE,DELHI,19346,18706,127.98,155.8464,2.332,7.4959999999999996,,,
276,COIMBATORE,HYDERABAD,18681,18788,43.702999999999996,18.317,5.286,5.3759999999999994,,,
277,COIMBATORE,MUMBAI,28326,29194,124.4221,127.511,4.959,4.97342,,,
278,COIMBATORE,PUNE,4740,4596,14.153,29.445,0,0.303,,,
279,COOCH BEHAR,KOLKATA,229,232,0,0,0,0,,,
280,DABOLIM,DELHI,64391,62218,89.8662,95.4409,1.433,3.9990000000000006,,,
281,DABOLIM,HYDERABAD,34877,32699,30.114,38.016,0.442,0.807,,,
282,DABOLIM,INDORE,3967,4193,0.911,0.657,0.145,0,,,
283,DABOLIM,JAIPUR,4896,4455,0.887,3.065,0.162,0,,,
284,DABOLIM,KOCHI,4458,4426,5.062,0.013,0.251,0,,,
285,DABOLIM,KOLKATA,4665,4452,7.876,7.97,0.837,0,,,
286,DABOLIM,LUCKNOW,4781,4565,3.343,1.154,0.421,0.086,,,
287,DABOLIM,MUMBAI,65213,65688,43.809200000000004,64.37389999999999,6.165630000000002,12.568219999999997,,,
288,DABOLIM,NAGPUR,4672,4871,0.762,0.059,0.08,0,,,
289,DABOLIM,NASIK,826,870,0,0,0,0,,,
290,DABOLIM,PUNE,7967,7912,1.3,2.116,0.882,0,,,
291,DABOLIM,RAIPUR,4332,4016,3.47,0,0.035,0,,,
292,DABOLIM,SURAT,5060,4787,12.684,15.525,0.134,0.322,,,
293,DARBHANGA,DELHI,8197,8437,0,35.50471,0,0,,,
294,DARBHANGA,HYDERABAD,4116,4634,0,0.21700000000000003,0,0,,,
295,DARBHANGA,KOLKATA,1653,1849,0,0.049,0,0,,,
296,DARBHANGA,MUMBAI,5292,5747,0,20.66944,0,0,,,
297,DehraDun,DELHI,23023,23999,1.988,5.047,9.566,25.65,,,
298,DehraDun,HYDERABAD,4289,4720,1.532,5.894,0.325,0.647,,,
299,DehraDun,JAIPUR,3008,2890,0.005,0.02,0.065,0,,,
300,DehraDun,KOLKATA,2935,2881,2.515,0.423,0.11000000000000001,0,,,
301,DehraDun,KULLU,103,65,0,0,0,0,,,
302,DehraDun,LUCKNOW,4092,4275,0.294,0.093,0.445,1.263,,,
303,DehraDun,MUMBAI,8891,9307,0.765,9.397,0.966,3.814,,,
304,DehraDun,PITHORAGARH,144,158,0,0,0,0,,,
305,DehraDun,PUNE,4045,4217,0.288,0.996,0.153,0.352,,,
306,DehraDun,SRINAGAR,862,940,0,0.084,0,0,,,
307,DELHI,Deoghar ,5219,5221,0.265,0,0,0,,,
308,DELHI,DHARAMSALA,4514,4064,0.064,0,0,0,,,
309,DELHI,DIBRUGARH,9453,9153,25.702,3.369,4.052,2.564,,,
310,DELHI,DIMAPUR,4652,4708,10.859,19.538,2.611,5.1,,,
311,DELHI,DURGAPUR,4821,4821,0.708,1.285,0,0,,,
312,DELHI,GAYA,4773,4834,3.044,0,0,0,,,
313,DELHI,Goa,50219,52841,45.13473,87.12293,0,0,,,
314,DELHI,GORAKHPUR,17107,16237,42.9201,39.11947,21.031,0,,,
315,DELHI,GUWAHATI,61255,60745,351.52675,267.98717000000005,27.136,4.788,,,
316,DELHI,GWALIOR,4107,4253,0.199,0,0,0,,,
317,DELHI,HUBLI,4681,4767,6.068,1.536,5.661,0.641,,,
318,DELHI,HYDERABAD,131586,137712,1403.4925299999998,929.4109000000001,48.352999999999994,18.048000000000002,,,
319,DELHI,IMPHAL,8068,8332,31.186,64.094,10.539,8.87,,,
320,DELHI,INDORE,37445,39569,194.4615,83.955,30.42784,7.164,,,
321,DELHI,Itanagar,2714,2704,0.038,0,0,0,,,
322,DELHI,JABALPUR,5358,5340,0.386,0,0,0,,,
323,DELHI,JAIPUR,22683,22915,31.12705,20.491,46.97,8.623,,,
324,DELHI,JAISALMER,5169,5095,0.16,0,0,0,,,
325,DELHI,JAMMU,26333,25869,45.13735,3.261,12.155000000000001,0,,,
326,DELHI,JHARSUGUDA,4699,4643,0.149,0,0,0,,,
327,DELHI,JODHPUR,14670,14939,13.629999999999999,0.144,29.889,6.837,,,
328,DELHI,KANNUR,4840,4815,0.677,0.483,0,0,,,
329,DELHI,KANPUR,4861,4943,3.007,0,0,0,,,
330,DELHI,KHAJURAHO,2818,2574,0.08,0,0,0,,,
331,DELHI,KOCHI,41278,43011,365.77490000000006,123.15850999999999,26.858600000000003,9.193209999999999,,,
332,DELHI,KOLKATA,115354,114877,1313.7945,1514.40616,94.22933,26.202140000000007,,,
333,DELHI,KOZHIKODE,5263,5262,13.965,0.811,8.799,0,,,
334,DELHI,KULLU,367,156,0,0,0,0,,,
335,DELHI,LEH,21119,16723,108.44156999999998,20.92445,59.819379999999995,14.053999999999998,,,
336,DELHI,LUCKNOW,58569,58841,141.26638,64.777,88.47219999999999,22.7545,,,
337,DELHI,MADURAI,5932,6031,19.723,44.794,2.525,1.387,,,
338,DELHI,MANGALORE,10023,10257,16.97,9.917,1.648,37.742,,,
339,DELHI,MUMBAI,271320,283669,3434.4748199999995,2175.89417,49.1727,80.79489000000002,,,
340,DELHI,NAGPUR,29570,31388,158.7342,55.2,24.07,10.195,,,
341,DELHI,NASIK,4712,4836,6.136,0.424,0,0.4,,,
342,DELHI,PANTNAGAR,3721,3710,0.013,0,0,0,,,
343,DELHI,PATNA,49737,49302,290.98279,51.306929999999994,116.604,13.316,,,
344,DELHI,PITHORAGARH,279,235,0,0,0,0,,,
345,DELHI,PORT BLAIR,2139,2363,12.1275,7.586,4.2456000000000005,0,,,
346,DELHI,PUNE,110248,112173,923.8963400000001,673.94682,29.282820000000005,1.9952900000000002,,,
347,DELHI,RAIPUR,32189,33466,198.4651,1.089,39.101,0,,,
348,DELHI,RAJAHMUNDRY,4117,4642,1.839,0.062,0,0,,,
349,DELHI,Rajkot International Airport,9033,9416,19.627000000000002,0.638,12.9833,0,,,
350,DELHI,RANCHI,38920,38841,175.7532,23.792,53.442,4.459,,,
351,DELHI,SHILLONG,602,449,0,0,0,0,,,
352,DELHI,SHIRDI,9753,9952,34.05413000000001,19.983780000000003,0,0,,,
353,DELHI,SIMLA,895,526,0,0,0,0,,,
354,DELHI,SRINAGAR,76199,73778,335.217,140.63455000000002,11.6013,19.843,,,
355,DELHI,SURAT,25094,26143,72.774,50.987,15.081,6.301,,,
356,DELHI,TIRUPATI,4251,4671,3.247,3.342,4.69,0,,,
357,DELHI,TRIVANDRUM,19826,21202,36.620000000000005,44.733399999999996,12.212499999999999,7.621099999999997,,,
358,DELHI,UDAIPUR,31967,33200,25.276,0.777,0,0,,,
359,DELHI,VADODARA,24725,26566,83.034,0.002,12.3923,0,,,
360,DELHI,VARANASI,41053,41988,90.45627,49.983059999999995,36.9036,1.428,,,
361,DELHI,VIJAYAWADA,13278,15686,56.84179999999999,6.984,16.8266,0.5362,,,
362,DELHI,VISAKHAPATNAM,20077,22792,45.173,18.255,8.881,1.662,,,
363,DELHI,Ayodhya International Airport ,11800,12343,0.457,0,0,0,,,
364,Deoghar ,KOLKATA,1881,1663,0,0.001,0,0,,,
365,Deoghar ,MUMBAI,1994,2087,0,0.032,0,0,,,
366,Deoghar ,PATNA,761,688,0,0,0,0,,,
367,Deoghar ,RANCHI,623,793,0,0.001,0,0,,,
368,DHARAMSALA,SIMLA,239,222,0,0,0,0,,,
369,DIBRUGARH,GUWAHATI,7921,8827,1.801,0.9159999999999999,1.644,11.392,,,
370,DIBRUGARH,IMPHAL,2101,2091,0.025,0,0,0,,,
371,DIBRUGARH,KOLKATA,9036,8766,6.401,27.923,3.542,3.185,,,
372,DIMAPUR,GUWAHATI,5325,4842,0.821,3.598,0,0.799,,,
373,DIMAPUR,IMPHAL,509,502,0,0,0,0,,,
374,DIMAPUR,KOLKATA,4232,3337,9.655,20.07,4.765,4.066,,,
375,DIU,KESHOD,5,34,0,0,0,0,,,
376,DIU,MUMBAI,1335,1364,0,0,0,0,,,
377,DIU,SURAT,1900,1770,0,0,0,0,,,
378,DURGAPUR,GUWAHATI,548,427,0.003,0,0,0,,,
379,DURGAPUR,HYDERABAD,4344,4707,0.026,0.449,0,0,,,
380,DURGAPUR,KOLKATA,51,-,0,-,0,-,,,
381,DURGAPUR,MUMBAI,2513,2808,4.28,0.359,0,0,,,
382,GAYA,KOLKATA,4675,4612,2.843,0.024,0,0,,,
383,Goa,HYDERABAD,20807,19509,0.162,11.647,0,0.093,,,
384,Goa,JAIPUR,6030,5901,0.064,2.123,0,0,,,
385,Goa,JALGAON,1691,1566,0,0,0,0,,,
386,Goa,KOLKATA,4821,4468,7.127,2.649,0,0,,,
387,Goa,MUMBAI,37298,38064,45.48894,27.15052,0,0.209,,,
388,Goa,NAGPUR,4786,4609,4.245,0.001,0.093,0,,,
389,Goa,PUNE,6036,6141,9.20026,40.23341,0,0,,,
390,Goa,Rajkot International Airport,3877,3513,0,0,0,0,,,
391,Goa,Shivamogga Airport,398,564,0,0,0,0,,,
392,Goa,VADODARA,3825,2737,0,0,0,0,,,
393,Gondia ,HYDERABAD,1203,1061,0,0.085,0,0,,,
394,GORAKHPUR,HYDERABAD,5062,5836,0,1.108,0,2.338,,,
395,GORAKHPUR,KOLKATA,2035,2079,0,0.005,0,0,,,
396,GORAKHPUR,MUMBAI,9778,10304,0,3.2394,0,4.901,,,
397,GUWAHATI,HYDERABAD,13218,13694,43.735,22.259,1.1320000000000001,4.283,,,
398,GUWAHATI,IMPHAL,20192,22320,65.03759,146.993,2.551,3.387,,,
399,GUWAHATI,Itanagar,121,110,0,0,0,0,,,
400,GUWAHATI,JAIPUR,4374,4334,0,0,0,0,,,
401,GUWAHATI,JORHAT,8,-,0,-,0,-,,,
402,GUWAHATI,KOLKATA,39011,40989,52.801230000000004,417.63852,6.036,11.214920000000001,,,
403,GUWAHATI,LUCKNOW,4411,4753,0.794,10.75,1.316,1.582,,,
404,GUWAHATI,MUMBAI,16178,16944,28.437,107.673,3.30296,16.1246,,,
405,GUWAHATI,PASIGHAT,271,307,0,0,0,0,,,
406,GUWAHATI,PATNA,1816,1983,2.53743,0.05768000000000001,0,0,,,
407,GUWAHATI,PUNE,4552,4458,2.995,11.481,0.755,0.339,,,
408,GUWAHATI,SILCHAR,4731,4180,5.88,0,4.801,0,,,
409,GUWAHATI,TEZU,21,19,0,0,0,0,,,
410,GUWAHATI,Ziro,36,35,0,0,0,0,,,
411,GWALIOR,MUMBAI,4719,4976,0,0.008,0,0,,,
412,HUBLI,HYDERABAD,2062,2009,0.096,0.035,1.105,0,,,
413,HUBLI,MUMBAI,4415,4578,0.124,2.01,0.877,0.817,,,
414,HUBLI,PUNE,761,796,0.001,0,0,0.273,,,
415,HYDERABAD,INDORE,17859,17021,56.177,17.122,14.982,1.42,,,
416,HYDERABAD,JABALPUR,3020,2935,0.011,0,0,0,,,
417,HYDERABAD,JAGDALPUR,1442,1493,0.028,0,0,0,,,
418,HYDERABAD,JAIPUR,25570,23559,30.1507,60.291,3.156,1.8439999999999999,,,
419,HYDERABAD,JALGAON,428,399,0,0,0,0,,,
420,HYDERABAD,JAMMU,2379,2011,4.532,0,0.556,0,,,
421,HYDERABAD,JHARSUGUDA,2004,1972,0,0,0,0,,,
422,HYDERABAD,JODHPUR,4807,4713,0.633,0,0.21,0.383,,,
423,HYDERABAD,Cuddapah,1763,1771,0.057,0,0,0,,,
424,HYDERABAD,KANNUR,2111,1989,0.085,0.006,0,0,,,
425,HYDERABAD,KANPUR,3578,3443,0.57,0,0,0,,,
426,HYDERABAD,KOCHI,34359,34580,62.7972,37.819,7.067,7.599,,,
427,HYDERABAD,KOLHAPUR,1613,1952,0.354,2.2979999999999996,0,0,,,
428,HYDERABAD,KOLKATA,47222,44115,211.25310000000002,226.95558,12.31,3.807,,,
429,HYDERABAD,KOZHIKODE,4591,4667,1.033,12.04,0,0,,,
430,HYDERABAD,LUCKNOW,32440,30056,19.955,11.618,6.285,2.672,,,
431,HYDERABAD,MADURAI,8221,8126,5.73,41.281,9.619,0.758,,,
432,HYDERABAD,MANGALORE,5303,5304,0.099,0.055,2.366,3.123,,,
433,HYDERABAD,MUMBAI,88795,97707,577.0632999999999,782.8385,13.750529999999998,31.507239999999992,,,
434,HYDERABAD,MYSORE,1789,1804,0.065,0,0,0,,,
435,HYDERABAD,NAGPUR,4202,4107,0.232,0.081,0.016,0,,,
436,HYDERABAD,NANDED,711,832,0,0,0,0,,,
437,HYDERABAD,NASIK,1971,1950,0.065,0.048,0.223,0.087,,,
438,HYDERABAD,PATNA,23411,21744,46.239,5.557,11.472,1.462,,,
439,HYDERABAD,PONDICHERRY,1984,1976,0.001,0,0,0,,,
440,HYDERABAD,PORT BLAIR,5457,6189,24.253,7.718,2.302,3.444,,,
441,HYDERABAD,PUNE,22561,23043,43.001,72.875,3.358,3.186,,,
442,HYDERABAD,RAIPUR,10269,9849,10.451,0.005,10.046,0,,,
443,HYDERABAD,RAJAHMUNDRY,11677,11365,0.704,0.429,0,0,,,
444,HYDERABAD,Rajkot International Airport,3767,4433,2.231,0,0,0,,,
445,HYDERABAD,RANCHI,12659,11931,27.125,10.393,3.426,1.078,,,
446,HYDERABAD,SALEM,801,850,0.004,0,0,0,,,
447,HYDERABAD,SHIRDI,5091,5340,0.011,4.042,0,0.015,,,
448,HYDERABAD,Shivamogga Airport,2708,2358,5.714,6.196150000000001,0,0,,,
449,HYDERABAD,SRINAGAR,8394,7762,4.695,7.442,0.724,0.214,,,
450,HYDERABAD,SURAT,6859,6969,16.022,43.887,1.556,0.632,,,
451,HYDERABAD,TIRUCHIRAPALLY,4829,4750,1.687,0.15,3.762,0,,,
452,HYDERABAD,TIRUPATI,33593,32209,9.638,10.187,8.753,1.87,,,
453,HYDERABAD,TRIVANDRUM,13459,13962,4.089,18.244,1.397,2.144,,,
454,HYDERABAD,UDAIPUR,6379,6342,0.995,0.042,0,0,,,
455,HYDERABAD,VADODARA,4581,4610,25.286,0,1.229,0,,,
456,HYDERABAD,VARANASI,26791,26551,5.79,25.066000000000003,1.339,0.203,,,
457,HYDERABAD,VIJAYAWADA,14814,15299,2.346,0.801,9.836,0.52,,,
458,HYDERABAD,VISAKHAPATNAM,43377,41827,30.75,33.498999999999995,14.529,0.01,,,
459,HYDERABAD,Ayodhya International Airport ,2815,2846,0,0,0,0,,,
460,IMPHAL,KOLKATA,16634,16238,33.862,46.3534,11.263,1.96979,,,
461,IMPHAL,SHILLONG,752,523,0,0,0,0,,,
462,IMPHAL,SILCHAR,1018,1014,0,0,0,0,,,
463,INDORE,JABALPUR,1800,2025,0,0,0,0,,,
464,INDORE,JAIPUR,4555,4487,0.009000000000000001,0.233,0,0,,,
465,INDORE,JAMMU,2353,1921,0.099,0,0.054,0,,,
466,INDORE,JODHPUR,2006,1982,0.01,0,0,0,,,
467,INDORE,KOLKATA,13059,13372,21.224,22.463150000000002,2.058,0.12,,,
468,INDORE,LUCKNOW,3881,3683,0.016,0.031,0,0.048,,,
469,INDORE,MUMBAI,29133,30415,96.348,88.80030000000001,9.477929999999999,13.448979999999999,,,
470,INDORE,NAGPUR,2973,2995,0.008,0.099,0,0,,,
471,INDORE,NASIK,632,634,0,0,0,0,,,
472,INDORE,PUNE,8076,8059,2.126,14.293,0.849,0.625,,,
473,INDORE,RAIPUR,3719,3721,2.975,0,0.608,0,,,
474,INDORE,SHIRDI,1512,1440,0.001,0,0,0,,,
475,INDORE,UDAIPUR,1198,1179,0,0.001,0,0,,,
476,Itanagar,JORHAT,-,8,-,0,-,0,,,
477,Itanagar,KOLKATA,2855,3346,0,0.061,0,0,,,
478,Itanagar,TEZU,8,17,0,0,0,0,,,
479,JABALPUR,JAGDALPUR,300,209,0,0,0,0,,,
480,JABALPUR,MUMBAI,4699,4827,0,0.028,0,0,,,
481,JAGDALPUR,RAIPUR,2,2,0,0,0,0,,,
482,JAIPUR,JAISALMER,1928,1790,0,0,0,0,,,
483,JAIPUR,JODHPUR,1668,1551,0,0,0,0,,,
484,JAIPUR,KHAJURAHO,25,-,0,-,0,-,,,
485,JAIPUR,KOLKATA,26723,27998,99.75,83.29471000000002,1.768,1.921,,,
486,JAIPUR,KULLU,260,142,0,0,0,0,,,
487,JAIPUR,LUCKNOW,3846,3836,0.066,0.004,0,0.226,,,
488,JAIPUR,MUMBAI,47740,49073,180.4945,122.3766,5.559,34.35242,,,
489,JAIPUR,PUNE,12159,12093,18.9455,8.720220000000001,0,0,,,
490,JAIPUR,SURAT,4996,5447,3.991,0.626,0.022,0.282,,,
491,JAIPUR,UDAIPUR,4156,4044,0,0,0,0,,,
492,JAIPUR,VARANASI,1617,1661,0.99546,0,0,0,,,
493,JAISALMER,MUMBAI,4667,4794,0,0.198,0,0,,,
494,JALGAON,MUMBAI,657,602,0,0,0,0,,,
495,JALGAON,PUNE,733,674,0,0,0,0,,,
496,JAMMU,LEH,3308,2943,9.0908,0,2.6373999999999995,0,,,
497,JAMMU,MUMBAI,3306,3204,0,6.965,0,0.456,,,
498,JAMMU,SRINAGAR,20780,17587,0,8.147550000000003,0,2.208,,,
499,JAMNAGAR,MUMBAI,4906,4989,0.414,12.4611,1.2696199999999997,0,,,
500,JAMSHEDPUR,KOLKATA,226,155,0,0,0,0,,,
501,JEYPORE,VISAKHAPATNAM,152,149,0,0,0,0,,,
502,JHARSUGUDA,KOLKATA,1958,1989,0,0.011,0,0,,,
503,JHARSUGUDA,LUCKNOW,1010,979,0,0,0,0,,,
504,JHARSUGUDA,RAIPUR,421,365,0,0,0,0,,,
505,JODHPUR,MUMBAI,12821,13796,0.594,2.1710000000000003,1.0100900000000002,11.02182,,,
506,JODHPUR,PUNE,4060,4145,5.989,0.448,0.397,0,,,
507,JORHAT,KOLKATA,5212,5627,2.803,9.367,0,0,,,
508,Cuddapah,VIJAYAWADA,502,218,0,0.002,0,0,,,
509,KANDLA,MUMBAI,2099,2082,0,0.01306,0,0,,,
510,KANNUR,KOCHI,1242,1264,0,0.036,0,0,,,
511,KANNUR,MUMBAI,2552,2499,0.002,0.366,0,0.01,,,
512,KANNUR,TRIVANDRUM,914,659,1.422,0.004,0,0,,,
513,KANPUR,MUMBAI,4898,5004,0,3.659,0,1.896,,,
514,KESHOD,MUMBAI,671,761,0,0,0,0,,,
515,KHAJURAHO,REWA,5,12,0,0,0,0,,,
516,KHAJURAHO,VARANASI,2495,1794,0,0,0,0,,,
517,KOCHI,KOLKATA,3746,3649,0,0,0,0,,,
518,KOCHI,KOZHIKODE,896,978,0,0,0,0,,,
519,KOCHI,MUMBAI,47305,46714,97.951,170.9941,20.87381,19.222479999999997,,,
520,KOCHI,NAGPUR,11,-,0,-,0,-,,,
521,KOCHI,PUNE,9070,9395,9.534,9.57,0,0,,,
522,KOCHI,SALEM,774,730,0,0,0,0,,,
523,KOCHI,TRIVANDRUM,450,684,0.994,0.506,0,0,,,
524,KOLHAPUR,MUMBAI,1191,1249,0,0,0,0,,,
525,KOLHAPUR,TIRUPATI,435,473,0,0,0,0,,,
526,KOLKATA,LILABARI,609,658,0,0,0,0,,,
527,KOLKATA,LUCKNOW,13575,13412,55.369,67.158,10.176,1.076,,,
528,KOLKATA,MUMBAI,87209,90906,539.21245,809.9694099999999,18.780189999999997,34.11292,,,
529,KOLKATA,NAGPUR,4802,5006,12.01,18.073,0.044,2.049,,,
530,KOLKATA,PATNA,14899,14758,28.163,12.151,40.989,6.756,,,
531,KOLKATA,PORT BLAIR,26410,27236,145.44588,81.62285,18.00521,0.711,,,
532,KOLKATA,PUNE,18477,21173,67.5956,124.5564,0.243,2.2699,,,
533,KOLKATA,RAIPUR,12026,12287,21.813,0.16,4.005,0,,,
534,KOLKATA,RANCHI,7977,8502,3.02,1.565,5.4,1.484,,,
535,KOLKATA,ROURKELA,302,437,0,0,0,0,,,
536,KOLKATA,RUPSI,85,109,0,0,0,0,,,
537,KOLKATA,SHILLONG,2632,1913,0.016,0,0,0,,,
538,KOLKATA,SILCHAR,13954,13369,40.1419,0.026,6.498380000000001,0,,,
539,KOLKATA,SRINAGAR,4570,3960,0.905,3,0,0.041,,,
540,KOLKATA,SURAT,3274,3360,7.832,3.533,0,0,,,
541,KOLKATA,TIRUPATI,3,1,0,0,0,0,,,
542,KOLKATA,VARANASI,10395,10809,6.547,13.254,1.381,3.273,,,
543,KOLKATA,VISAKHAPATNAM,7853,9042,1.053,75.906,0,0.004,,,
544,KOZHIKODE,MUMBAI,7113,6885,0.004,4.44045,0,4.006,,,
545,KURNOOL,VISAKHAPATNAM,227,214,0,0,0,0,,,
546,LEH,SRINAGAR,603,741,0.01,0.112,0,0,,,
547,LUCKNOW,MUMBAI,43873,45038,51.842150000000004,174.52785,6.714499999999999,18.505190000000002,,,
548,LUCKNOW,NAGPUR,1459,1589,0.008,0.018,0.122,0,,,
549,LUCKNOW,PATNA,4015,3949,9.896,0.329,4.09,1.4140000000000001,,,
550,LUCKNOW,PUNE,10036,9692,28.946,26.126,0.141,0.617,,,
551,LUCKNOW,RAIPUR,3451,4042,0.513,0,0.662,0,,,
552,LUCKNOW,VARANASI,798,813,0.048,0,0,0,,,
553,MADURAI,MUMBAI,5523,5707,21.855,6.398,0,5.669,,,
554,MANGALORE,MUMBAI,23890,24749,3.275,3.614,82.463,2.69,,,
555,MANGALORE,PUNE,805,783,0,0,0,0,,,
556,MUMBAI,NAGPUR,29368,29126,101.4971,94.46770000000001,45.32147,7.395529999999999,,,
557,MUMBAI,PATNA,14584,14113,52.6758,23.7089,19.418169999999996,2.469,,,
558,MUMBAI,PORT BLAIR,4724,4769,17.165,12.315,0,0,,,
559,MUMBAI,RAIPUR,15106,14895,85.571,0.076,14.378,0,,,
560,MUMBAI,RAJAHMUNDRY,1947,1916,0.333,0.324,0,0,,,
561,MUMBAI,Rajkot International Airport,22452,22054,12.3285,0,11.736320000000001,0,,,
562,MUMBAI,RANCHI,9222,8849,19.379,9.476,6.204,1.114,,,
563,MUMBAI,SRINAGAR,12610,12239,24.045,29.426000000000002,1.1823,0.215,,,
564,MUMBAI,TIRUCHIRAPALLY,2116,1987,0.196,0,0,0,,,
565,MUMBAI,TIRUPATI,4394,3899,0.233,0,0,0,,,
566,MUMBAI,TRIVANDRUM,13726,14008,15.0693,12.315999999999999,7.2399200000000015,3.94249,,,
567,MUMBAI,UDAIPUR,23256,22530,9.908,2.548,0,0,,,
568,MUMBAI,VADODARA,12947,13644,27.125,0.047,14.10055,0,,,
569,MUMBAI,VARANASI,38030,37617,74.14918,46.89748,11.35385,0.751,,,
570,MUMBAI,VIJAYAWADA,7695,7334,11.964,3.9021999999999997,4.277349999999999,0.3533,,,
571,MUMBAI,VISAKHAPATNAM,10185,9960,16.9573,6.639,3.9922100000000005,1.284,,,
572,MUMBAI,Ayodhya International Airport ,14655,14284,0.176,0,0,0,,,
573,NAGPUR,NASIK,671,728,0.01,0,0,0,,,
574,NAGPUR,PUNE,10585,11012,7.393,32.084,9.56,2.425,,,
575,NANDED,PUNE,1403,1345,0,0,0,0,,,
576,NANDED,HINDON AIRPORT,2009,2018,0,0,0,0,,,
577,PANTNAGAR,PITHORAGARH,25,25,0,0,0,0,,,
578,PATNA,PUNE,4497,4930,0.528,14.159,1.044,1.229,,,
579,PATNA,RANCHI,2923,3103,0.098,0.19,1.427,0,,,
580,PORT BLAIR,VISAKHAPATNAM,762,505,0.228,0.708,0,0,,,
581,PUNE,RAIPUR,4763,4652,2.072,1.74,0.398,0,,,
582,PUNE,Rajkot International Airport,1909,1920,0.74,0,0,0,,,
583,PUNE,RANCHI,6198,5911,15.024,6.582,0.338,0.411,,,
584,PUNE,SRINAGAR,69,9,0,0,0,0,,,
585,PUNE,SURAT,1975,1901,3.471,6.093,0.337,0.17,,,
586,PUNE,TRIVANDRUM,2093,2607,2.495,0.099,0.257,0,,,
587,PUNE,VADODARA,1788,1844,6.549,0,0.225,0,,,
588,PUNE,VARANASI,2648,2696,0.208,0.063,0,0,,,
589,RAIPUR,Utkela,15,23,0,0,0,0,,,
590,RAIPUR,Ambikapur Airport,40,49,0,0,0,0,,,
591,RAJAHMUNDRY,VIJAYAWADA,69,-,0,-,0,-,,,
592,Rajkot International Airport,UDAIPUR,276,252,0,0,0,0,,,
593,SHIRDI,VIJAYAWADA,1378,1369,0,0,0,0,,,
594,Shivamogga Airport,TIRUPATI,873,613,0,0,0,0,,,
595,TIRUPATI,VIJAYAWADA,632,1079,0.299,0,4.262,0,,,
596,TIRUPATI,VISAKHAPATNAM,1124,1208,0,0.001,0,0.154,,,
597,VIJAYAWADA,VISAKHAPATNAM,5510,5304,0,0.124,0.004,0.804,,,
SUB TOTAL,,,7012354,7030286,28837.43959,25377.597299999998,2186.8914500000005,1591.2283100000002,,,
TOTAL,,,14042640,,54215.03689,,3778.1197600000005,,,,
