ROUTE,WEIGHT
DELHI-MUMBAI,0.07602670175566754
BENGALURU-DELHI,0.053728394249598035
BENGALURU-MUMBAI,0.04578020025105457
DELHI-HYDERABAD,0.03579028939480791
DELHI-PUNE,0.032610771866085346
DELHI-KOLKATA,0.03187629701589441
AHMEDABAD-DELHI,0.027999447091069152
BENGALURU-HYDERABAD,0.027899957958795147
CHENNAI-DELHI,0.026719796953652553
KOLKATA-MUMBAI,0.0265415620916543
HYDERABAD-MUMBAI,0.025736902096171493
BENGALURU-KOLKATA,0.025616343443845547
CHENNAI-MUMBAI,0.02418318513932858
AHMEDABAD-MUMBAI,0.02275137789303495
BENGALURU-PUNE,0.020933633877011585
DELHI-SRINAGAR,0.0206137126073672
CHENNAI-HYDERABAD,0.018145841703682556
DELHI-GUWAHATI,0.017739149884349416
DABOLIM-MUMBAI,0.017570523841611996
BENGALURU-CHENNAI,0.01734189217847237
DELHI-PATNA,0.016307901696630964
BENGALURU-KOCHI,0.01580081227483916
DELHI-LUCKNOW,0.014500674970053095
DELHI-GOA,0.014123613255204276
DABOLIM-DELHI,0.013658162050209423
BHUBANESWAR-DELHI,0.013598424312041153
KOCHI-MUMBAI,0.01355981432919307
AHMEDABAD-BENGALURU,0.012986779289637812
AMRITSAR-DELHI,0.012750681865108856
GUWAHATI-KOLKATA,0.012411263427655212
BAGDOGRA-DELHI,0.012406045547620237
HYDERABAD-KOLKATA,0.01237840708930998
JAIPUR-MUMBAI,0.012351758630559932
DELHI-INDORE,0.012338702283418844
BENGALURU-DABOLIM,0.012143637428897068
HYDERABAD-VISAKHAPATNAM,0.011894565186602571
CHENNAI-KOLKATA,0.011739275020293826
DELHI-KOCHI,0.010962998894554843
DELHI-RANCHI,0.01092186150106482
DELHI-VARANASI,0.010856393412500998
CHENNAI-COIMBATORE,0.010778323211888418
LUCKNOW-MUMBAI,0.010657811147777072
BENGALURU-VARANASI,0.010519001562382365
MUMBAI-VARANASI,0.010494507808557473
CHANDIGARH-DELHI,0.010061365530386324
GOA-MUMBAI,0.009786390240775347
HYDERABAD-KOCHI,0.009773706599351045
BENGALURU-LUCKNOW,0.009547450935155914
CHENNAI-PUNE,0.009483741551693166
BENGALURU-GUWAHATI,0.00935438937386185
BENGALURU-MANGALORE,0.009334554441496756
HYDERABAD-TIRUPATI,0.009310677981515287
BENGALURU-BHUBANESWAR,0.009307067394883944
AGARTALA-KOLKATA,0.009271462351877431
DELHI-RAIPUR,0.00902179610984681
