ROUTE,BASE_FARE,TOTAL_FARE
DELHI-MUMBAI,12718.333333333332,13740.25
BENGALURU-DELHI,14255.0,15553.75
BENGALURU-MUMBAI,9581.666666666668,10646.750000000002
DELHI-HYDERABAD,12200.833333333332,13196.875
DELHI-PUNE,12198.333333333332,13194.25
DELHI-KOLKATA,10982.5,12017.625
AHMEDABAD-DELHI,10956.25,11940.0625
BENGALURU-HYDERABAD,7895.0,8875.75
CHENNAI-DELHI,11444.166666666666,12402.375
KOLKATA-MUMBAI,11225.416666666666,12172.6875
HYDERABAD-MUMBAI,8478.75,9288.6875
BENGALURU-KOLKATA,11097.5,12238.375
CHENNAI-MUMBAI,11145.416666666668,12088.687500000002
AHMEDABAD-MUMBAI,7650.833333333334,8469.375
BENGALURU-PUNE,8564.583333333334,9578.812500000002
DELHI-SRINAGAR,10252.083333333334,11150.687500000002
CHENNAI-HYDERABAD,7713.333333333334,8635.0
DELHI-GUWAHATI,12851.666666666666,13880.25
DABOLIM-MUMBAI,8222.5,9019.625
BENGALURU-CHENNAI,6438.75,7346.6875
DELHI-PATNA,10213.75,11110.4375
BENGALURU-KOCHI,6045.416666666666,6933.6875
DELHI-LUCKNOW,7462.083333333333,8221.1875
DABOLIM-DELHI,12638.333333333332,13656.25
KOCHI-MUMBAI,11142.5,12085.625
BHUBANESWAR-DELHI,11985.833333333332,13021.125
AHMEDABAD-BENGALURU,12303.333333333332,13354.5
AMRITSAR-DELHI,8213.75,9060.4375
GUWAHATI-KOLKATA,8181.25,9076.3125
BAGDOGRA-DELHI,12832.5,13860.125
HYDERABAD-KOLKATA,10867.5,11896.875
JAIPUR-MUMBAI,9992.916666666668,10878.562500000002
DELHI-INDORE,9893.75,10774.4375
BENGALURU-DABOLIM,6815.0,7741.75
CHENNAI-KOLKATA,10860.833333333332,11889.875
DELHI-KOCHI,17210.833333333332,18507.375
DELHI-RANCHI,11710.416666666666,12681.9375
DELHI-VARANASI,10134.166666666668,11026.875000000002
CHENNAI-COIMBATORE,7777.083333333334,8601.9375
LUCKNOW-MUMBAI,11757.083333333334,12730.937500000002
MUMBAI-VARANASI,11648.333333333332,12616.75
CHANDIGARH-DELHI,6940.833333333333,7673.875
BENGALURU-GUWAHATI,14481.25,15791.3125
HYDERABAD-TIRUPATI,7638.333333333334,8556.25
AGARTALA-KOLKATA,8177.916666666666,9072.8125
DELHI-RAIPUR,10438.75,11346.6875
DELHI-LEH,10564.166666666668,11478.375000000002
MUMBAI-NAGPUR,9216.666666666668,10063.500000000002
INDORE-MUMBAI,8859.583333333332,9688.5625
DELHI-NAGPUR,10296.666666666668,11197.500000000002
DEHRADUN-DELHI,8083.333333333333,8923.5
COIMBATORE-MUMBAI,8765.833333333334,9590.125000000002
DELHI-UDAIPUR,8898.75,9729.6875
CHANDIGARH-MUMBAI,12749.166666666668,13772.625000000002
DELHI-JAMMU,9276.25,10126.0625
