ROUTE,FARE_CLASS,ADVANCE_PURCHASE_WINDOW,BASE_FARE,TOTAL_FARE
BENGALURU-MUMBAI,Economy,1,5485.0,6345.25
BENGALURU-MUMBAI,Economy,7,5485.0,6345.25
BENGALURU-MUMBAI,Economy,15,5485.0,6345.25
BENGALURU-MUMBAI,Economy,30,5485.0,6345.25
BENGALURU-MUMBAI,Economy,45,5485.0,6345.25
BENGALURU-DELHI,Economy,1,7830.0,8807.5
BENGALURU-DELHI,Economy,7,7830.0,8807.5
BENGALURU-DELHI,Economy,15,7830.0,8807.5
BENGALURU-DELHI,Economy,30,7830.0,8807.5
BENGALURU-DELHI,Economy,45,7830.0,8807.5
DELHI-MUMBAI,Economy,1,6780.0,7505.0
DELHI-MUMBAI,Economy,7,6780.0,7505.0
DELHI-MUMBAI,Economy,15,6780.0,7505.0
DELHI-MUMBAI,Economy,30,6780.0,7505.0
DELHI-MUMBAI,Economy,45,6780.0,7505.0
DELHI-HYDERABAD,Economy,1,6125.0,6817.25
DELHI-HYDERABAD,Economy,7,6125.0,6817.25
DELHI-HYDERABAD,Economy,15,6125.0,6817.25
DELHI-HYDERABAD,Economy,30,6125.0,6817.25
DELHI-HYDERABAD,Economy,45,6125.0,6817.25
DELHI-PUNE,Economy,1,6455.0,7163.75
DELHI-PUNE,Economy,7,6455.0,7163.75
DELHI-PUNE,Economy,15,6455.0,7163.75
DELHI-PUNE,Economy,30,6455.0,7163.75
DELHI-PUNE,Economy,45,6455.0,7163.75
BENGALURU-MUMBAI,Premium Economy,1,21700.0,24890.000000000004
BENGALURU-MUMBAI,Premium Economy,7,21700.0,24890.000000000004
BENGALURU-MUMBAI,Premium Economy,15,21700.0,24890.000000000004
BENGALURU-MUMBAI,Premium Economy,30,21700.0,24890.000000000004
BENGALURU-MUMBAI,Premium Economy,45,21700.0,24890.000000000004
BENGALURU-DELHI,Premium Economy,1,32020.0,36448.4
BENGALURU-DELHI,Premium Economy,7,32020.0,36448.4
BENGALURU-DELHI,Premium Economy,15,32020.0,36448.4
BENGALURU-DELHI,Premium Economy,30,32020.0,36448.4
BENGALURU-DELHI,Premium Economy,45,32020.0,36448.4
DELHI-MUMBAI,Premium Economy,1,27055.0,30687.6
DELHI-MUMBAI,Premium Economy,7,27055.0,30687.6
DELHI-MUMBAI,Premium Economy,15,27055.0,30687.6
DELHI-MUMBAI,Premium Economy,30,27055.0,30687.6
DELHI-MUMBAI,Premium Economy,45,27055.0,30687.6
DELHI-HYDERABAD,Premium Economy,1,27070.0,30704.4
DELHI-HYDERABAD,Premium Economy,7,27070.0,30704.4
DELHI-HYDERABAD,Premium Economy,15,27070.0,30704.4
DELHI-HYDERABAD,Premium Economy,30,27070.0,30704.4
DELHI-HYDERABAD,Premium Economy,45,27070.0,30704.4
DELHI-PUNE,Premium Economy,1,27500.0,31186.000000000004
DELHI-PUNE,Premium Economy,7,27500.0,31186.000000000004
DELHI-PUNE,Premium Economy,15,27500.0,31186.000000000004
DELHI-PUNE,Premium Economy,30,27500.0,31186.000000000004
DELHI-PUNE,Premium Economy,45,27500.0,31186.000000000004
BENGALURU-MUMBAI,Business,1,50825.0,57510.00000000001
BENGALURU-MUMBAI,Business,7,50825.0,57510.00000000001
BENGALURU-MUMBAI,Business,15,50825.0,57510.00000000001
BENGALURU-MUMBAI,Business,30,50825.0,57510.00000000001
BENGALURU-MUMBAI,Business,45,50825.0,57510.00000000001
BENGALURU-DELHI,Business,1,71495.0,80660.40000000001
BENGALURU-DELHI,Business,7,71495.0,80660.40000000001
BENGALURU-DELHI,Business,15,71495.0,80660.40000000001
BENGALURU-DELHI,Business,30,71495.0,80660.40000000001
BENGALURU-DELHI,Business,45,71495.0,80660.40000000001
DELHI-MUMBAI,Business,1,55715.0,62786.8
DELHI-MUMBAI,Business,7,55715.0,62786.8
DELHI-MUMBAI,Business,15,55715.0,62786.8
DELHI-MUMBAI,Business,30,55715.0,62786.8
DELHI-MUMBAI,Business,45,55715.0,62786.8
DELHI-HYDERABAD,Business,1,55765.0,62842.8
DELHI-HYDERABAD,Business,7,55765.0,62842.8
DELHI-HYDERABAD,Business,15,55765.0,62842.8
DELHI-HYDERABAD,Business,30,55765.0,62842.8
DELHI-HYDERABAD,Business,45,55765.0,62842.8
DELHI-PUNE,Business,1,56885.0,64097.2
DELHI-PUNE,Business,7,56885.0,64097.2
DELHI-PUNE,Business,15,56885.0,64097.2
DELHI-PUNE,Business,30,56885.0,64097.2
DELHI-PUNE,Business,45,56885.0,64097.2
